cat,query,relations,entities
Aggregation-count Query,Could you provide the total number of UBahnhof in Großer Kuhwall?,['UBahnhof'],['Großer Kuhwall']
Aggregation-count Query,Could you please enumerate the number of WFlaechen in Neue Wache?,['WFlaechen'],['Neue Wache']
Aggregation-count Query,I am looking for the overall number of strassen in Havel.,['strassen'],['Havel']
Aggregation-count Query,Kindly provide me with the count of Landstrassen in Rehwiese.,['Landstrassen'],['Rehwiese']
Aggregation-count Query,Can you inform me about the number of RBahn in Marstall?,['RBahn'],['Marstall']
Aggregation-count Query,Is it possible to obtain the overall count of UBahn in Villa Borsig?,['UBahn'],['Villa Borsig']
Aggregation-count Query,Please advise me on the total count of road in Lietzensee.,['road'],['Lietzensee']
Aggregation-count Query,Could you enumerate the aggregate number of WFlaechen in Tempodrom?,['WFlaechen'],['Tempodrom']
Aggregation-count Query,How many SBahn pass through Eiswerder?,['SBahn'],['Eiswerder']
Aggregation-count Query,Could you tell me the count of Flaechen in Universitäts-Bibliothek?,['Flaechen'],['Universitäts-Bibliothek']
Aggregation-count Query,Can you provide the count of Landstrassen2 in Messelpark?,['Landstrassen2'],['Messelpark']
Aggregation-count Query,Can you inform me about the count of road in Hundekehlesee?,['road'],['Hundekehlesee']
Aggregation-count Query,What is the tally of OrteCity in Volkspark Schönholzer Heide?,['OrteCity'],['Volkspark Schönholzer Heide']
Aggregation-count Query,Can you provide the count of Kneipen in Gedenkstätte Plötzensee?,['Kneipen'],['Gedenkstätte Plötzensee']
Aggregation-count Query,Could you furnish me with the aggregate number of Kneipen in Heinrich-Lassen-Park?,['Kneipen'],['Heinrich-Lassen-Park']
Aggregation-count Query,Kindly provide me with the total count of WFlaechen in Marheinekehalle.,['WFlaechen'],['Marheinekehalle']
Aggregation-count Query,Could you enumerate the aggregate number of RBahn in Bezirksamt Kreuzberg?,['RBahn'],['Bezirksamt Kreuzberg']
Aggregation-count Query,How many Sehenswuerdreg runs through the Warburgzeile?,['Sehenswuerdreg'],['Warburgzeile']
Aggregation-count Query,Could you inform me about the number of RBahnhof in Schloßpark Köpenick?,['RBahnhof'],['Schloßpark Köpenick']
Aggregation-count Query,Can you inform me about the count of Faehren in each region of Sehenswuerdreg?,"['Faehren', 'Sehenswuerdreg']",[]
Aggregation-count Query,Could you tell me the total number of Restaurants in Grunewaldsee?,['Restaurants'],['Grunewaldsee']
Aggregation-count Query,Could you provide the total number of poi in Thielpark?,['poi'],['Thielpark']
Aggregation-count Query,Could you please provide the total number of PLZBoundaries in Schloßpark Lichterfelde?,['PLZBoundaries'],['Schloßpark Lichterfelde']
Aggregation-count Query,What is the tally of RBahnhof in Schloß Bellevue?,['RBahnhof'],['Schloß Bellevue']
Aggregation-count Query,Could you furnish me with the aggregate number of poi in Waldeckpark?,['poi'],['Waldeckpark']
Aggregation-count Query,I am looking for the total number of RBahn in Volkspark Rehberge.,['RBahn'],['Volkspark Rehberge']
Aggregation-count Query,Kindly provide me with the overall number of RBahn in Pichelssee.,['RBahn'],['Pichelssee']
Aggregation-count Query,Can you inform me about the number of Sehenswuerdreg in Berlin-Museum?,['Sehenswuerdreg'],['Berlin-Museum']
Aggregation-count Query,How many SBahn pass by Zyankali Bar?,['SBahn'],['Zyankali Bar']
Aggregation-count Query,Can you inform me about the number of WFlaechen in Havel?,['WFlaechen'],['Havel']
Aggregation-count Query,Could you tell me the quantity of RBahn in Berliner Forst Tegel?,['RBahn'],['Berliner Forst Tegel']
Aggregation-count Query,Can you inform me about the number of SBahnhof in Messelpark?,['SBahnhof'],['Messelpark']
Aggregation-count Query,Could you provide the quantity of Restaurants in Gosener Kanal?,['Restaurants'],['Gosener Kanal']
Aggregation-count Query,Count the total number of UBahn in Westhafen.,['UBahn'],['Westhafen']
Aggregation-count Query,How many Flaechen runs through the Stadtbibliothek?,['Flaechen'],['Stadtbibliothek']
Aggregation-count Query,I would like to know the aggregate number of strassen in Berliner Stadtforst Köpenick.,['strassen'],['Berliner Stadtforst Köpenick']
Aggregation-count Query,Could you please advise me on the total count of Sehenswuerdreg in Heinrich-Lassen-Park?,['Sehenswuerdreg'],['Heinrich-Lassen-Park']
Aggregation-count Query,How many Flaechen goes through the Zähringerstr.?,['Flaechen'],['Zähringerstr.']
Aggregation-count Query,Count the number of Sehenswuerdreg in Werner-von-Siemens-Park.,['Sehenswuerdreg'],['Werner-von-Siemens-Park']
Aggregation-count Query,What is the count of Flaechen in Butzer See?,['Flaechen'],['Butzer See']
Aggregation-count Query,Please advise me on the total count of WStrassen in Krankenhaus Neukölln.,['WStrassen'],['Krankenhaus Neukölln']
Aggregation-count Query,Could you inform me about the quantity of Flaechen in Bäkepark?,['Flaechen'],['Bäkepark']
Aggregation-count Query,Could you tell me the total number of UBahnhof in Monbijoupark?,['UBahnhof'],['Monbijoupark']
Aggregation-count Query,Can you tell me the number of RBahnhof in Lilienthalpark?,['RBahnhof'],['Lilienthalpark']
Aggregation-count Query,Kindly inform me about the overall number of WFlaechen in Messelpark.,['WFlaechen'],['Messelpark']
Aggregation-count Query,How many strassen pass by Insel der Jugend?,['strassen'],['Insel der Jugend']
Aggregation-count Query,I am interested in the aggregate count of poi in Kapellenberg.,['poi'],['Kapellenberg']
Aggregation-count Query,Can you inform me about the number of WFlaechen in Schloß Bellevue?,['WFlaechen'],['Schloß Bellevue']
Aggregation-count Query,How many Flaechen does the Glockenblumenweg flow through?,['Flaechen'],['Glockenblumenweg']
Aggregation-count Query,Could you provide the total number of road in Finkenpark?,['road'],['Finkenpark']
Aggregation-count Query,Could you please furnish me with the total number of UBahn in Dahme?,['UBahn'],['Dahme']
Aggregation-count Query,Could you provide the total number of Sehenswuerdpoi2 in Sacrower Lanke?,['Sehenswuerdpoi2'],['Sacrower Lanke']
Aggregation-count Query,Kindly inform me about the overall number of Sehenswuerdpoi in Stadtbibliothek.,['Sehenswuerdpoi'],['Stadtbibliothek']
Aggregation-count Query,Kindly provide me with the total count of Sehenswuerdpoi2 in Badesee Arkenberge.,['Sehenswuerdpoi2'],['Badesee Arkenberge']
Aggregation-count Query,I would like to know the overall number of Kinos in Hufeisensiedlung.,['Kinos'],['Hufeisensiedlung']
Aggregation-count Query,What is the count of Landstrassen2 in Philharmonie?,['Landstrassen2'],['Philharmonie']
Aggregation-count Query,I would like to know the number of Flaechen in Archenhold-Sternwarte.,['Flaechen'],['Archenhold-Sternwarte']
Aggregation-count Query,Can you inform me about the count of Kinos in Klare Lanke?,['Kinos'],['Klare Lanke']
Aggregation-count Query,Kindly inform me about the aggregate number of Sehenswuerdpoi2 in Museum für Verkehr und Technik.,['Sehenswuerdpoi2'],['Museum für Verkehr und Technik']
Aggregation-count Query,How many RBahnhof does the Str. des Friedens (Luckenwalde) flow through?,['RBahnhof'],['Str. des Friedens (Luckenwalde)']
Aggregation-count Query,Could you please inform me about the aggregate number of Kinos in Europa-Center?,['Kinos'],['Europa-Center']
Aggregation-count Query,What is the total count of RBahn in Der Obersee?,['RBahn'],['Der Obersee']
Aggregation-count Query,How many Sehenswuerdreg does the RE3 go through?,['Sehenswuerdreg'],['RE3']
Aggregation-count Query,How many Flaechen pass by Messelpark?,['Flaechen'],['Messelpark']
Aggregation-count Query,Can you inform me about the count of WFlaechen in each region of Sehenswuerdreg?,"['WFlaechen', 'Sehenswuerdreg']",[]
Aggregation-count Query,Could you enumerate the number of Orte2 in Jungfernheideteich?,['Orte2'],['Jungfernheideteich']
Aggregation-count Query,Could you please enumerate the number of Landstrassen in SEZ?,['Landstrassen'],['SEZ']
Aggregation-count Query,What is the total count of SBahn in Bosepark?,['SBahn'],['Bosepark']
Aggregation-count Query,Kindly provide me with the count of Kinos in Baerwaldstr..,['Kinos'],['Baerwaldstr.']
Aggregation-count Query,Could you give me the total number of RBahn in Sowjetisches Ehrenmal (Treptower Park)?,['RBahn'],['Sowjetisches Ehrenmal (Treptower Park)']
Aggregation-count Query,Kindly provide me with the overall number of WFlaechen in Pichelssee.,['WFlaechen'],['Pichelssee']
Aggregation-count Query,Could you give me the total number of Sehenswuerdpoi2 in Berliner Stadtforst Köpenick?,['Sehenswuerdpoi2'],['Berliner Stadtforst Köpenick']
Aggregation-count Query,List the total number of Wasserumland2 in Freizeit- und Erholungszentrum (FEZ).,['Wasserumland2'],['Freizeit- und Erholungszentrum (FEZ)']
Aggregation-count Query,Could you tell me the count of Flaechen in Jürgenlanke?,['Flaechen'],['Jürgenlanke']
Aggregation-count Query,How many Flaechen goes through the Die Banke?,['Flaechen'],['Die Banke']
Aggregation-count Query,Can you provide the count of WFlaechen in Schlachtensee?,['WFlaechen'],['Schlachtensee']
Aggregation-count Query,I would like to know the count of Landstrassen in Ernst-Thälmann-Park.,['Landstrassen'],['Ernst-Thälmann-Park']
Aggregation-count Query,I am interested in the aggregate count of Sehenswuerdpoi2 in Dahme.,['Sehenswuerdpoi2'],['Dahme']
Aggregation-count Query,Kindly provide me with the overall number of WFlaechen in Fennsee.,['WFlaechen'],['Fennsee']
Aggregation-count Query,Could you inform me about the number of Plaetze in Habermannsee?,['Plaetze'],['Habermannsee']
Aggregation-count Query,Could you enumerate the number of Sehenswuerdreg in Palast der Republik?,['Sehenswuerdreg'],['Palast der Republik']
Aggregation-count Query,How many Flaechen does the RE3 run through?,['Flaechen'],['RE3']
Aggregation-count Query,Could you please tell me the count of WFlaechen in Preußenpark?,['WFlaechen'],['Preußenpark']
Aggregation-count Query,What is the tally of strassen in Eisenbahn-Markthalle?,['strassen'],['Eisenbahn-Markthalle']
Aggregation-count Query,Calculate the number of point in Restaurants.,['Restaurants'],[]
Aggregation-count Query,Could you inform me about the quantity of Sehenswuerdpoi in Messelpark?,['Sehenswuerdpoi'],['Messelpark']
Aggregation-count Query,Count the number of Sehenswuerdreg in Thielpark.,['Sehenswuerdreg'],['Thielpark']
Aggregation-count Query,How many OrteCity pass through Schloßpark Lichterfelde?,['OrteCity'],['Schloßpark Lichterfelde']
Aggregation-count Query,Please advise me on the count of Restaurants in Wuhlheide (Volkspark und FEZ).,['Restaurants'],['Wuhlheide (Volkspark und FEZ)']
Aggregation-count Query,What is the count of WFlaechen in Charité-Krankenhaus?,['WFlaechen'],['Charité-Krankenhaus']
Aggregation-count Query,Can you provide the number of WFlaechen in DRK-Klinikum Westend?,['WFlaechen'],['DRK-Klinikum Westend']
Aggregation-count Query,Is it possible to obtain the count of Faehren in Volkspark Humboldthain?,['Faehren'],['Volkspark Humboldthain']
Aggregation-count Query,Can you provide the number of WStrassen in Museum für Verkehr und Technik?,['WStrassen'],['Museum für Verkehr und Technik']
Aggregation-count Query,Can you tell me the number of RBahnhof in Französischer Dom?,['RBahnhof'],['Französischer Dom']
Aggregation-count Query,I am interested in the aggregate count of Flaechen in Landschaftspark Wuhletal.,['Flaechen'],['Landschaftspark Wuhletal']
Aggregation-count Query,Please advise me on the number of UBahn in Koenigssee.,['UBahn'],['Koenigssee']
Aggregation-count Query,Could you please enumerate the number of Orte2 in SEZ?,['Orte2'],['SEZ']
Aggregation-count Query,List the total count of WStrassen in Waldbühne.,['WStrassen'],['Waldbühne']
Aggregation-count Query,Could you give me the total number of WStrassen in Schmöckwitzer Werder?,['WStrassen'],['Schmöckwitzer Werder']
Aggregation-count Query,Could you provide the number of Landstrassen in Thomashöhe?,['Landstrassen'],['Thomashöhe']
Aggregation-count Query,How many Sehenswuerdreg pass by Teltowkanal?,['Sehenswuerdreg'],['Teltowkanal']
Aggregation-count Query,How many SBahn flows through the Wuhlebecken?,['SBahn'],['Wuhlebecken']
Aggregation-count Query,Provide the count of Plaetze in Kleiner Kuhwall.,['Plaetze'],['Kleiner Kuhwall']
Aggregation-count Query,Could you tell me the count of WFlaechen in Hochmeisterplatz?,['WFlaechen'],['Hochmeisterplatz']
Aggregation-count Query,I am interested in the aggregate count of UBahnhof in Schloß Glienicke.,['UBahnhof'],['Schloß Glienicke']
Aggregation-count Query,Can you inform me about the number of WFlaechen in Barssee?,['WFlaechen'],['Barssee']
Aggregation-count Query,How many WFlaechen does the An der Rudower Höhe flow through?,['WFlaechen'],['An der Rudower Höhe']
Aggregation-count Query,How many Sehenswuerdreg on the Universitätsklinikum Rudolf Virchow?,['Sehenswuerdreg'],['Universitätsklinikum Rudolf Virchow']
Aggregation-count Query,Can you inform me about the count of SBahnhof in each region of Sehenswuerdreg?,"['SBahnhof', 'Sehenswuerdreg']",[]
Aggregation-count Query,Please advise me on the count of SBahnhof in NSG.,['SBahnhof'],['NSG']
Aggregation-count Query,What is the quantity of SBahn in Zitadelle?,['SBahn'],['Zitadelle']
Aggregation-count Query,Provide the count of SBahnhof in Spree.,['SBahnhof'],['Spree']
Aggregation-count Query,Could you inform me about the count of Sehenswuerdpoi2 in Schloß Bellevue?,['Sehenswuerdpoi2'],['Schloß Bellevue']
Aggregation-count Query,Kindly inform me about the aggregate count of Orte2 in DRK-Klinikum Westend.,['Orte2'],['DRK-Klinikum Westend']
Aggregation-count Query,How many Kneipen does the Kölpinsee go through?,['Kneipen'],['Kölpinsee']
Aggregation-count Query,Please advise me on the aggregate number of SBahn in Kleiner Müggelsee.,['SBahn'],['Kleiner Müggelsee']
Aggregation-count Query,Could you please provide me with the total count of Kneipen in Palast der Republik?,['Kneipen'],['Palast der Republik']
Aggregation-count Query,Count the number of Landstrassen2 in Koenigssee.,['Landstrassen2'],['Koenigssee']
Aggregation-count Query,Could you provide the count of poi in Rathaus Charlottenburg?,['poi'],['Rathaus Charlottenburg']
Aggregation-count Query,Could you please enumerate the number of WFlaechen in Alter Spreearm?,['WFlaechen'],['Alter Spreearm']
Aggregation-count Query,Could you inform me about the total number of Kinos in Malchower See?,['Kinos'],['Malchower See']
Aggregation-count Query,I am interested in the aggregate count of SBahnhof in Renaissance-Theater.,['SBahnhof'],['Renaissance-Theater']
Aggregation-count Query,Could you please advise me on the total count of OrteCity in St.-Josef-Krankenhaus?,['OrteCity'],['St.-Josef-Krankenhaus']
Aggregation-count Query,Could you tell me the count of road in Max-Schmelling-Halle?,['road'],['Max-Schmelling-Halle']
Aggregation-count Query,I would like to know the aggregate count of Kinos in Ägyptisches Museum.,['Kinos'],['Ägyptisches Museum']
Aggregation-count Query,Could you inform me about the count of Landstrassen2 in Abtei Zenner?,['Landstrassen2'],['Abtei Zenner']
Aggregation-count Query,How many Plaetze on the Roedenbecksteig?,['Plaetze'],['Roedenbecksteig']
Aggregation-count Query,Could you please inform me about the aggregate number of Flaechen in Berliner Dom?,['Flaechen'],['Berliner Dom']
Aggregation-count Query,List the total count of Landstrassen2 in Jungfernheide.,['Landstrassen2'],['Jungfernheide']
Aggregation-count Query,Provide the count of Sehenswuerdreg in Holländisches Viertel.,['Sehenswuerdreg'],['Holländisches Viertel']
Aggregation-count Query,Could you provide the quantity of Sehenswuerdreg in Fischtalpark?,['Sehenswuerdreg'],['Fischtalpark']
Aggregation-count Query,Could you provide the number of Kinos in Rathaus Schöneberg?,['Kinos'],['Rathaus Schöneberg']
Aggregation-count Query,Could you give me the total number of Landstrassen2 in Lietzenseepark?,['Landstrassen2'],['Lietzenseepark']
Aggregation-count Query,Provide the count of Sehenswuerdreg in Viktoriapark.,['Sehenswuerdreg'],['Viktoriapark']
Aggregation-count Query,How many Faehren flows through the Bernau?,['Faehren'],['Bernau']
Aggregation-count Query,Please advise me on the number of poi in Palast der Republik.,['poi'],['Palast der Republik']
Aggregation-count Query,Is there a way to ascertain the total number of Faehren in Grimnitzsee?,['Faehren'],['Grimnitzsee']
Aggregation-count Query,Can you furnish me with the aggregate count of Flaechen in Pergamonmuseum?,['Flaechen'],['Pergamonmuseum']
Aggregation-count Query,I would like to know the count of SBahn in Lessinghöhe.,['SBahn'],['Lessinghöhe']
Aggregation-count Query,Provide the count of WFlaechen in Ruinenberg.,['WFlaechen'],['Ruinenberg']
Aggregation-count Query,How many Flaechen pass by Dippmannsdorf?,['Flaechen'],['Dippmannsdorf']
Aggregation-count Query,What is the count of Sehenswuerdpoi2 in Lilienthalpark?,['Sehenswuerdpoi2'],['Lilienthalpark']
Aggregation-count Query,I am interested in the overall number of Faehren in Ruinenberg.,['Faehren'],['Ruinenberg']
Aggregation-count Query,Is it possible to obtain the overall count of Flaechen in Humboldt-Universität?,['Flaechen'],['Humboldt-Universität']
Aggregation-count Query,Could you provide the number of Orte2 in Max-Schmelling-Halle?,['Orte2'],['Max-Schmelling-Halle']
Aggregation-count Query,Can you inform me about the count of UBahn in each region of Flaechen?,"['UBahn', 'Flaechen']",[]
Aggregation-count Query,Provide the number of RBahn in Volkspark Anton Saefkow.,['RBahn'],['Volkspark Anton Saefkow']
Aggregation-count Query,Please advise me on the aggregate number of Sehenswuerdreg in Kleiner Tiergarten.,['Sehenswuerdreg'],['Kleiner Tiergarten']
Aggregation-count Query,What is the count of road in Pichelssee?,['road'],['Pichelssee']
Aggregation-count Query,What is the total number of Kinos in Kanzleramt?,['Kinos'],['Kanzleramt']
Aggregation-count Query,Could you inform me about the count of road in Flughafen Tempelhof?,['road'],['Flughafen Tempelhof']
Aggregation-count Query,I would like to know the number of Flaechen in Haus Bethanien.,['Flaechen'],['Haus Bethanien']
Aggregation-count Query,I would like to know the aggregate count of UBahnhof in Maselake.,['UBahnhof'],['Maselake']
Aggregation-count Query,Could you please provide the total number of Kneipen in Havel?,['Kneipen'],['Havel']
Aggregation-count Query,How many Flaechen pass by Ägyptisches Museum?,['Flaechen'],['Ägyptisches Museum']
Aggregation-count Query,How many PLZBoundaries runs through the Lichtenberg?,['PLZBoundaries'],['Lichtenberg']
Aggregation-count Query,Kindly provide me with the count of RBahn in Preußenpark.,['RBahn'],['Preußenpark']
Aggregation-count Query,Kindly inform me about the overall number of Flaechen in Butzer See.,['Flaechen'],['Butzer See']
Aggregation-count Query,How many WStrassen pass through Havel?,['WStrassen'],['Havel']
Aggregation-count Query,How many poi goes through the Oderberger Str.?,['poi'],['Oderberger Str.']
Aggregation-count Query,Kindly inform me about the overall number of Flaechen in Jungfernheide.,['Flaechen'],['Jungfernheide']
Aggregation-count Query,Could you please furnish me with the total count of Flaechen in Scharfe Lanke?,['Flaechen'],['Scharfe Lanke']
Aggregation-count Query,How many Restaurants pass through Altstädter Ring?,['Restaurants'],['Altstädter Ring']
Aggregation-count Query,How many UBahnhof on the Fritz-Schloß-Park?,['UBahnhof'],['Fritz-Schloß-Park']
Aggregation-count Query,Could you inform me about the number of RBahn in Schlachtensee?,['RBahn'],['Schlachtensee']
Aggregation-count Query,Can you provide the count of WFlaechen in Museum für Naturkunde?,['WFlaechen'],['Museum für Naturkunde']
Aggregation-count Query,How many Flaechen pass by Greenwichpromenade?,['Flaechen'],['Greenwichpromenade']
Aggregation-count Query,I am looking for the count of Landstrassen in Potsdamer Platz Arkaden.,['Landstrassen'],['Potsdamer Platz Arkaden']
Aggregation-count Query,How many Flaechen does the Pannierstr. go through?,['Flaechen'],['Pannierstr.']
Aggregation-count Query,How many Landstrassen pass through Zingst?,['Landstrassen'],['Zingst']
Aggregation-count Query,Could you furnish me with the aggregate number of strassen in Henry-Ford-Bau (FU Berlin)?,['strassen'],['Henry-Ford-Bau (FU Berlin)']
Aggregation-count Query,Is there a way to ascertain the total number of Flaechen in Schmöckwitzer Werder?,['Flaechen'],['Schmöckwitzer Werder']
Aggregation-count Query,Could you please provide me with the aggregate count of Kinos in Schloß Britz?,['Kinos'],['Schloß Britz']
Aggregation-count Query,Please advise me on the total count of Sehenswuerdreg in Sony.,['Sehenswuerdreg'],['Sony']
Aggregation-count Query,How many Flaechen does the (Insel im Habermannsee) run through?,['Flaechen'],['(Insel im Habermannsee)']
Aggregation-count Query,Can you provide the count of Flaechen in Maienwerder?,['Flaechen'],['Maienwerder']
Aggregation-count Query,Can you tell me the number of PLZBoundaries in Wuhlheide?,['PLZBoundaries'],['Wuhlheide']
Aggregation-count Query,Provide the count of Sehenswuerdreg in Bauhaus-Archiv.,['Sehenswuerdreg'],['Bauhaus-Archiv']
Aggregation-count Query,I would like to know the aggregate count of WFlaechen in Schloßpark Niederschönhausen.,['WFlaechen'],['Schloßpark Niederschönhausen']
Aggregation-count Query,"How many Restaurants pass by RE3,RB63?",['Restaurants'],"['RE3,RB63']"
Aggregation-count Query,I am interested in the overall number of strassen in Schloßpark Lichterfelde.,['strassen'],['Schloßpark Lichterfelde']
Aggregation-count Query,What is the number of SBahnhof in Rotes Rathaus?,['SBahnhof'],['Rotes Rathaus']
Aggregation-count Query,Provide the number of SBahnhof in Gosener Kanal.,['SBahnhof'],['Gosener Kanal']
Aggregation-count Query,How many OrteCity pass by Pl@net?,['OrteCity'],['Pl@net']
Aggregation-count Query,Can you inform me about the count of SBahn in each region of Flaechen?,"['SBahn', 'Flaechen']",[]
Aggregation-count Query,Can you inform me about the count of road in each region of WFlaechen?,"['road', 'WFlaechen']",[]
Aggregation-count Query,How many Sehenswuerdreg are there in Dahme?,['Sehenswuerdreg'],['Dahme']
Aggregation-count Query,Could you inform me about the count of WStrassen in Eisenbahn-Markthalle?,['WStrassen'],['Eisenbahn-Markthalle']
Aggregation-count Query,I am interested in knowing the overall number of Flaechen in Hufeisensiedlung.,['Flaechen'],['Hufeisensiedlung']
Aggregation-count Query,Count the number of Flaechen in Berliner Stadtforst Köpenick.,['Flaechen'],['Berliner Stadtforst Köpenick']
Aggregation-count Query,Can you tell me the count of Wasserumland2 in Gedenkstätte Deutscher Widerstand?,['Wasserumland2'],['Gedenkstätte Deutscher Widerstand']
Aggregation-count Query,Could you please furnish me with the total count of Sehenswuerdpoi2 in Amerika-Gedenkbibliothek?,['Sehenswuerdpoi2'],['Amerika-Gedenkbibliothek']
Aggregation-count Query,Provide the number of Flaechen in Schloßgarten Charlottenburg.,['Flaechen'],['Schloßgarten Charlottenburg']
Aggregation-count Query,How many Kneipen on the Teufelssee?,['Kneipen'],['Teufelssee']
Aggregation-count Query,Count the number of strassen in Schloß Köpenick.,['strassen'],['Schloß Köpenick']
Aggregation-count Query,Can you tell me the number of WFlaechen in St.-Josef-Krankenhaus?,['WFlaechen'],['St.-Josef-Krankenhaus']
Aggregation-count Query,Kindly inform me about the total number of PLZBoundaries in Große Krampe.,['PLZBoundaries'],['Große Krampe']
Aggregation-count Query,How many strassen pass through Trebbus?,['strassen'],['Trebbus']
Aggregation-count Query,How many Plaetze goes through the Goethepark?,['Plaetze'],['Goethepark']
Aggregation-count Query,How many OrteCity on the Knobelsdorffstr.?,['OrteCity'],['Knobelsdorffstr.']
Aggregation-count Query,Count the number of Sehenswuerdpoi2 in Landschaftspark Wuhletal.,['Sehenswuerdpoi2'],['Landschaftspark Wuhletal']
Aggregation-count Query,How many SBahnhof does the Wangnitzsee run through?,['SBahnhof'],['Wangnitzsee']
Aggregation-count Query,Can you inform me about the count of Sehenswuerdreg in each region of Flaechen?,"['Sehenswuerdreg', 'Flaechen']",[]
Aggregation-count Query,Please advise me on the aggregate number of UBahn in Museum für Naturkunde.,['UBahn'],['Museum für Naturkunde']
Aggregation-count Query,Kindly inform me about the overall number of Sehenswuerdreg in Baerwaldstr..,['Sehenswuerdreg'],['Baerwaldstr.']
Aggregation-count Query,How many SBahnhof pass through Der Faule See?,['SBahnhof'],['Der Faule See']
Aggregation-count Query,I am interested in the aggregate count of OrteCity in Franckepark.,['OrteCity'],['Franckepark']
Aggregation-count Query,Can you tell me the quantity of Flaechen in Der Weiße See?,['Flaechen'],['Der Weiße See']
Aggregation-count Query,What is the total number of Plaetze in Hubertussee?,['Plaetze'],['Hubertussee']
Aggregation-count Query,What is the number of PLZBoundaries in Landschaftspark Wuhletal?,['PLZBoundaries'],['Landschaftspark Wuhletal']
Aggregation-count Query,Please advise me on the count of Flaechen in Rudolph-Wilde-Park.,['Flaechen'],['Rudolph-Wilde-Park']
Aggregation-count Query,Could you please enumerate the number of Flaechen in Martin-Gropius-Bau?,['Flaechen'],['Martin-Gropius-Bau']
Aggregation-count Query,How many Landstrassen pass by B189?,['Landstrassen'],['B189']
Aggregation-count Query,What is the number of Flaechen in Märkisches Museum?,['Flaechen'],['Märkisches Museum']
Aggregation-count Query,How many Restaurants pass through Badesee Arkenberge?,['Restaurants'],['Badesee Arkenberge']
Aggregation-count Query,Could you tell me the total number of strassen in East-Side-Gallery?,['strassen'],['East-Side-Gallery']
Aggregation-count Query,Could you inform me about the total number of Restaurants in Kleiner Müggelsee?,['Restaurants'],['Kleiner Müggelsee']
Aggregation-count Query,List the total number of SBahn in Der Insulaner.,['SBahn'],['Der Insulaner']
Aggregation-count Query,Could you provide the number of Flaechen in Gemeindepark Lankwitz?,['Flaechen'],['Gemeindepark Lankwitz']
Aggregation-count Query,Kindly inform me about the aggregate count of poi in Südhafen.,['poi'],['Südhafen']
Aggregation-count Query,Is it possible to obtain the overall count of Flaechen in Hochmeisterplatz?,['Flaechen'],['Hochmeisterplatz']
Aggregation-count Query,Kindly inform me about the overall number of Flaechen in Großer Wannsee.,['Flaechen'],['Großer Wannsee']
Aggregation-count Query,Can you furnish me with the aggregate count of strassen in Alter Spreearm?,['strassen'],['Alter Spreearm']
Aggregation-count Query,I am looking for the overall number of Sehenswuerdreg in Planetarium.,['Sehenswuerdreg'],['Planetarium']
Aggregation-count Query,Can you provide the number of WFlaechen in Europa-Center?,['WFlaechen'],['Europa-Center']
Aggregation-count Query,How many Sehenswuerdreg pass by U4?,['Sehenswuerdreg'],['U4']
Aggregation-count Query,How many Landstrassen on the Allee St. Exupéry?,['Landstrassen'],['Allee St. Exupéry']
Aggregation-count Query,What is the tally of Plaetze in Staatsbibliothek?,['Plaetze'],['Staatsbibliothek']
Aggregation-count Query,Calculate the number of line in strassen.,['strassen'],[]
Aggregation-count Query,Could you provide the count of strassen in Ägyptisches Museum?,['strassen'],['Ägyptisches Museum']
Aggregation-count Query,Could you inform me about the quantity of WStrassen in Velodrom (Berlin Arena)?,['WStrassen'],['Velodrom (Berlin Arena)']
Aggregation-count Query,Can you provide the number of Landstrassen2 in Körnerpark?,['Landstrassen2'],['Körnerpark']
Aggregation-count Query,Is it possible to obtain the count of Landstrassen in Zeughaus?,['Landstrassen'],['Zeughaus']
Aggregation-count Query,Kindly inform me about the total number of Kneipen in Waldbühne.,['Kneipen'],['Waldbühne']
Aggregation-count Query,Could you please furnish me with the total count of Sehenswuerdpoi2 in Zitadelle?,['Sehenswuerdpoi2'],['Zitadelle']
Aggregation-count Query,Can you inform me about the count of UBahn in each region of Sehenswuerdreg?,"['UBahn', 'Sehenswuerdreg']",[]
Aggregation-count Query,Is it possible to obtain the overall count of Sehenswuerdreg in Eissporthalle?,['Sehenswuerdreg'],['Eissporthalle']
Aggregation-count Query,Could you provide the total number of Sehenswuerdpoi2 in Park Babelsberg?,['Sehenswuerdpoi2'],['Park Babelsberg']
Aggregation-count Query,Can you provide the number of Sehenswuerdreg in Karpfenteich?,['Sehenswuerdreg'],['Karpfenteich']
Aggregation-count Query,What is the tally of Flaechen in Schloßpark Lichterfelde?,['Flaechen'],['Schloßpark Lichterfelde']
Aggregation-count Query,Could you inform me about the total number of WFlaechen in Luisenhain?,['WFlaechen'],['Luisenhain']
Aggregation-count Query,Could you please tell me the count of Flaechen in Volkspark Wilmersdorf?,['Flaechen'],['Volkspark Wilmersdorf']
Aggregation-count Query,Can you provide the count of PLZBoundaries in Westhafen?,['PLZBoundaries'],['Westhafen']
Aggregation-count Query,Could you please provide me with the aggregate count of Sehenswuerdreg in Buga-Gelände?,['Sehenswuerdreg'],['Buga-Gelände']
Aggregation-count Query,Could you give me the total number of Faehren in Ziegeleisee?,['Faehren'],['Ziegeleisee']
Aggregation-count Query,Could you give me the total number of Orte2 in Deutsches Theater?,['Orte2'],['Deutsches Theater']
Aggregation-count Query,What is the count of Kneipen in Monbijoupark?,['Kneipen'],['Monbijoupark']
Aggregation-count Query,Kindly inform me about the aggregate count of UBahnhof in Der Faule See.,['UBahnhof'],['Der Faule See']
Aggregation-count Query,I am interested in the overall number of strassen in Waldbühne.,['strassen'],['Waldbühne']
Aggregation-count Query,How many Plaetze pass by A Trane?,['Plaetze'],['A Trane']
Aggregation-count Query,Can you furnish me with the aggregate count of Sehenswuerdreg in Volkspark Wilmersdorf?,['Sehenswuerdreg'],['Volkspark Wilmersdorf']
Aggregation-count Query,Kindly provide me with the overall number of Wasserumland2 in Dianasee.,['Wasserumland2'],['Dianasee']
Aggregation-count Query,Can you provide the count of UBahnhof in Grunewaldsee?,['UBahnhof'],['Grunewaldsee']
Aggregation-count Query,How many Wasserumland2 are there in Körnerpark?,['Wasserumland2'],['Körnerpark']
Aggregation-count Query,I am interested in knowing the overall number of UBahnhof in Der Faule See.,['UBahnhof'],['Der Faule See']
Aggregation-count Query,Can you provide the count of Faehren in Alter Spreearm?,['Faehren'],['Alter Spreearm']
Aggregation-count Query,Kindly provide me with the total count of RBahn in Max-Schmelling-Halle.,['RBahn'],['Max-Schmelling-Halle']
Aggregation-count Query,I am looking for the count of Landstrassen2 in Komische Oper.,['Landstrassen2'],['Komische Oper']
Aggregation-count Query,How many WStrassen does the Otisstr. run through?,['WStrassen'],['Otisstr.']
Aggregation-count Query,Kindly inform me about the overall number of Kinos in Rotes Rathaus.,['Kinos'],['Rotes Rathaus']
Aggregation-count Query,Could you provide the total number of WFlaechen in Eisenbahn-Markthalle?,['WFlaechen'],['Eisenbahn-Markthalle']
Aggregation-count Query,How many WStrassen pass through Spree?,['WStrassen'],['Spree']
Aggregation-count Query,Could you please furnish me with the total number of Flaechen in Park Sanssouci?,['Flaechen'],['Park Sanssouci']
Aggregation-count Query,Kindly inform me about the aggregate number of strassen in Krossinsee.,['strassen'],['Krossinsee']
Aggregation-count Query,Can you tell me the quantity of Flaechen in Thielpark?,['Flaechen'],['Thielpark']
Aggregation-count Query,Kindly inform me about the aggregate count of Orte2 in Stadtbibliothek.,['Orte2'],['Stadtbibliothek']
Aggregation-count Query,Could you enumerate the aggregate number of UBahnhof in Hufeisensiedlung?,['UBahnhof'],['Hufeisensiedlung']
Aggregation-count Query,How many Flaechen on the Volkspark Jungfernheide?,['Flaechen'],['Volkspark Jungfernheide']
Aggregation-count Query,I am interested in the overall number of Flaechen in Philharmonie.,['Flaechen'],['Philharmonie']
Aggregation-count Query,How many Restaurants on the Winterfeldtstr.?,['Restaurants'],['Winterfeldtstr.']
Aggregation-count Query,Could you inform me about the total number of WStrassen in debis?,['WStrassen'],['debis']
Aggregation-count Query,Provide the count of Flaechen in Ernst-Thälmann-Park.,['Flaechen'],['Ernst-Thälmann-Park']
Aggregation-count Query,Please advise me on the total count of Flaechen in Der Insulaner.,['Flaechen'],['Der Insulaner']
Aggregation-count Query,Could you enumerate the aggregate number of Flaechen in Hauptgebäude der TU?,['Flaechen'],['Hauptgebäude der TU']
Aggregation-count Query,Can you provide the number of Kinos in Pergamonmuseum?,['Kinos'],['Pergamonmuseum']
Aggregation-count Query,Count the number of WFlaechen in Wuhlheide.,['WFlaechen'],['Wuhlheide']
Aggregation-count Query,Could you enumerate the number of UBahn in DRK-Klinikum Westend?,['UBahn'],['DRK-Klinikum Westend']
Aggregation-count Query,How many UBahn on the Stölpchenweg?,['UBahn'],['Stölpchenweg']
Aggregation-count Query,Could you please furnish me with the total number of Landstrassen in Schloß Friedrichsfelde?,['Landstrassen'],['Schloß Friedrichsfelde']
Aggregation-count Query,Could you enumerate the number of road in Volkspark Friedrichshain?,['road'],['Volkspark Friedrichshain']
Aggregation-count Query,Kindly inform me about the total number of Flaechen in Nikolassee.,['Flaechen'],['Nikolassee']
Aggregation-count Query,Please advise me on the aggregate number of WFlaechen in Jungfernheide.,['WFlaechen'],['Jungfernheide']
Aggregation-count Query,How many Plaetze pass by Herzberg|(Elster)?,['Plaetze'],['Herzberg|(Elster)']
Aggregation-count Query,Please advise me on the count of SBahnhof in Berliner Stadtforst Köpenick.,['SBahnhof'],['Berliner Stadtforst Köpenick']
Aggregation-count Query,Could you inform me about the number of SBahnhof in Volkspark Prenzlauer Berg?,['SBahnhof'],['Volkspark Prenzlauer Berg']
Aggregation-count Query,Could you provide the total number of RBahn in Haus Bethanien?,['RBahn'],['Haus Bethanien']
Aggregation-count Query,What is the quantity of Kneipen in Aquarium?,['Kneipen'],['Aquarium']
Aggregation-count Query,How many WStrassen intersects with Volkspark Schönholzer Heide?,['WStrassen'],['Volkspark Schönholzer Heide']
Aggregation-count Query,I am looking for the count of Restaurants in Neue Wache.,['Restaurants'],['Neue Wache']
Aggregation-count Query,How many road pass through Kirche St. Peter u. Paul?,['road'],['Kirche St. Peter u. Paul']
Aggregation-count Query,Could you enumerate the number of Faehren in Koenigssee?,['Faehren'],['Koenigssee']
Aggregation-count Query,I am interested in knowing the overall number of UBahnhof in Kleiner Müggelsee.,['UBahnhof'],['Kleiner Müggelsee']
Aggregation-count Query,Could you enumerate the number of Flaechen in Universitätsklinikum Rudolf Virchow?,['Flaechen'],['Universitätsklinikum Rudolf Virchow']
Aggregation-count Query,How many Flaechen runs through the Longxi Road?,['Flaechen'],['Longxi Road']
Aggregation-count Query,How many Sehenswuerdreg pass by Dongnan Road?,['Sehenswuerdreg'],['Dongnan Road']
Aggregation-count Query,Kindly provide me with the total count of Landstrassen in Luisenhain.,['Landstrassen'],['Luisenhain']
Aggregation-count Query,I am looking for the total number of Flaechen in Flughafen Tempelhof.,['Flaechen'],['Flughafen Tempelhof']
Aggregation-count Query,Could you tell me the count of Landstrassen in Schauspielhaus?,['Landstrassen'],['Schauspielhaus']
Aggregation-count Query,Could you please advise me on the total count of strassen in Freizeitpark Tegel?,['strassen'],['Freizeitpark Tegel']
Aggregation-count Query,I am interested in the overall number of Flaechen in Columbiahalle.,['Flaechen'],['Columbiahalle']
Aggregation-count Query,Could you provide the count of WFlaechen in Stadtpark Steglitz?,['WFlaechen'],['Stadtpark Steglitz']
Aggregation-count Query,Can you inform me about the count of WFlaechen in Stölpchensee?,['WFlaechen'],['Stölpchensee']
Aggregation-count Query,I am interested in the aggregate count of Landstrassen in Kanzleramt.,['Landstrassen'],['Kanzleramt']
Aggregation-count Query,Can you tell me the quantity of SBahn in Flughafen Tempelhof?,['SBahn'],['Flughafen Tempelhof']
Aggregation-count Query,Could you please enumerate the number of RBahnhof in Heinrich-Lassen-Park?,['RBahnhof'],['Heinrich-Lassen-Park']
Aggregation-count Query,How many Sehenswuerdreg on the Sanitz - Bad Sülze?,['Sehenswuerdreg'],['Sanitz - Bad Sülze']
Aggregation-count Query,Could you provide the count of Sehenswuerdpoi in Landschaftspark Wuhletal?,['Sehenswuerdpoi'],['Landschaftspark Wuhletal']
Aggregation-count Query,Kindly inform me about the aggregate count of Restaurants in Zoologischer Garten.,['Restaurants'],['Zoologischer Garten']
Aggregation-count Query,Could you enumerate the aggregate number of PLZBoundaries in Schloßpark Köpenick?,['PLZBoundaries'],['Schloßpark Köpenick']
Aggregation-count Query,Could you give me the total number of SBahn in KaDeWe?,['SBahn'],['KaDeWe']
Aggregation-count Query,Calculate the number of point in Sehenswuerdpoi.,['Sehenswuerdpoi'],[]
Aggregation-count Query,Please advise me on the number of Sehenswuerdpoi in Archenhold-Sternwarte.,['Sehenswuerdpoi'],['Archenhold-Sternwarte']
Aggregation-count Query,Calculate the number of point in UBahnhof.,['UBahnhof'],[]
Aggregation-count Query,Kindly provide me with the overall number of OrteCity in ehem. Luisenstädtischer Kanal.,['OrteCity'],['ehem. Luisenstädtischer Kanal']
Aggregation-count Query,Can you inform me about the count of Flaechen in each region of WFlaechen?,"['Flaechen', 'WFlaechen']",[]
Aggregation-count Query,Is there a way to ascertain the total number of UBahnhof in Marienhöhe?,['UBahnhof'],['Marienhöhe']
Aggregation-count Query,How many Orte2 pass by Schleusenkanal?,['Orte2'],['Schleusenkanal']
Aggregation-count Query,Can you provide the count of Flaechen in Valentinswerder?,['Flaechen'],['Valentinswerder']
Aggregation-count Query,How many Flaechen does the B87: Frankfurt - Lübben flow through?,['Flaechen'],['B87: Frankfurt - Lübben']
Aggregation-count Query,What is the total count of Flaechen in Jungfernheideteich?,['Flaechen'],['Jungfernheideteich']
Aggregation-count Query,Can you provide the number of WFlaechen in DRK-Klinikum Westend?,['WFlaechen'],['DRK-Klinikum Westend']
Aggregation-count Query,How many UBahn goes through the Paul-Löbe-Haus?,['UBahn'],['Paul-Löbe-Haus']
Aggregation-count Query,List the total number of Flaechen in Jungfernheide.,['Flaechen'],['Jungfernheide']
Aggregation-count Query,What is the quantity of Kinos in Berliner Forst Düppel?,['Kinos'],['Berliner Forst Düppel']
Aggregation-count Query,Kindly provide me with the total count of Plaetze in Palast der Republik.,['Plaetze'],['Palast der Republik']
Aggregation-count Query,Could you enumerate the aggregate number of Sehenswuerdreg in Eisenbahn-Markthalle?,['Sehenswuerdreg'],['Eisenbahn-Markthalle']
Aggregation-count Query,Please advise me on the count of PLZBoundaries in Berliner Stadtforst Köpenick.,['PLZBoundaries'],['Berliner Stadtforst Köpenick']
Aggregation-count Query,Kindly provide me with the count of WStrassen in Reichstag.,['WStrassen'],['Reichstag']
Aggregation-count Query,How many Restaurants pass by Sachsenhausen (Nordb)?,['Restaurants'],['Sachsenhausen (Nordb)']
Aggregation-count Query,How many Orte2 pass by Uebigau?,['Orte2'],['Uebigau']
Aggregation-count Query,What is the quantity of Flaechen in Forsthaus Nikolskoe?,['Flaechen'],['Forsthaus Nikolskoe']
Aggregation-count Query,Can you provide the number of Landstrassen2 in St. Hedwigs-Kathedrale?,['Landstrassen2'],['St. Hedwigs-Kathedrale']
Aggregation-count Query,I am interested in the overall number of Sehenswuerdreg in Großer Kuhwall.,['Sehenswuerdreg'],['Großer Kuhwall']
Aggregation-count Query,Can you provide the count of WFlaechen in ehem. Luisenstädtischer Kanal?,['WFlaechen'],['ehem. Luisenstädtischer Kanal']
Aggregation-count Query,Can you provide the count of Restaurants in Franckepark?,['Restaurants'],['Franckepark']
Aggregation-count Query,What is the total count of RBahn in Berliner Forst Tegel?,['RBahn'],['Berliner Forst Tegel']
Aggregation-count Query,I am looking for the total number of Flaechen in Malchower See.,['Flaechen'],['Malchower See']
Aggregation-count Query,Count the total number of SBahnhof in Jungfernheideteich.,['SBahnhof'],['Jungfernheideteich']
Aggregation-count Query,Could you please tell me the count of UBahn in Berliner Stadtforst Köpenick?,['UBahn'],['Berliner Stadtforst Köpenick']
Aggregation-count Query,Can you provide the number of WFlaechen in Körnerpark?,['WFlaechen'],['Körnerpark']
Aggregation-count Query,I would like to know the aggregate count of RBahn in Berliner Forst Spandau.,['RBahn'],['Berliner Forst Spandau']
Aggregation-count Query,I am interested in knowing the overall number of Restaurants in Schlachtensee.,['Restaurants'],['Schlachtensee']
Aggregation-count Query,Can you inform me about the number of SBahnhof in Marstall?,['SBahnhof'],['Marstall']
Aggregation-count Query,Could you please furnish me with the total count of WFlaechen in Schloß Britz?,['WFlaechen'],['Schloß Britz']
Aggregation-count Query,Could you provide the total number of Sehenswuerdreg in Berliner Stadtforst Köpenick?,['Sehenswuerdreg'],['Berliner Stadtforst Köpenick']
Aggregation-count Query,Kindly inform me about the aggregate count of UBahnhof in Ägyptisches Museum.,['UBahnhof'],['Ägyptisches Museum']
Aggregation-count Query,Kindly inform me about the aggregate count of Sehenswuerdreg in Kammergericht.,['Sehenswuerdreg'],['Kammergericht']
Aggregation-count Query,Could you please inform me about the aggregate number of Landstrassen in Fennsee?,['Landstrassen'],['Fennsee']
Aggregation-count Query,Is there a way to ascertain the total number of strassen in Park Babelsberg?,['strassen'],['Park Babelsberg']
Aggregation-count Query,What is the quantity of Sehenswuerdreg in Heiligensee?,['Sehenswuerdreg'],['Heiligensee']
Aggregation-count Query,Could you inform me about the total number of SBahn in Haus des Rundfunks?,['SBahn'],['Haus des Rundfunks']
Aggregation-count Query,Could you please provide me with the total count of UBahnhof in Große Krampe?,['UBahnhof'],['Große Krampe']
Aggregation-count Query,What is the number of WFlaechen in Sacrower Lanke?,['WFlaechen'],['Sacrower Lanke']
Aggregation-count Query,Could you provide the total number of RBahnhof in Lietzensee?,['RBahnhof'],['Lietzensee']
Aggregation-count Query,Could you inform me about the total number of Restaurants in Rehwiese?,['Restaurants'],['Rehwiese']
Aggregation-count Query,Can you provide the count of Flaechen in Kleiner Wannsee?,['Flaechen'],['Kleiner Wannsee']
Aggregation-count Query,Could you tell me the count of Restaurants in Großer Kuhwall?,['Restaurants'],['Großer Kuhwall']
Aggregation-count Query,Could you tell me the quantity of OrteCity in Abgeordnetenhaus?,['OrteCity'],['Abgeordnetenhaus']
Aggregation-count Query,Can you provide the count of strassen in Flughafen Tegel?,['strassen'],['Flughafen Tegel']
Aggregation-count Query,What is the total number of Faehren in Reichstag?,['Faehren'],['Reichstag']
Aggregation-count Query,Could you please inform me about the aggregate number of Sehenswuerdreg in Pergamonmuseum?,['Sehenswuerdreg'],['Pergamonmuseum']
Aggregation-count Query,Is it possible to obtain the count of Wasserumland2 in Schloßpark Köpenick?,['Wasserumland2'],['Schloßpark Köpenick']
Aggregation-count Query,Can you inform me about the count of UBahnhof in each region of Sehenswuerdreg?,"['UBahnhof', 'Sehenswuerdreg']",[]
Aggregation-count Query,Could you please provide me with the total count of Flaechen in Schmöckwitzer Werder?,['Flaechen'],['Schmöckwitzer Werder']
Aggregation-count Query,Could you please tell me the count of Sehenswuerdreg in Botanischer Garten?,['Sehenswuerdreg'],['Botanischer Garten']
Aggregation-count Query,List the total count of poi in Langer See (Dahme).,['poi'],['Langer See (Dahme)']
Aggregation-count Query,Could you provide the quantity of Wasserumland2 in Berliner Forst Düppel?,['Wasserumland2'],['Berliner Forst Düppel']
Aggregation-count Query,Could you please enumerate the number of WFlaechen in Böcklerpark?,['WFlaechen'],['Böcklerpark']
Aggregation-count Query,What is the tally of poi in Arena?,['poi'],['Arena']
Aggregation-count Query,Can you furnish me with the aggregate count of Sehenswuerdreg in Metropol?,['Sehenswuerdreg'],['Metropol']
Aggregation-count Query,How many Flaechen are there in Abgeordnetenhaus?,['Flaechen'],['Abgeordnetenhaus']
Aggregation-count Query,Could you furnish me with the aggregate number of WStrassen in Aalemannkanal?,['WStrassen'],['Aalemannkanal']
Aggregation-count Query,Calculate the number of point in Sehenswuerdpoi.,['Sehenswuerdpoi'],[]
Aggregation-count Query,What is the total number of Sehenswuerdreg in Schloßpark Lichterfelde?,['Sehenswuerdreg'],['Schloßpark Lichterfelde']
Aggregation-count Query,Count the number of road in Eiswerder.,['road'],['Eiswerder']
Aggregation-count Query,Could you please tell me the count of Faehren in Hasenheide?,['Faehren'],['Hasenheide']
Aggregation-count Query,Is there a way to ascertain the total number of Faehren in Flughafensee?,['Faehren'],['Flughafensee']
Aggregation-count Query,Kindly inform me about the total number of Plaetze in Gatower Heide.,['Plaetze'],['Gatower Heide']
Aggregation-count Query,What is the number of Sehenswuerdreg in Arena?,['Sehenswuerdreg'],['Arena']
Aggregation-count Query,Can you inform me about the number of Landstrassen2 in Spree?,['Landstrassen2'],['Spree']
Aggregation-count Query,Can you provide the count of Sehenswuerdpoi2 in Seddinsee?,['Sehenswuerdpoi2'],['Seddinsee']
Aggregation-count Query,Could you provide the number of WFlaechen in Neuer Garten?,['WFlaechen'],['Neuer Garten']
Aggregation-count Query,Could you provide the quantity of Orte2 in Aquarium?,['Orte2'],['Aquarium']
Aggregation-count Query,Provide the number of Plaetze in Berliner Stadtforst Köpenick.,['Plaetze'],['Berliner Stadtforst Köpenick']
Aggregation-count Query,Can you tell me the quantity of UBahnhof in Dahme?,['UBahnhof'],['Dahme']
Aggregation-count Query,How many Sehenswuerdreg are there in Landschaftspark Wuhletal (Biesdorfer Berg)?,['Sehenswuerdreg'],['Landschaftspark Wuhletal (Biesdorfer Berg)']
Aggregation-count Query,How many Flaechen goes through the Xingwu Road?,['Flaechen'],['Xingwu Road']
Aggregation-count Query,Could you inform me about the total number of Landstrassen2 in Dianasee?,['Landstrassen2'],['Dianasee']
Aggregation-count Query,How many WStrassen pass through Golm (Weinmeisterstr.)?,['WStrassen'],['Golm (Weinmeisterstr.)']
Aggregation-count Query,I would like to know the aggregate number of Flaechen in Wilhelm-Foerster-Sternwarte.,['Flaechen'],['Wilhelm-Foerster-Sternwarte']
Aggregation-count Query,Kindly provide me with the count of RBahnhof in Mendelssohn-Bartholdy-Park.,['RBahnhof'],['Mendelssohn-Bartholdy-Park']
Aggregation-count Query,Could you please furnish me with the total count of Plaetze in Schloß Glienicke?,['Plaetze'],['Schloß Glienicke']
Aggregation-count Query,Count the total number of OrteCity in Messelpark.,['OrteCity'],['Messelpark']
Aggregation-count Query,How many Flaechen does the Spreehagen - Hartmannsdorf flow through?,['Flaechen'],['Spreehagen - Hartmannsdorf']
Aggregation-count Query,Could you enumerate the number of UBahn in Tierpark Friedrichsfelde?,['UBahn'],['Tierpark Friedrichsfelde']
Aggregation-count Query,I am interested in the aggregate count of WFlaechen in Schloßpark Lichterfelde.,['WFlaechen'],['Schloßpark Lichterfelde']
Aggregation-count Query,Can you provide the count of Orte2 in Pichelsdorfer Gemünd?,['Orte2'],['Pichelsdorfer Gemünd']
Aggregation-count Query,How many Faehren runs through the Woblinsee?,['Faehren'],['Woblinsee']
Aggregation-count Query,Could you please tell me the count of SBahnhof in Neue Wache?,['SBahnhof'],['Neue Wache']
Aggregation-count Query,Could you provide the quantity of Landstrassen2 in Schloßpark Lichterfelde?,['Landstrassen2'],['Schloßpark Lichterfelde']
Aggregation-count Query,Can you inform me about the count of WStrassen in ehem. Luisenstädtischer Kanal?,['WStrassen'],['ehem. Luisenstädtischer Kanal']
Aggregation-count Query,Can you tell me the quantity of Landstrassen2 in Dämeritzsee?,['Landstrassen2'],['Dämeritzsee']
Aggregation-count Query,Could you provide the number of Wasserumland2 in Französischer Dom?,['Wasserumland2'],['Französischer Dom']
Aggregation-count Query,Could you inform me about the quantity of UBahn in Spree?,['UBahn'],['Spree']
Aggregation-count Query,I am looking for the count of Sehenswuerdpoi in Europa-Center.,['Sehenswuerdpoi'],['Europa-Center']
Aggregation-count Query,What is the quantity of SBahn in Bundesrat (?)?,['SBahn'],['Bundesrat (?)']
Aggregation-count Query,Could you please tell me the count of road in Deutsches Theater?,['road'],['Deutsches Theater']
Aggregation-count Query,Kindly provide me with the total count of OrteCity in Henry-Ford-Bau (FU Berlin).,['OrteCity'],['Henry-Ford-Bau (FU Berlin)']
Aggregation-count Query,What is the total count of UBahnhof in Görlitzer Park?,['UBahnhof'],['Görlitzer Park']
Aggregation-count Query,Could you please inform me about the aggregate number of Flaechen in Havel?,['Flaechen'],['Havel']
Aggregation-count Query,I would like to know the number of WFlaechen in Lessinghöhe.,['WFlaechen'],['Lessinghöhe']
Aggregation-count Query,Kindly provide me with the count of WFlaechen in Schloßpark Lichterfelde.,['WFlaechen'],['Schloßpark Lichterfelde']
Aggregation-count Query,Can you inform me about the number of Restaurants in Jungfernheide?,['Restaurants'],['Jungfernheide']
Aggregation-count Query,Can you provide the number of Flaechen in Prinz-Friedrich-Leopold-Kanal?,['Flaechen'],['Prinz-Friedrich-Leopold-Kanal']
Aggregation-count Query,Can you provide the number of UBahnhof in Brosepark?,['UBahnhof'],['Brosepark']
Aggregation-count Query,Kindly inform me about the total number of Flaechen in Karpfenteich.,['Flaechen'],['Karpfenteich']
Aggregation-count Query,How many PLZBoundaries intersects with Lietzenseepark?,['PLZBoundaries'],['Lietzenseepark']
Aggregation-count Query,Could you please enumerate the number of Landstrassen2 in Kanzleramt?,['Landstrassen2'],['Kanzleramt']
Aggregation-count Query,Kindly provide me with the overall number of Landstrassen in Haus Zenner.,['Landstrassen'],['Haus Zenner']
Aggregation-count Query,Count the number of OrteCity in Hasenheide.,['OrteCity'],['Hasenheide']
Aggregation-count Query,Can you furnish me with the aggregate count of Sehenswuerdpoi in Dammheide?,['Sehenswuerdpoi'],['Dammheide']
Aggregation-count Query,Could you provide the quantity of Restaurants in Deutschlandhalle?,['Restaurants'],['Deutschlandhalle']
Aggregation-count Query,How many Wasserumland2 pass by Mönchehof - Grenz?,['Wasserumland2'],['Mönchehof - Grenz']
Aggregation-count Query,Could you provide the number of SBahnhof in Gedenkstätte Deutscher Widerstand?,['SBahnhof'],['Gedenkstätte Deutscher Widerstand']
Aggregation-count Query,I am interested in the count of Flaechen in Berliner Forst Düppel.,['Flaechen'],['Berliner Forst Düppel']
Aggregation-count Query,I would like to know the number of Flaechen in NSG.,['Flaechen'],['NSG']
Aggregation-count Query,Kindly provide me with the total count of Flaechen in Maselakekanal.,['Flaechen'],['Maselakekanal']
Aggregation-count Query,Can you provide the count of WFlaechen in Volkspark Schönholzer Heide?,['WFlaechen'],['Volkspark Schönholzer Heide']
Aggregation-count Query,I am interested in the aggregate count of WFlaechen in Schloß Tegel (Humboldtschloß).,['WFlaechen'],['Schloß Tegel (Humboldtschloß)']
Aggregation-count Query,Could you give me the total number of WFlaechen in Görlitzer Park?,['WFlaechen'],['Görlitzer Park']
Aggregation-count Query,Please advise me on the count of SBahn in Kleiner Kuhwall.,['SBahn'],['Kleiner Kuhwall']
Aggregation-count Query,Can you furnish me with the aggregate count of UBahn in Deutschlandhalle?,['UBahn'],['Deutschlandhalle']
Aggregation-count Query,How many Plaetze does the Bock flow through?,['Plaetze'],['Bock']
Aggregation-count Query,Could you inform me about the count of Sehenswuerdreg in Rotes Rathaus?,['Sehenswuerdreg'],['Rotes Rathaus']
Aggregation-count Query,I would like to know the overall number of Flaechen in Renaissance-Theater.,['Flaechen'],['Renaissance-Theater']
Aggregation-count Query,Can you inform me about the count of Flaechen in Landschaftspark Wuhletal (Ahrensfelder Berge)?,['Flaechen'],['Landschaftspark Wuhletal (Ahrensfelder Berge)']
Aggregation-count Query,Can you provide the number of WFlaechen in Ruinenberg?,['WFlaechen'],['Ruinenberg']
Aggregation-count Query,How many Landstrassen does the Paretzer Str. run through?,['Landstrassen'],['Paretzer Str.']
Aggregation-count Query,What is the count of Sehenswuerdreg in Karpfenteich?,['Sehenswuerdreg'],['Karpfenteich']
Aggregation-count Query,Could you please inform me about the aggregate number of strassen in Freizeitpark Marienfelde?,['strassen'],['Freizeitpark Marienfelde']
Aggregation-count Query,Could you enumerate the number of SBahnhof in Messelpark?,['SBahnhof'],['Messelpark']
Aggregation-count Query,Calculate the number of line in SBahn.,['SBahn'],[]
Aggregation-count Query,How many UBahn goes through the Lehnin - Golzow?,['UBahn'],['Lehnin - Golzow']
Aggregation-count Query,Can you provide the number of Flaechen in Bezirksamt Kreuzberg?,['Flaechen'],['Bezirksamt Kreuzberg']
Aggregation-count Query,Could you tell me the quantity of RBahnhof in Schloß Köpenick?,['RBahnhof'],['Schloß Köpenick']
Aggregation-count Query,Can you tell me the number of WFlaechen in Volkspark Schönholzer Heide?,['WFlaechen'],['Volkspark Schönholzer Heide']
Aggregation-count Query,What is the total count of Landstrassen in Rotes Rathaus?,['Landstrassen'],['Rotes Rathaus']
Aggregation-count Query,Could you please furnish me with the total count of SBahn in Naturtheater Hasenheide?,['SBahn'],['Naturtheater Hasenheide']
Aggregation-count Query,What is the total number of Sehenswuerdreg in Theater des Westens?,['Sehenswuerdreg'],['Theater des Westens']
Aggregation-count Query,Could you tell me the quantity of poi in Villa Borsig?,['poi'],['Villa Borsig']
Aggregation-count Query,Could you inform me about the number of UBahn in Schillerpark?,['UBahn'],['Schillerpark']
Aggregation-count Query,What is the number of Landstrassen in Großer Wannsee?,['Landstrassen'],['Großer Wannsee']
Aggregation-count Query,How many WFlaechen on the ICC?,['WFlaechen'],['ICC']
Aggregation-count Query,Could you provide the total number of Restaurants in Prinz-Friedrich-Leopold-Kanal?,['Restaurants'],['Prinz-Friedrich-Leopold-Kanal']
Aggregation-count Query,Kindly provide me with the total count of RBahn in Kanzleramt.,['RBahn'],['Kanzleramt']
Aggregation-count Query,Can you provide the count of UBahnhof in Zeiss-Planetarium?,['UBahnhof'],['Zeiss-Planetarium']
Aggregation-count Query,How many WFlaechen pass by Großbeeren?,['WFlaechen'],['Großbeeren']
Aggregation-count Query,Can you furnish me with the aggregate count of Restaurants in Rotes Rathaus?,['Restaurants'],['Rotes Rathaus']
Aggregation-count Query,Provide the count of poi in Westhafen.,['poi'],['Westhafen']
Aggregation-count Query,How many SBahn intersects with Bezirksamt Kreuzberg?,['SBahn'],['Bezirksamt Kreuzberg']
Aggregation-count Query,Can you tell me the number of UBahnhof in Charité-Krankenhaus?,['UBahnhof'],['Charité-Krankenhaus']
Aggregation-count Query,Could you provide the count of Landstrassen in Jungfernbrücke?,['Landstrassen'],['Jungfernbrücke']
Aggregation-count Query,Could you please provide the total number of Flaechen in Lietzenseepark?,['Flaechen'],['Lietzenseepark']
Aggregation-count Query,Could you provide the count of Landstrassen2 in Grunewald?,['Landstrassen2'],['Grunewald']
Aggregation-count Query,Kindly provide me with the overall number of SBahn in Pechsee.,['SBahn'],['Pechsee']
Aggregation-count Query,How many Flaechen runs through the Eichhorst - Altenhof?,['Flaechen'],['Eichhorst - Altenhof']
Aggregation-count Query,How many Sehenswuerdreg are there in Thielpark?,['Sehenswuerdreg'],['Thielpark']
Aggregation-count Query,List the total number of road in Berliner Stadtforst Köpenick.,['road'],['Berliner Stadtforst Köpenick']
Aggregation-count Query,Could you please advise me on the total count of poi in Schmöckwitzer Werder?,['poi'],['Schmöckwitzer Werder']
Aggregation-count Query,Could you give me the total number of WFlaechen in Rehwiese?,['WFlaechen'],['Rehwiese']
Aggregation-count Query,Could you inform me about the total number of Sehenswuerdreg in Musical-Theater?,['Sehenswuerdreg'],['Musical-Theater']
Aggregation-count Query,I would like to know the number of RBahn in Märkisches Museum.,['RBahn'],['Märkisches Museum']
Aggregation-count Query,List the total count of Flaechen in Friedrchstadtpalast.,['Flaechen'],['Friedrchstadtpalast']
Aggregation-count Query,What is the total number of WStrassen in Krankenhaus Am Urban?,['WStrassen'],['Krankenhaus Am Urban']
Aggregation-count Query,How many Sehenswuerdreg does the Hanstedter Weg run through?,['Sehenswuerdreg'],['Hanstedter Weg']
Aggregation-count Query,Kindly provide me with the overall number of Plaetze in Deutsche Oper Berlin.,['Plaetze'],['Deutsche Oper Berlin']
Aggregation-count Query,Can you provide the number of Landstrassen in Schloß Friedrichsfelde?,['Landstrassen'],['Schloß Friedrichsfelde']
Aggregation-count Query,Could you please tell me the count of Kinos in Dianasee?,['Kinos'],['Dianasee']
Aggregation-count Query,I am interested in the aggregate count of Flaechen in Halensee.,['Flaechen'],['Halensee']
Aggregation-count Query,Could you please provide me with the total count of WStrassen in Treptower Park?,['WStrassen'],['Treptower Park']
Aggregation-count Query,Can you tell me the number of RBahnhof in Schlachtensee?,['RBahnhof'],['Schlachtensee']
Aggregation-count Query,Count the number of WFlaechen in Wilhelm-Foerster-Sternwarte.,['WFlaechen'],['Wilhelm-Foerster-Sternwarte']
Aggregation-count Query,Could you enumerate the aggregate number of road in Luisenhain?,['road'],['Luisenhain']
Aggregation-count Query,What is the count of Kinos in Griebnitzsee?,['Kinos'],['Griebnitzsee']
Aggregation-count Query,I am interested in knowing the overall number of UBahn in Tiergarten.,['UBahn'],['Tiergarten']
Aggregation-count Query,Can you tell me the number of Sehenswuerdreg in Akademie der Künste?,['Sehenswuerdreg'],['Akademie der Künste']
Aggregation-count Query,I am looking for the total number of Plaetze in Zitadelle.,['Plaetze'],['Zitadelle']
Aggregation-count Query,I am looking for the total number of RBahn in Stadtbibliothek.,['RBahn'],['Stadtbibliothek']
Aggregation-count Query,Can you inform me about the number of Sehenswuerdpoi2 in Deutschlandhalle?,['Sehenswuerdpoi2'],['Deutschlandhalle']
Aggregation-count Query,Could you enumerate the aggregate number of UBahn in Waldbühne?,['UBahn'],['Waldbühne']
Aggregation-count Query,Kindly provide me with the total count of Landstrassen2 in Insel der Jugend.,['Landstrassen2'],['Insel der Jugend']
Aggregation-count Query,I would like to know the aggregate count of Sehenswuerdreg in Velodrom (Berlin Arena).,['Sehenswuerdreg'],['Velodrom (Berlin Arena)']
Aggregation-count Query,Could you please provide the total number of Flaechen in Arena?,['Flaechen'],['Arena']
Aggregation-count Query,Could you please enumerate the number of WFlaechen in Der Insulaner?,['WFlaechen'],['Der Insulaner']
Aggregation-count Query,How many Landstrassen does the Wernsdorfer Str. go through?,['Landstrassen'],['Wernsdorfer Str.']
Aggregation-count Query,Could you please advise me on the total count of Landstrassen in Gedenkstätte Deutscher Widerstand?,['Landstrassen'],['Gedenkstätte Deutscher Widerstand']
Aggregation-count Query,Can you inform me about the number of Sehenswuerdpoi in Philharmonie?,['Sehenswuerdpoi'],['Philharmonie']
Aggregation-count Query,I would like to know the number of RBahn in Akademie der Künste.,['RBahn'],['Akademie der Künste']
Aggregation-count Query,Can you provide the number of Flaechen in Scharfenberg?,['Flaechen'],['Scharfenberg']
Aggregation-count Query,Count the total number of UBahnhof in Klinikum Benjamin Franklin.,['UBahnhof'],['Klinikum Benjamin Franklin']
Aggregation-count Query,Could you tell me the quantity of OrteCity in Lindwerder?,['OrteCity'],['Lindwerder']
Aggregation-count Query,Can you tell me the count of Flaechen in Nikolassee?,['Flaechen'],['Nikolassee']
Aggregation-count Query,List the count of WStrassen in Volkspark Schönholzer Heide.,['WStrassen'],['Volkspark Schönholzer Heide']
Aggregation-count Query,What is the number of WFlaechen in Freizeit- und Erholungszentrum (FEZ)?,['WFlaechen'],['Freizeit- und Erholungszentrum (FEZ)']
Aggregation-count Query,Could you please provide the total number of Wasserumland2 in Schmöckwitzer Werder?,['Wasserumland2'],['Schmöckwitzer Werder']
Aggregation-count Query,Is there a way to ascertain the total number of Landstrassen2 in (Insel im Habermannsee)?,['Landstrassen2'],['(Insel im Habermannsee)']
Aggregation-count Query,How many PLZBoundaries goes through the Heinrich-Mann-Allee (Potsdam)?,['PLZBoundaries'],['Heinrich-Mann-Allee (Potsdam)']
Aggregation-count Query,I would like to know the aggregate count of Sehenswuerdreg in Mittelheide.,['Sehenswuerdreg'],['Mittelheide']
Aggregation-count Query,Could you tell me the count of Sehenswuerdreg in Ernst-Thälmann-Park?,['Sehenswuerdreg'],['Ernst-Thälmann-Park']
Aggregation-count Query,How many road are there in Hauptgebäude der TU?,['road'],['Hauptgebäude der TU']
Aggregation-count Query,How many Sehenswuerdpoi2 pass by Pionierstr.?,['Sehenswuerdpoi2'],['Pionierstr.']
Aggregation-count Query,I would like to know the overall number of Sehenswuerdpoi in Spree.,['Sehenswuerdpoi'],['Spree']
Aggregation-count Query,Could you tell me the quantity of poi in Habermannsee?,['poi'],['Habermannsee']
Aggregation-count Query,Could you give me the total number of Flaechen in Wuhlheide?,['Flaechen'],['Wuhlheide']
Aggregation-count Query,Can you inform me about the count of RBahn in each region of WFlaechen?,"['RBahn', 'WFlaechen']",[]
Aggregation-count Query,Could you inform me about the number of poi in Kleiner Tiergarten?,['poi'],['Kleiner Tiergarten']
Aggregation-count Query,I am interested in the count of OrteCity in Schlachtensee.,['OrteCity'],['Schlachtensee']
Aggregation-count Query,Could you enumerate the aggregate number of Kinos in Flughafen Schönefeld?,['Kinos'],['Flughafen Schönefeld']
Aggregation-count Query,List the count of SBahnhof in Rehwiese.,['SBahnhof'],['Rehwiese']
Aggregation-count Query,Can you tell me the quantity of Sehenswuerdreg in Gosener Kanal?,['Sehenswuerdreg'],['Gosener Kanal']
Aggregation-count Query,How many SBahn does the Rustwerder run through?,['SBahn'],['Rustwerder']
Aggregation-count Query,Kindly inform me about the aggregate count of Landstrassen in Waldpark Steinberg.,['Landstrassen'],['Waldpark Steinberg']
Aggregation-count Query,Could you furnish me with the aggregate number of Sehenswuerdreg in Ägyptisches Museum?,['Sehenswuerdreg'],['Ägyptisches Museum']
Aggregation-count Query,Please advise me on the number of Sehenswuerdreg in Thielpark.,['Sehenswuerdreg'],['Thielpark']
Aggregation-count Query,List the count of Plaetze in Bellevuepark.,['Plaetze'],['Bellevuepark']
Aggregation-count Query,How many RBahn on the ICC?,['RBahn'],['ICC']
Aggregation-count Query,What is the tally of poi in Thomashöhe?,['poi'],['Thomashöhe']
Aggregation-count Query,Can you provide the number of Kinos in Schloß Tegel (Humboldtschloß)?,['Kinos'],['Schloß Tegel (Humboldtschloß)']
Aggregation-count Query,Calculate the number of region in WFlaechen.,['WFlaechen'],[]
Aggregation-count Query,Could you inform me about the quantity of WStrassen in Valentinswerder?,['WStrassen'],['Valentinswerder']
Aggregation-count Query,How many Sehenswuerdreg on the Osinow Dolny - Cedinya?,['Sehenswuerdreg'],['Osinow Dolny - Cedinya']
Aggregation-count Query,How many Sehenswuerdreg goes through the Thomashöhe?,['Sehenswuerdreg'],['Thomashöhe']
Aggregation-count Query,How many strassen pass by Tempelfelde - Gratze?,['strassen'],['Tempelfelde - Gratze']
Aggregation-count Query,How many WFlaechen does the Aue flow through?,['WFlaechen'],['Aue']
Aggregation-count Query,How many WFlaechen are there in Max-Schmelling-Halle?,['WFlaechen'],['Max-Schmelling-Halle']
Aggregation-count Query,Count the total number of WFlaechen in Körnerpark.,['WFlaechen'],['Körnerpark']
Aggregation-count Query,I am looking for the overall number of Landstrassen2 in Bellevuepark.,['Landstrassen2'],['Bellevuepark']
Aggregation-count Query,Please advise me on the total count of poi in Haus Bethanien.,['poi'],['Haus Bethanien']
Aggregation-count Query,Kindly provide me with the count of poi in Zeughaus.,['poi'],['Zeughaus']
Aggregation-max Query,Which Sehenswuerdreg has the most intersection points compared to others?,['Sehenswuerdreg'],[]
Aggregation-max Query,Which Landstrassen2 interchange experiences the highest amount of PLZBoundaries intersections?,"['Landstrassen2', 'PLZBoundaries']",[]
Aggregation-max Query,Which road junction experiences the highest amount of Landstrassen2 intersections?,"['road', 'Landstrassen2']",[]
Aggregation-max Query,Which Plaetze is crossed by the most number of Landstrassen?,"['Plaetze', 'Landstrassen']",[]
Aggregation-max Query,Which Flaechen encompasses the largest area at the intersection of Europa-Center?,['Flaechen'],['Europa-Center']
Aggregation-max Query,What WFlaechen offers the most Flaechen?,"['WFlaechen', 'Flaechen']",[]
Aggregation-max Query,Which Sehenswuerdreg has the most extensive intersection with Großer Wannsee?,['Sehenswuerdreg'],['Großer Wannsee']
Aggregation-max Query,Which Flaechen has the largest overlapping area with Die Banke?,['Flaechen'],['Die Banke']
Aggregation-max Query,Which Faehren junction experiences the highest amount of Landstrassen2 intersections?,"['Faehren', 'Landstrassen2']",[]
Aggregation-max Query,"Among Sehenswuerdreg, which one has the most extensive intersection with Die Banke?",['Sehenswuerdreg'],['Die Banke']
Aggregation-max Query,Which RBahn has the highest number of Holländerstr. crossing within its boundaries?,['RBahn'],['Holländerstr.']
Aggregation-max Query,Which Flaechen intersects the largest area with Columbiahalle?,['Flaechen'],['Columbiahalle']
Aggregation-max Query,Which Flaechen has the most extensive intersection with Alter Spreearm?,['Flaechen'],['Alter Spreearm']
Aggregation-max Query,Which WFlaechen intersects the largest area with Krossinsee?,['WFlaechen'],['Krossinsee']
Aggregation-max Query,Which Sehenswuerdreg encounters the highest number of crossing points for road?,"['Sehenswuerdreg', 'road']",[]
Aggregation-max Query,Which WFlaechen has the most extensive intersection with Deutsches Theater?,['WFlaechen'],['Deutsches Theater']
Aggregation-max Query,Among Sehenswuerdreg which one has the most WStrassen converging?,"['Sehenswuerdreg', 'WStrassen']",[]
Aggregation-max Query,Which WFlaechen overlaps the largest area with Der Obersee?,['WFlaechen'],['Der Obersee']
Aggregation-max Query,Which Flaechen has the greatest number of Faehren meeting within its premises?,"['Flaechen', 'Faehren']",[]
Aggregation-max Query,Among Flaechen which one has the most Faehren converging?,"['Flaechen', 'Faehren']",[]
Aggregation-max Query,"Which RBahn has the highest number of Ackerstr. (Mitte, Wedding) crossing within its boundaries?",['RBahn'],"['Ackerstr. (Mitte, Wedding)']"
Aggregation-max Query,Which Sehenswuerdreg has the highest number of Wasserumland2 crossing within its boundaries?,"['Sehenswuerdreg', 'Wasserumland2']",[]
Aggregation-max Query,Which WFlaechen has the most significant intersection with Max-Schmelling-Halle?,['WFlaechen'],['Max-Schmelling-Halle']
Aggregation-max Query,"Among Flaechen, which one has the most extensive intersection with Bezirksamt Kreuzberg?",['Flaechen'],['Bezirksamt Kreuzberg']
Aggregation-max Query,Which Sehenswuerdreg is crossed by the most number of Faehren?,"['Sehenswuerdreg', 'Faehren']",[]
Aggregation-max Query,Which Landstrassen has the most intersecting UBahn?,"['Landstrassen', 'UBahn']",[]
Aggregation-max Query,Which Sehenswuerdreg has the largest number of SBahn intersecting within its boundaries?,"['Sehenswuerdreg', 'SBahn']",[]
Aggregation-max Query,Which Flaechen has the most significant intersection with Thielpark?,['Flaechen'],['Thielpark']
Aggregation-max Query,Which SBahn junction experiences the highest amount of UBahn intersections?,"['SBahn', 'UBahn']",[]
Aggregation-max Query,"Among WFlaechen, which one has the greatest extent of intersection with Berliner Stadtforst Köpenick?",['WFlaechen'],['Berliner Stadtforst Köpenick']
Aggregation-max Query,Which WFlaechen has the most extensive intersection with Kammergericht?,['WFlaechen'],['Kammergericht']
Aggregation-max Query,Which Sehenswuerdreg range intersects the most extensive territory with Rummelsburger See?,['Sehenswuerdreg'],['Rummelsburger See']
Aggregation-max Query,"Among all Landstrassen, which one experiences the most intersections of roads?",['Landstrassen'],[]
Aggregation-max Query,"Among Sehenswuerdreg, which one has the greatest extent of intersection with Schloßpark Tegel?",['Sehenswuerdreg'],['Schloßpark Tegel']
Aggregation-max Query,What Flaechen offers the most WFlaechen?,"['Flaechen', 'WFlaechen']",[]
Aggregation-max Query,Which Sehenswuerdreg has the greatest number of SBahn meeting within its premises?,"['Sehenswuerdreg', 'SBahn']",[]
Aggregation-max Query,Which WFlaechen intersects the most extensive territory with Rotes Rathaus?,['WFlaechen'],['Rotes Rathaus']
Aggregation-max Query,Which WFlaechen has the most PLZBoundaries intersecting at its borders?,"['WFlaechen', 'PLZBoundaries']",[]
Aggregation-max Query,Which WFlaechen encompasses the largest area where Viktoriapark intersects?,['WFlaechen'],['Viktoriapark']
Aggregation-max Query,Which Sehenswuerdreg overlaps the largest territory with Waldpark Steinberg?,['Sehenswuerdreg'],['Waldpark Steinberg']
Aggregation-max Query,Which WFlaechen encompasses the largest area where Berliner Stadtforst Köpenick intersects?,['WFlaechen'],['Berliner Stadtforst Köpenick']
Aggregation-max Query,Which UBahnhof is crossed by the most number of RBahn?,"['UBahnhof', 'RBahn']",[]
Aggregation-max Query,"Among all PLZBoundaries, which one has the highest stream intersection density?",['PLZBoundaries'],[]
Aggregation-max Query,Which Sehenswuerdreg has the most extensive overlap with Krossinsee?,['Sehenswuerdreg'],['Krossinsee']
Aggregation-max Query,"Among WFlaechen, which one has the most substantial extent of intersection with Berliner Stadtforst Köpenick?",['WFlaechen'],['Berliner Stadtforst Köpenick']
Aggregation-max Query,Which WFlaechen has the most significant intersection with Spree?,['WFlaechen'],['Spree']
Aggregation-max Query,"Among all WFlaechen, which one has the largest overlapping territory with Schloß Glienicke?",['WFlaechen'],['Schloß Glienicke']
Aggregation-max Query,Which Flaechen encounters the highest number of crossing points for Wasserumland2?,"['Flaechen', 'Wasserumland2']",[]
Aggregation-max Query,What Sehenswuerdreg has the most WFlaechen?,"['Sehenswuerdreg', 'WFlaechen']",[]
Aggregation-max Query,"Among Flaechen, which one has the greatest extent of intersection with Schloß Tegel (Humboldtschloß)?",['Flaechen'],['Schloß Tegel (Humboldtschloß)']
Aggregation-max Query,In which WFlaechen can you find the most Sehenswuerdreg?,"['WFlaechen', 'Sehenswuerdreg']",[]
Aggregation-max Query,Which RBahn junction experiences the highest amount of Wasserumland2 intersections?,"['RBahn', 'Wasserumland2']",[]
Aggregation-max Query,What Flaechen offers the most Sehenswuerdreg?,"['Flaechen', 'Sehenswuerdreg']",[]
Aggregation-max Query,In which WFlaechen can you find the most Flaechen?,"['WFlaechen', 'Flaechen']",[]
Aggregation-max Query,Which Sehenswuerdreg intersects the most extensive territory with Landschaftspark Wuhletal (Biesdorfer Berg)?,['Sehenswuerdreg'],['Landschaftspark Wuhletal (Biesdorfer Berg)']
Aggregation-max Query,Which Sehenswuerdreg intersects the largest area with Messelpark?,['Sehenswuerdreg'],['Messelpark']
Aggregation-max Query,Which WFlaechen is crossed by the most number Faehren?,"['WFlaechen', 'Faehren']",[]
Aggregation-max Query,"Among all Landstrassen2, which one has the highest stream intersection density?",['Landstrassen2'],[]
Aggregation-max Query,Which Sehenswuerdreg range intersects the most extensive territory with Charité-Krankenhaus?,['Sehenswuerdreg'],['Charité-Krankenhaus']
Aggregation-max Query,Which Flaechen has the greatest number of WStrassen meeting within its premises?,"['Flaechen', 'WStrassen']",[]
Aggregation-max Query,Which Sehenswuerdreg intersects the most extensive territory with Tiergarten?,['Sehenswuerdreg'],['Tiergarten']
Aggregation-max Query,Which WFlaechen intersects the largest territory with Haus Bethanien?,['WFlaechen'],['Haus Bethanien']
Aggregation-max Query,Which WFlaechen is crossed by the most number of PLZBoundaries?,"['WFlaechen', 'PLZBoundaries']",[]
Aggregation-max Query,Which Flaechen intersects the largest area with Altes Museum?,['Flaechen'],['Altes Museum']
Aggregation-max Query,What Flaechen offers the most WFlaechen?,"['Flaechen', 'WFlaechen']",[]
Aggregation-max Query,Which Flaechen encompasses the most extensive area where Britzer Garten intersects?,['Flaechen'],['Britzer Garten']
Aggregation-max Query,"Among all WFlaechen, which one has the largest number of rivers and paths crossing one another?",['WFlaechen'],[]
Aggregation-max Query,Which WFlaechen overlaps the largest territory with Marienkirche?,['WFlaechen'],['Marienkirche']
Aggregation-max Query,Which UBahn has the most intersecting road?,"['UBahn', 'road']",[]
Aggregation-max Query,"Among all Sehenswuerdreg, which one has the most convergence of paths?",['Sehenswuerdreg'],[]
Aggregation-max Query,Which Flaechen has the most significant intersection with Friedrchstadtpalast?,['Flaechen'],['Friedrchstadtpalast']
Aggregation-max Query,"Among all Flaechen, which one experiences the most intersections of roads?",['Flaechen'],[]
Aggregation-max Query,"Among WFlaechen, which one has the most SBahn intersecting?","['WFlaechen', 'SBahn']",[]
Aggregation-max Query,Which Landstrassen interchange experiences the highest amount of UBahn intersections?,"['Landstrassen', 'UBahn']",[]
Aggregation-max Query,Which Sehenswuerdpoi is crossed by the most number of SBahn?,"['Sehenswuerdpoi', 'SBahn']",[]
Aggregation-max Query,Which WStrassen interchange has the largest number of PLZBoundaries intersecting within its boundaries?,"['WStrassen', 'PLZBoundaries']",[]
Aggregation-max Query,Which RBahnhof is crossed by the most number of Wasserumland2?,"['RBahnhof', 'Wasserumland2']",[]
Aggregation-max Query,Which WFlaechen has the most extensive intersection with Städtisches Krankenhaus Friedrichshain?,['WFlaechen'],['Städtisches Krankenhaus Friedrichshain']
Aggregation-max Query,Which Sehenswuerdreg overlaps the largest territory with Olympiastadion?,['Sehenswuerdreg'],['Olympiastadion']
Aggregation-max Query,Which Flaechen range intersects the most extensive territory with Park Sanssouci?,['Flaechen'],['Park Sanssouci']
Aggregation-max Query,Which WFlaechen is crossed by the most number of Landstrassen2?,"['WFlaechen', 'Landstrassen2']",[]
Aggregation-max Query,Which Sehenswuerdreg has the most intersecting road?,"['Sehenswuerdreg', 'road']",[]
Aggregation-max Query,Which Flaechen has the largest area of intersecting Stadtbibliothek?,['Flaechen'],['Stadtbibliothek']
Aggregation-max Query,Which Flaechen is crossed by the most number of strassen?,"['Flaechen', 'strassen']",[]
Aggregation-max Query,Which Flaechen has the most intersecting Faehren?,"['Flaechen', 'Faehren']",[]
Aggregation-max Query,Which Kneipen is crossed by the most number of road?,"['Kneipen', 'road']",[]
Aggregation-max Query,Which Plaetze has the greatest number of strassen crossing through it?,"['Plaetze', 'strassen']",[]
Aggregation-max Query,Which WFlaechen intersects the largest area with Schlesischer Busch?,['WFlaechen'],['Schlesischer Busch']
Aggregation-max Query,Which Sehenswuerdreg intersects the largest area with Freizeitpark Tegel?,['Sehenswuerdreg'],['Freizeitpark Tegel']
Aggregation-max Query,Which WFlaechen has the largest number of RBahn intersecting within its boundaries?,"['WFlaechen', 'RBahn']",[]
Aggregation-max Query,"Among Flaechen, which one has the most extensive intersection with Nikolassee?",['Flaechen'],['Nikolassee']
Aggregation-max Query,Which WFlaechen overlaps the largest area with Neue Nationalgalerie?,['WFlaechen'],['Neue Nationalgalerie']
Aggregation-max Query,"Among all Sehenswuerdreg, which one has the most convergence of paths?",['Sehenswuerdreg'],[]
Aggregation-max Query,What WFlaechen has the most Flaechen?,"['WFlaechen', 'Flaechen']",[]
Aggregation-max Query,Which Sehenswuerdreg has the most extensive overlap with Springpfuhl?,['Sehenswuerdreg'],['Springpfuhl']
Aggregation-max Query,Which WFlaechen has the most extensive intersection with Großer Wannsee?,['WFlaechen'],['Großer Wannsee']
Aggregation-max Query,Which WFlaechen range intersects the most extensive territory with Krummendammer Heide?,['WFlaechen'],['Krummendammer Heide']
Aggregation-max Query,Which WFlaechen overlaps the largest area with Lessinghöhe?,['WFlaechen'],['Lessinghöhe']
Aggregation-max Query,Which RBahnhof is crossed by the most number of WStrassen?,"['RBahnhof', 'WStrassen']",[]
Aggregation-max Query,"Among Wasserumland2, which one has the most trails intersecting at its corners?",['Wasserumland2'],[]
Aggregation-max Query,"Among Flaechen, which one has the most Wasserumland2 intersecting?","['Flaechen', 'Wasserumland2']",[]
Aggregation-max Query,"Among all strassen, which one has the highest stream intersection density?",['strassen'],[]
Aggregation-max Query,Which Flaechen encompasses the largest area where Messelpark intersects?,['Flaechen'],['Messelpark']
Aggregation-max Query,Which WFlaechen intersects the largest area with Gutspark Marienfelde?,['WFlaechen'],['Gutspark Marienfelde']
Aggregation-max Query,Which Flaechen has the most intersection points compared to others?,['Flaechen'],[]
Aggregation-max Query,"Among all Flaechen, which one experiences the most intersections of roads?",['Flaechen'],[]
Aggregation-max Query,Which Sehenswuerdreg reserve has the most significant overlap with Großer Wannsee?,['Sehenswuerdreg'],['Großer Wannsee']
Aggregation-max Query,Which Sehenswuerdreg overlaps the largest territory with Tierpark Friedrichsfelde?,['Sehenswuerdreg'],['Tierpark Friedrichsfelde']
Aggregation-max Query,Which Landstrassen2 junction has the largest number of Landstrassen intersecting within its boundaries?,"['Landstrassen2', 'Landstrassen']",[]
Aggregation-max Query,Which Sehenswuerdreg is crossed by the most number Landstrassen?,"['Sehenswuerdreg', 'Landstrassen']",[]
Aggregation-max Query,Which Sehenswuerdreg range intersects the most extensive territory with Martin-Gropius-Bau?,['Sehenswuerdreg'],['Martin-Gropius-Bau']
Aggregation-max Query,Which Flaechen has the most intersecting strassen?,"['Flaechen', 'strassen']",[]
Aggregation-max Query,"Among all PLZBoundaries, which one experiences the most intersections of roads?",['PLZBoundaries'],[]
Aggregation-max Query,Which Sehenswuerdreg has the largest number of road intersecting within its boundaries?,"['Sehenswuerdreg', 'road']",[]
Aggregation-max Query,Which WFlaechen encompasses the largest area where Bezirksamt Kreuzberg intersects?,['WFlaechen'],['Bezirksamt Kreuzberg']
Aggregation-max Query,Which Flaechen has the most extensive intersection with Alter Spreearm?,['Flaechen'],['Alter Spreearm']
Aggregation-max Query,"Among all UBahn, which one experiences the most intersections of roads?",['UBahn'],[]
Aggregation-max Query,Which Plaetze is crossed by the most number of Faehren?,"['Plaetze', 'Faehren']",[]
Aggregation-max Query,Which Sehenswuerdreg has the greatest number of Landstrassen meeting within its premises?,"['Sehenswuerdreg', 'Landstrassen']",[]
Aggregation-max Query,Which Restaurants has the greatest number of PLZBoundaries crossing through it?,"['Restaurants', 'PLZBoundaries']",[]
Aggregation-max Query,Which WFlaechen has the largest number of strassen intersecting within its boundaries?,"['WFlaechen', 'strassen']",[]
Aggregation-max Query,Which WFlaechen encompasses the most extensive area where Kleiner Wannsee intersects?,['WFlaechen'],['Kleiner Wannsee']
Aggregation-max Query,"Among Flaechen, which one has the most extensive intersection with Teltowkanal?",['Flaechen'],['Teltowkanal']
Aggregation-max Query,"Among Sehenswuerdreg, which one has the greatest extent of intersection with Park am Buschkrug?",['Sehenswuerdreg'],['Park am Buschkrug']
Aggregation-max Query,"Among WFlaechen, which one has the most strassen intersecting?","['WFlaechen', 'strassen']",[]
Aggregation-max Query,Which WFlaechen has the most extensive intersection with Hufeisensiedlung?,['WFlaechen'],['Hufeisensiedlung']
Aggregation-max Query,"Among all strassen, which one has the highest stream intersection density?",['strassen'],[]
Aggregation-max Query,Which WFlaechen has the highest number of SBahn crossing within its boundaries?,"['WFlaechen', 'SBahn']",[]
Aggregation-max Query,Which WFlaechen encompasses the largest area where Grimmstr. intersects?,['WFlaechen'],['Grimmstr.']
Aggregation-max Query,Which Faehren junction experiences the highest amount of Landstrassen2 intersections?,"['Faehren', 'Landstrassen2']",[]
Aggregation-max Query,Which WFlaechen overlaps the largest area with Schloßpark Niederschönhausen?,['WFlaechen'],['Schloßpark Niederschönhausen']
Aggregation-max Query,Which Sehenswuerdreg has the most intersection points compared to others?,['Sehenswuerdreg'],[]
Aggregation-max Query,Which WFlaechen has the most intersection points compared to others?,['WFlaechen'],[]
Aggregation-max Query,Which WFlaechen has the largest overlapping area with Universitäts-Bibliothek?,['WFlaechen'],['Universitäts-Bibliothek']
Aggregation-max Query,Which Sehenswuerdreg encompasses the largest area where Flughafen Tempelhof intersects?,['Sehenswuerdreg'],['Flughafen Tempelhof']
Aggregation-max Query,Which Sehenswuerdreg encompasses the largest area where Habermannsee intersects?,['Sehenswuerdreg'],['Habermannsee']
Aggregation-max Query,Which Flaechen encompasses the largest area where Jürgenlanke intersects?,['Flaechen'],['Jürgenlanke']
Aggregation-max Query,Which Flaechen is crossed by the most number of RBahn?,"['Flaechen', 'RBahn']",[]
Aggregation-max Query,Which Flaechen has the greatest number of road meeting within its premises?,"['Flaechen', 'road']",[]
Aggregation-max Query,Which WFlaechen has the most WStrassen intersecting at its borders?,"['WFlaechen', 'WStrassen']",[]
Aggregation-max Query,Which Flaechen encompasses the largest area where Prinz-Friedrich-Leopold-Kanal intersects?,['Flaechen'],['Prinz-Friedrich-Leopold-Kanal']
Aggregation-max Query,"Among all WStrassen, which one experiences the most intersections of roads?",['WStrassen'],[]
Aggregation-max Query,Which WFlaechen overlaps the largest area with Stadtpark Lichtenberg?,['WFlaechen'],['Stadtpark Lichtenberg']
Aggregation-max Query,Which Faehren has the most intersecting road?,"['Faehren', 'road']",[]
Aggregation-max Query,Which Flaechen has the highest number of Wasserumland2 crossing within its boundaries?,"['Flaechen', 'Wasserumland2']",[]
Aggregation-max Query,Which Flaechen has the highest number of strassen crossing within its boundaries?,"['Flaechen', 'strassen']",[]
Aggregation-max Query,Which PLZBoundaries has the most intersection points compared to others?,['PLZBoundaries'],[]
Aggregation-max Query,Which Wasserumland2 has the highest number of Yangliu Road crossing within its boundaries?,['Wasserumland2'],['Yangliu Road']
Aggregation-max Query,Which Restaurants is crossed by the most number of Landstrassen2?,"['Restaurants', 'Landstrassen2']",[]
Aggregation-max Query,"Among all WFlaechen, which one has the largest number of rivers and paths crossing one another?",['WFlaechen'],[]
Aggregation-max Query,Which road has the most intersection points compared to others?,['road'],[]
Aggregation-max Query,Which Sehenswuerdreg has the most extensive intersection with Dämeritzsee?,['Sehenswuerdreg'],['Dämeritzsee']
Aggregation-max Query,Which WFlaechen overlaps the largest territory with Görlitzer Park?,['WFlaechen'],['Görlitzer Park']
Aggregation-max Query,Which WFlaechen has the most extensive intersection with Deutscher Dom?,['WFlaechen'],['Deutscher Dom']
Aggregation-max Query,Which WFlaechen has the most significant intersection with Märkisches Museum?,['WFlaechen'],['Märkisches Museum']
Aggregation-max Query,Which WFlaechen overlaps the largest territory with Krummendammer Heide?,['WFlaechen'],['Krummendammer Heide']
Aggregation-max Query,Which Flaechen has the greatest number of Faehren meeting within its premises?,"['Flaechen', 'Faehren']",[]
Aggregation-max Query,"Among WFlaechen, which one has the greatest extent of intersection with Großer Zug?",['WFlaechen'],['Großer Zug']
Aggregation-max Query,Which SBahnhof is crossed by the most number of Landstrassen?,"['SBahnhof', 'Landstrassen']",[]
Aggregation-max Query,Which WFlaechen overlaps the largest area with Rehwiese?,['WFlaechen'],['Rehwiese']
Aggregation-max Query,Which Flaechen encompasses the largest area at the intersection of Renaissance-Theater?,['Flaechen'],['Renaissance-Theater']
Aggregation-max Query,Which Flaechen overlaps the largest territory with Havel?,['Flaechen'],['Havel']
Aggregation-max Query,Which poi is crossed by the most number of Landstrassen?,"['poi', 'Landstrassen']",[]
Aggregation-max Query,"Among all Sehenswuerdreg, which one has the most convergence of paths?",['Sehenswuerdreg'],[]
Aggregation-max Query,"Among WFlaechen, which one has the most extensive intersection with Krumme Lanke?",['WFlaechen'],['Krumme Lanke']
Aggregation-max Query,Which Flaechen intersects the largest area with Schloßpark Köpenick?,['Flaechen'],['Schloßpark Köpenick']
Aggregation-max Query,Which road interchange experiences the highest amount of RBahn intersections?,"['road', 'RBahn']",[]
Aggregation-max Query,Which Sehenswuerdreg has the most extensive intersection with Stößensee?,['Sehenswuerdreg'],['Stößensee']
Aggregation-max Query,Which Flaechen has the most intersection points compared to others?,['Flaechen'],[]
Aggregation-max Query,"Among all WFlaechen, which one has the most convergence of roads.",['WFlaechen'],[]
Aggregation-max Query,Which SBahn has the most intersecting PLZBoundaries?,"['SBahn', 'PLZBoundaries']",[]
Aggregation-max Query,Which Sehenswuerdreg has the largest overlapping area with Corbusier-Haus?,['Sehenswuerdreg'],['Corbusier-Haus']
Aggregation-max Query,Which Sehenswuerdreg is crossed by the most number of RBahn?,"['Sehenswuerdreg', 'RBahn']",[]
Aggregation-max Query,Which WFlaechen has the greatest number of PLZBoundaries meeting within its premises?,"['WFlaechen', 'PLZBoundaries']",[]
Aggregation-max Query,Which Sehenswuerdreg has the largest overlapping area with Lietzenseepark?,['Sehenswuerdreg'],['Lietzenseepark']
Aggregation-max Query,"Among all WFlaechen, which one has the most convergence of paths?",['WFlaechen'],[]
Aggregation-max Query,Which Flaechen has the largest number of strassen intersecting within its boundaries?,"['Flaechen', 'strassen']",[]
Aggregation-max Query,Which Sehenswuerdreg encompasses the most extensive area where Neuer Garten intersects?,['Sehenswuerdreg'],['Neuer Garten']
Aggregation-max Query,Which Sehenswuerdreg intersects the largest area with Schloßpark Tegel?,['Sehenswuerdreg'],['Schloßpark Tegel']
Aggregation-max Query,Which Orte2 is crossed by the most number of Faehren?,"['Orte2', 'Faehren']",[]
Aggregation-max Query,Which WFlaechen overlaps the largest territory with Kammergericht?,['WFlaechen'],['Kammergericht']
Aggregation-max Query,Which WFlaechen overlaps the largest territory with Holländisches Viertel?,['WFlaechen'],['Holländisches Viertel']
Aggregation-max Query,Which PLZBoundaries has the most intersecting strassen?,"['PLZBoundaries', 'strassen']",[]
Aggregation-max Query,Which Sehenswuerdreg intersects the most extensive territory with Ruhlebener Altarm?,['Sehenswuerdreg'],['Ruhlebener Altarm']
Aggregation-max Query,Which Flaechen range has the most Wasserumland2 crossing through it?,"['Flaechen', 'Wasserumland2']",[]
Aggregation-max Query,Which Flaechen has the most significant intersection with Französischer Dom?,['Flaechen'],['Französischer Dom']
Aggregation-max Query,Which UBahnhof is crossed by the most number of PLZBoundaries?,"['UBahnhof', 'PLZBoundaries']",[]
Aggregation-max Query,Which Sehenswuerdreg has the most strassen intersecting at its borders?,"['Sehenswuerdreg', 'strassen']",[]
Aggregation-max Query,Which WFlaechen is crossed by the most number Landstrassen2?,"['WFlaechen', 'Landstrassen2']",[]
Aggregation-max Query,Which WFlaechen has the largest area of intersecting Rotes Rathaus?,['WFlaechen'],['Rotes Rathaus']
Aggregation-max Query,Which Sehenswuerdreg encompasses the most extensive area where Butzer See intersects?,['Sehenswuerdreg'],['Butzer See']
Aggregation-max Query,Which strassen junction has the largest number of Landstrassen2 intersecting within its boundaries?,"['strassen', 'Landstrassen2']",[]
Aggregation-max Query,Which Flaechen overlaps the largest area with Rathaus Charlottenburg?,['Flaechen'],['Rathaus Charlottenburg']
Aggregation-max Query,Which WFlaechen overlaps the largest territory with NSG?,['WFlaechen'],['NSG']
Aggregation-max Query,Which WFlaechen overlaps the largest area with Finkenpark?,['WFlaechen'],['Finkenpark']
Aggregation-max Query,Which Sehenswuerdreg has the most significant intersection with Rudower Höhe?,['Sehenswuerdreg'],['Rudower Höhe']
Aggregation-max Query,Which Sehenswuerdreg intersects the most extensive territory with Herthasee?,['Sehenswuerdreg'],['Herthasee']
Aggregation-max Query,Which PLZBoundaries interchange experiences the highest amount of strassen intersections?,"['PLZBoundaries', 'strassen']",[]
Aggregation-max Query,Which WFlaechen has the most extensive intersection with Bosepark?,['WFlaechen'],['Bosepark']
Aggregation-max Query,Which WFlaechen intersects the most extensive territory with Reiswerder?,['WFlaechen'],['Reiswerder']
Aggregation-max Query,What Flaechen offers the most Sehenswuerdreg?,"['Flaechen', 'Sehenswuerdreg']",[]
Aggregation-max Query,Which SBahnhof has the greatest number of road crossing through it?,"['SBahnhof', 'road']",[]
Aggregation-max Query,"Among all WFlaechen, which one experiences the most intersections of roads?",['WFlaechen'],[]
Aggregation-max Query,"Among all WFlaechen, which one experiences the most intersections of roads?",['WFlaechen'],[]
Aggregation-max Query,"Among all road, which one has the highest stream intersection density?",['road'],[]
Aggregation-max Query,Which Flaechen has the most extensive intersection with Volkspark Wilmersdorf?,['Flaechen'],['Volkspark Wilmersdorf']
Aggregation-max Query,Which PLZBoundaries has the highest number of Rapsweg crossing within its boundaries?,['PLZBoundaries'],['Rapsweg']
Aggregation-max Query,Which Plaetze is crossed by the most number of Wasserumland2?,"['Plaetze', 'Wasserumland2']",[]
Aggregation-max Query,Which road has the most intersection points compared to others?,['road'],[]
Aggregation-max Query,Which Flaechen has the most significant intersection with Renaissance-Theater?,['Flaechen'],['Renaissance-Theater']
Aggregation-max Query,Which Flaechen is crossed by the most number of WStrassen?,"['Flaechen', 'WStrassen']",[]
Aggregation-max Query,Which Flaechen intersects the most extensive territory with Lietzensee?,['Flaechen'],['Lietzensee']
Aggregation-max Query,"Among Sehenswuerdreg, which one has the greatest extent of intersection with Ägyptisches Museum?",['Sehenswuerdreg'],['Ägyptisches Museum']
Aggregation-max Query,Which WFlaechen encompasses the most extensive area where Krummendammer Heide intersects?,['WFlaechen'],['Krummendammer Heide']
Aggregation-max Query,Which Flaechen has the most significant intersection with Britzer Garten?,['Flaechen'],['Britzer Garten']
Aggregation-max Query,Which WFlaechen overlaps the largest territory with Tierpark Friedrichsfelde?,['WFlaechen'],['Tierpark Friedrichsfelde']
Aggregation-max Query,Which Landstrassen2 has the highest number of Nassauische Str. crossing within its boundaries?,['Landstrassen2'],['Nassauische Str.']
Aggregation-max Query,Which RBahn interchange experiences the highest amount of strassen intersections?,"['RBahn', 'strassen']",[]
Aggregation-max Query,Which WFlaechen intersects the largest area with Neuer Garten?,['WFlaechen'],['Neuer Garten']
Aggregation-max Query,"Among all Flaechen, which one experiences the most intersections of roads?",['Flaechen'],[]
Aggregation-max Query,Which Sehenswuerdreg has the most extensive overlap with Spree?,['Sehenswuerdreg'],['Spree']
Aggregation-max Query,"Among all Flaechen, which one has the highest concentration of road intersections?",['Flaechen'],[]
Aggregation-max Query,"Among Sehenswuerdreg, which one has the greatest extent of intersection with Böcklerpark?",['Sehenswuerdreg'],['Böcklerpark']
Aggregation-max Query,Which Sehenswuerdreg has the most extensive intersection with Universitäts-Bibliothek?,['Sehenswuerdreg'],['Universitäts-Bibliothek']
Aggregation-max Query,"Among Flaechen, which one has the greatest extent of intersection with Flughafen Tegel?",['Flaechen'],['Flughafen Tegel']
Aggregation-max Query,What Sehenswuerdreg offers the most Flaechen?,"['Sehenswuerdreg', 'Flaechen']",[]
Aggregation-max Query,"Among road, which one has the most trails intersecting at its corners?",['road'],[]
Aggregation-max Query,Which Sehenswuerdreg range has the most SBahn crossing through it?,"['Sehenswuerdreg', 'SBahn']",[]
Aggregation-max Query,What Flaechen offers the most Sehenswuerdreg?,"['Flaechen', 'Sehenswuerdreg']",[]
Aggregation-max Query,"Among Sehenswuerdreg, which one has the most substantial extent of intersection with Haus Zenner?",['Sehenswuerdreg'],['Haus Zenner']
Aggregation-max Query,"Among all Landstrassen, which one experiences the most intersections of roads?",['Landstrassen'],[]
Aggregation-max Query,"Among WFlaechen, which one has the most SBahn intersecting?","['WFlaechen', 'SBahn']",[]
Aggregation-max Query,Which WFlaechen encounters the highest number of crossing points for SBahn?,"['WFlaechen', 'SBahn']",[]
Aggregation-max Query,Which WFlaechen reserve has the most significant overlap with Der Obersee?,['WFlaechen'],['Der Obersee']
Aggregation-max Query,Which RBahn has the most intersecting road?,"['RBahn', 'road']",[]
Aggregation-max Query,"Among all WFlaechen, which one experiences the most intersections of paths?",['WFlaechen'],[]
Aggregation-max Query,"Among Flaechen, which one has the most extensive intersection with Europa-Center?",['Flaechen'],['Europa-Center']
Aggregation-max Query,Which Flaechen has the most intersection points compared to others?,['Flaechen'],[]
Aggregation-max Query,Which Landstrassen2 junction has the largest number of Faehren intersecting within its boundaries?,"['Landstrassen2', 'Faehren']",[]
Aggregation-max Query,Which WFlaechen has the most Wasserumland2 intersecting at its borders?,"['WFlaechen', 'Wasserumland2']",[]
Aggregation-max Query,Which Sehenswuerdreg encompasses the largest area at the intersection of Volkspark Wilmersdorf?,['Sehenswuerdreg'],['Volkspark Wilmersdorf']
Aggregation-max Query,Which Flaechen has the most intersecting PLZBoundaries?,"['Flaechen', 'PLZBoundaries']",[]
Aggregation-max Query,Which WFlaechen overlaps the largest area with Zeuthener See?,['WFlaechen'],['Zeuthener See']
Aggregation-max Query,Which Flaechen encompasses the largest area at the intersection of Hermsdorfer See?,['Flaechen'],['Hermsdorfer See']
Aggregation-max Query,Which Flaechen has the highest number of strassen crossing within its boundaries?,"['Flaechen', 'strassen']",[]
Aggregation-max Query,Which WFlaechen encounters the highest number of crossing points for Wasserumland2?,"['WFlaechen', 'Wasserumland2']",[]
Aggregation-max Query,What WFlaechen offers the most Flaechen?,"['WFlaechen', 'Flaechen']",[]
Aggregation-max Query,Which RBahn junction has the largest number of Wasserumland2 intersecting within its boundaries?,"['RBahn', 'Wasserumland2']",[]
Aggregation-max Query,Which Flaechen encompasses the largest area where Krumme Lanke intersects?,['Flaechen'],['Krumme Lanke']
Aggregation-max Query,Which Flaechen overlaps the largest territory with Zeuthener See?,['Flaechen'],['Zeuthener See']
Aggregation-max Query,"Among all Flaechen, which one has the highest concentration of road intersections?",['Flaechen'],[]
Aggregation-max Query,Which Sehenswuerdreg overlaps the largest territory with Rehwiese?,['Sehenswuerdreg'],['Rehwiese']
Aggregation-max Query,Which Flaechen encompasses the largest area at the intersection of Orankesee?,['Flaechen'],['Orankesee']
Aggregation-max Query,Which SBahn junction has the largest number of strassen intersecting within its boundaries?,"['SBahn', 'strassen']",[]
Aggregation-max Query,Which Sehenswuerdreg has the highest number of WStrassen crossing within its boundaries?,"['Sehenswuerdreg', 'WStrassen']",[]
Aggregation-max Query,Which Sehenswuerdreg reserve has the most significant overlap with Großer Zug?,['Sehenswuerdreg'],['Großer Zug']
Aggregation-max Query,Which WFlaechen has the most strassen intersecting at its borders?,"['WFlaechen', 'strassen']",[]
Aggregation-max Query,Which WFlaechen has the most significant intersection with ehem. Luisenstädtischer Kanal?,['WFlaechen'],['ehem. Luisenstädtischer Kanal']
Aggregation-max Query,"Among all PLZBoundaries, which one has the highest stream intersection density?",['PLZBoundaries'],[]
Aggregation-max Query,Which Flaechen reserve has the most significant overlap with Tempodrom?,['Flaechen'],['Tempodrom']
Aggregation-max Query,"Among RBahn, which one has the most trails intersecting at its corners?",['RBahn'],[]
Aggregation-max Query,Which WFlaechen has the most intersecting SBahn?,"['WFlaechen', 'SBahn']",[]
Aggregation-max Query,"Among all Sehenswuerdreg, which one experiences the most intersections of roads?",['Sehenswuerdreg'],[]
Aggregation-max Query,Which Sehenswuerdreg overlaps the largest territory with Gemeindepark Lankwitz?,['Sehenswuerdreg'],['Gemeindepark Lankwitz']
Aggregation-max Query,Which Sehenswuerdreg has the most extensive intersection with Südhafen?,['Sehenswuerdreg'],['Südhafen']
Aggregation-max Query,Which poi has the greatest number of UBahn crossing through it?,"['poi', 'UBahn']",[]
Aggregation-max Query,Which Sehenswuerdreg has the most extensive intersection with Volkspark Wilmersdorf?,['Sehenswuerdreg'],['Volkspark Wilmersdorf']
Aggregation-max Query,"Among all UBahn, which one experiences the most intersections of roads?",['UBahn'],[]
Aggregation-max Query,Which WFlaechen has the most significant intersection with Messelpark?,['WFlaechen'],['Messelpark']
Aggregation-max Query,Which WFlaechen has the most significant intersection with Wuhlebecken?,['WFlaechen'],['Wuhlebecken']
Aggregation-max Query,Which Flaechen has the most intersection points compared to others?,['Flaechen'],[]
Aggregation-max Query,Which Sehenswuerdreg has the greatest number of Volkspark Anton Saefkow?,['Sehenswuerdreg'],['Volkspark Anton Saefkow']
Aggregation-max Query,Which Flaechen overlaps the largest territory with Griebnitzsee?,['Flaechen'],['Griebnitzsee']
Aggregation-max Query,"Among Flaechen, which one has the most extensive intersection with Gedenkstätte Haus d. Wanseekonferenz?",['Flaechen'],['Gedenkstätte Haus d. Wanseekonferenz']
Aggregation-max Query,Which SBahn interchange experiences the highest amount of UBahn intersections?,"['SBahn', 'UBahn']",[]
Aggregation-max Query,Which Flaechen is crossed by the most number of strassen?,"['Flaechen', 'strassen']",[]
Aggregation-max Query,Which WFlaechen encounters the highest number of crossing points for road?,"['WFlaechen', 'road']",[]
Aggregation-max Query,"Among WFlaechen, which one has the greatest extent of intersection with Lietzenseepark?",['WFlaechen'],['Lietzenseepark']
Aggregation-max Query,Which WFlaechen overlaps the largest territory with Martin-Gropius-Bau?,['WFlaechen'],['Martin-Gropius-Bau']
Aggregation-max Query,Which Sehenswuerdreg intersects the largest area with Neue Wache?,['Sehenswuerdreg'],['Neue Wache']
Aggregation-max Query,Which Flaechen range intersects the most extensive territory with Flughafen Tegel?,['Flaechen'],['Flughafen Tegel']
Aggregation-max Query,Which Flaechen has the most strassen intersecting at its borders?,"['Flaechen', 'strassen']",[]
Aggregation-max Query,"Among all Landstrassen2, which one experiences the most intersections of roads?",['Landstrassen2'],[]
Aggregation-max Query,Which UBahn interchange experiences the highest amount of RBahn intersections?,"['UBahn', 'RBahn']",[]
Aggregation-max Query,"Among all Sehenswuerdreg, which one has the largest overlapping territory with ehem. Luisenstädtischer Kanal?",['Sehenswuerdreg'],['ehem. Luisenstädtischer Kanal']
Aggregation-max Query,"Among all WFlaechen, which one has the largest number of rivers and paths crossing one another?",['WFlaechen'],[]
Aggregation-max Query,Which Sehenswuerdreg has the most extensive intersection with Reiswerder?,['Sehenswuerdreg'],['Reiswerder']
Aggregation-max Query,"Among Sehenswuerdreg, which one has the most UBahn intersecting?","['Sehenswuerdreg', 'UBahn']",[]
Aggregation-max Query,"Among Landstrassen2, which one has the most trails intersecting at its corners?",['Landstrassen2'],[]
Aggregation-max Query,"Among WFlaechen, which one has the greatest extent of intersection with Deutscher Dom?",['WFlaechen'],['Deutscher Dom']
Aggregation-max Query,Which Flaechen has the largest overlapping area with Bosepark?,['Flaechen'],['Bosepark']
Aggregation-max Query,Which Flaechen has the largest number of Landstrassen intersecting within its boundaries?,"['Flaechen', 'Landstrassen']",[]
Aggregation-max Query,Which strassen junction experiences the highest amount of Wasserumland2 intersections?,"['strassen', 'Wasserumland2']",[]
Aggregation-max Query,"Among WFlaechen, which one has the most extensive intersection with Berliner Stadtforst Köpenick?",['WFlaechen'],['Berliner Stadtforst Köpenick']
Aggregation-max Query,Which Flaechen has the largest overlapping area with Hochmeisterplatz?,['Flaechen'],['Hochmeisterplatz']
Aggregation-max Query,Which road junction has the largest number of WStrassen intersecting within its boundaries?,"['road', 'WStrassen']",[]
Aggregation-max Query,Which Sehenswuerdreg has the most significant intersection with Haus der Kulturen (Kongreßhalle)?,['Sehenswuerdreg'],['Haus der Kulturen (Kongreßhalle)']
Aggregation-max Query,Which WFlaechen encompasses the most extensive area where Die Banke intersects?,['WFlaechen'],['Die Banke']
Aggregation-max Query,Which Flaechen has the highest number of strassen crossing within its boundaries?,"['Flaechen', 'strassen']",[]
Aggregation-max Query,Which Flaechen has the most intersecting Faehren?,"['Flaechen', 'Faehren']",[]
Aggregation-max Query,"Among Flaechen, which one has the most extensive intersection with Berliner Stadtforst Köpenick?",['Flaechen'],['Berliner Stadtforst Köpenick']
Aggregation-max Query,Which Flaechen encompasses the largest area where Böcklerpark intersects?,['Flaechen'],['Böcklerpark']
Aggregation-max Query,Which Flaechen encompasses the most extensive area where Erholungspark Marzahn (Kienberg) intersects?,['Flaechen'],['Erholungspark Marzahn (Kienberg)']
Aggregation-max Query,"Among all Landstrassen2, which one experiences the most intersections of roads?",['Landstrassen2'],[]
Aggregation-max Query,Which WFlaechen encompasses the largest area at the intersection of Berliner Stadtforst Köpenick?,['WFlaechen'],['Berliner Stadtforst Köpenick']
Aggregation-max Query,Which WFlaechen has the most intersection points compared to others?,['WFlaechen'],[]
Aggregation-max Query,"Among all Flaechen, which one experiences the most intersections of paths?",['Flaechen'],[]
Aggregation-max Query,Which UBahn junction has the largest number of RBahn intersecting within its boundaries?,"['UBahn', 'RBahn']",[]
Aggregation-max Query,"Among all Flaechen, which one experiences the most intersections of paths?",['Flaechen'],[]
Aggregation-max Query,Which strassen junction has the largest number of RBahn intersecting within its boundaries?,"['strassen', 'RBahn']",[]
Aggregation-max Query,"Among all Flaechen, which one has the largest overlapping territory with Kongreßhalle?",['Flaechen'],['Kongreßhalle']
Aggregation-max Query,Which Faehren interchange has the largest number of Wasserumland2 intersecting within its boundaries?,"['Faehren', 'Wasserumland2']",[]
Aggregation-max Query,Which WFlaechen has the largest overlapping area with Grimnitzsee?,['WFlaechen'],['Grimnitzsee']
Aggregation-max Query,Which Sehenswuerdpoi2 has the greatest number of WStrassen crossing through it?,"['Sehenswuerdpoi2', 'WStrassen']",[]
Aggregation-max Query,Which Sehenswuerdreg has the most extensive overlap with Hermsdorfer See?,['Sehenswuerdreg'],['Hermsdorfer See']
Aggregation-max Query,Which Flaechen is crossed by the most number of SBahn?,"['Flaechen', 'SBahn']",[]
Aggregation-max Query,"Among all Sehenswuerdreg, which one experiences the most intersections of paths?",['Sehenswuerdreg'],[]
Aggregation-max Query,Which Sehenswuerdreg has the most Faehren intersecting at its borders?,"['Sehenswuerdreg', 'Faehren']",[]
Aggregation-max Query,Which Flaechen has the most intersecting SBahn?,"['Flaechen', 'SBahn']",[]
Aggregation-max Query,Which WFlaechen encompasses the largest area where Stößensee intersects?,['WFlaechen'],['Stößensee']
Aggregation-max Query,Which Flaechen is crossed by the most number of Landstrassen2?,"['Flaechen', 'Landstrassen2']",[]
Aggregation-max Query,"Among Sehenswuerdreg, which one has the most substantial extent of intersection with Schloß Charlottenburg?",['Sehenswuerdreg'],['Schloß Charlottenburg']
Aggregation-max Query,Which WFlaechen intersects the most extensive territory with Forsthaus Nikolskoe?,['WFlaechen'],['Forsthaus Nikolskoe']
Aggregation-max Query,"Among all Landstrassen, which one has the highest stream intersection density?",['Landstrassen'],[]
Aggregation-max Query,Which RBahnhof has the greatest number of strassen crossing through it?,"['RBahnhof', 'strassen']",[]
Aggregation-max Query,Which Sehenswuerdreg range intersects the most extensive territory with Olympiastadion?,['Sehenswuerdreg'],['Olympiastadion']
Aggregation-max Query,Which Flaechen reserve has the most significant overlap with Universitätsklinikum Rudolf Virchow?,['Flaechen'],['Universitätsklinikum Rudolf Virchow']
Aggregation-max Query,Which Flaechen has the largest area of intersecting Kapellenberg?,['Flaechen'],['Kapellenberg']
Aggregation-max Query,Which WStrassen interchange experiences the highest amount of UBahn intersections?,"['WStrassen', 'UBahn']",[]
Aggregation-max Query,"Among Flaechen, which one has the most extensive intersection with Waldpark Steinberg?",['Flaechen'],['Waldpark Steinberg']
Aggregation-max Query,Which Flaechen is crossed by the most number of WStrassen?,"['Flaechen', 'WStrassen']",[]
Aggregation-max Query,"Among all Sehenswuerdreg, which one has the most convergence of roads.",['Sehenswuerdreg'],[]
Aggregation-max Query,"Among all PLZBoundaries, which one experiences the most intersections of roads?",['PLZBoundaries'],[]
Aggregation-max Query,Which WFlaechen reserve has the most significant overlap with Landschaftspark Wuhletal (Biesdorfer Berg)?,['WFlaechen'],['Landschaftspark Wuhletal (Biesdorfer Berg)']
Aggregation-max Query,Which Sehenswuerdreg has the largest area of intersecting Auswärtiges Amt?,['Sehenswuerdreg'],['Auswärtiges Amt']
Aggregation-max Query,"Among Landstrassen, which one has the most trails intersecting at its corners?",['Landstrassen'],[]
Aggregation-max Query,Which WFlaechen has the most extensive intersection with Der Insulaner?,['WFlaechen'],['Der Insulaner']
Aggregation-max Query,"Among all Sehenswuerdreg, which one experiences the most intersections of roads?",['Sehenswuerdreg'],[]
Aggregation-max Query,Which Flaechen occupies the most substantial area at the intersection of Görlitzer Park?,['Flaechen'],['Görlitzer Park']
Aggregation-max Query,"Among all WFlaechen, which one experiences the most intersections of paths?",['WFlaechen'],[]
Aggregation-max Query,Which WFlaechen range intersects the most extensive territory with Seddinsee?,['WFlaechen'],['Seddinsee']
Aggregation-max Query,Which Sehenswuerdreg has the most extensive intersection with Erholungspark Marzahn (Kienberg)?,['Sehenswuerdreg'],['Erholungspark Marzahn (Kienberg)']
Aggregation-max Query,Which WFlaechen is crossed by the most number Faehren?,"['WFlaechen', 'Faehren']",[]
Aggregation-max Query,Which Flaechen has the most intersecting strassen?,"['Flaechen', 'strassen']",[]
Aggregation-max Query,Which Landstrassen2 has the most intersecting strassen?,"['Landstrassen2', 'strassen']",[]
Aggregation-max Query,Which Sehenswuerdreg is crossed by the most number of Faehren?,"['Sehenswuerdreg', 'Faehren']",[]
Aggregation-max Query,Which Sehenswuerdreg intersects the largest area with Schlesischer Busch?,['Sehenswuerdreg'],['Schlesischer Busch']
Aggregation-max Query,"Among all road, which one experiences the most intersections of roads?",['road'],[]
Aggregation-max Query,Which WFlaechen has the most extensive intersection with Barssee?,['WFlaechen'],['Barssee']
Aggregation-max Query,Which Flaechen has the largest number of Landstrassen intersecting within its boundaries?,"['Flaechen', 'Landstrassen']",[]
Aggregation-max Query,Which Sehenswuerdreg has the most WStrassen intersecting at its borders?,"['Sehenswuerdreg', 'WStrassen']",[]
Aggregation-max Query,Which Sehenswuerdreg has the most Landstrassen intersecting at its borders?,"['Sehenswuerdreg', 'Landstrassen']",[]
Aggregation-max Query,Which WFlaechen range intersects the most extensive territory with Ziegeleisee?,['WFlaechen'],['Ziegeleisee']
Aggregation-max Query,"Among all WFlaechen, which one has the most convergence of roads.",['WFlaechen'],[]
Aggregation-max Query,Which Sehenswuerdreg has the largest area of intersecting Schloßgarten Charlottenburg?,['Sehenswuerdreg'],['Schloßgarten Charlottenburg']
Aggregation-max Query,"Among Sehenswuerdreg, which one has the greatest extent of intersection with Buga-Gelände?",['Sehenswuerdreg'],['Buga-Gelände']
Aggregation-max Query,Which Sehenswuerdreg overlaps the largest area with Fischtalpark?,['Sehenswuerdreg'],['Fischtalpark']
Aggregation-max Query,Which Sehenswuerdreg intersects the largest territory with Mendelssohn-Bartholdy-Park?,['Sehenswuerdreg'],['Mendelssohn-Bartholdy-Park']
Aggregation-max Query,Which WFlaechen overlaps the largest area with Valentinswerder?,['WFlaechen'],['Valentinswerder']
Aggregation-max Query,Among Flaechen which one has the most WStrassen converging?,"['Flaechen', 'WStrassen']",[]
Aggregation-max Query,Among Sehenswuerdreg which one has the most PLZBoundaries converging?,"['Sehenswuerdreg', 'PLZBoundaries']",[]
Aggregation-max Query,Which Sehenswuerdreg has the most extensive intersection with Holländisches Viertel?,['Sehenswuerdreg'],['Holländisches Viertel']
Aggregation-max Query,"Among all WFlaechen, which one has the largest overlapping territory with Alte Nationalgalerie?",['WFlaechen'],['Alte Nationalgalerie']
Aggregation-max Query,Which WFlaechen range intersects the most extensive territory with Messelpark?,['WFlaechen'],['Messelpark']
Aggregation-max Query,Which SBahn junction has the largest number of PLZBoundaries intersecting within its boundaries?,"['SBahn', 'PLZBoundaries']",[]
Aggregation-max Query,Which Sehenswuerdreg is crossed by the most number of WStrassen?,"['Sehenswuerdreg', 'WStrassen']",[]
Aggregation-max Query,Which Flaechen has the highest number of SBahn crossing within its boundaries?,"['Flaechen', 'SBahn']",[]
Aggregation-max Query,Which Sehenswuerdreg has the most Landstrassen intersecting at its borders?,"['Sehenswuerdreg', 'Landstrassen']",[]
Aggregation-max Query,What Sehenswuerdreg has the most WFlaechen?,"['Sehenswuerdreg', 'WFlaechen']",[]
Aggregation-max Query,"Among all Faehren, which one experiences the most intersections of roads?",['Faehren'],[]
Aggregation-max Query,"Among road, which one has the most trails intersecting at its corners?",['road'],[]
Aggregation-max Query,"Among Sehenswuerdreg, which one has the most extensive intersection with Dammheide?",['Sehenswuerdreg'],['Dammheide']
Aggregation-max Query,"Among all Flaechen, which one has the largest overlapping territory with Teufelsseekanal?",['Flaechen'],['Teufelsseekanal']
Aggregation-max Query,"Among all SBahn, which one has the highest stream intersection density?",['SBahn'],[]
Aggregation-max Query,Which WFlaechen has the most intersecting WStrassen?,"['WFlaechen', 'WStrassen']",[]
Aggregation-max Query,Which Flaechen has the most intersecting Faehren?,"['Flaechen', 'Faehren']",[]
Aggregation-max Query,Which SBahnhof is crossed by the most number of Wasserumland2?,"['SBahnhof', 'Wasserumland2']",[]
Aggregation-max Query,What Flaechen offers the most WFlaechen?,"['Flaechen', 'WFlaechen']",[]
Aggregation-max Query,Which Flaechen encounters the highest number of crossing points for Faehren?,"['Flaechen', 'Faehren']",[]
Aggregation-max Query,Which SBahn junction has the largest number of WStrassen intersecting within its boundaries?,"['SBahn', 'WStrassen']",[]
Aggregation-max Query,Which Sehenswuerdreg encompasses the largest area where Halensee intersects?,['Sehenswuerdreg'],['Halensee']
Aggregation-max Query,"Among Flaechen, which one has the most substantial extent of intersection with Britzer Garten?",['Flaechen'],['Britzer Garten']
Aggregation-max Query,"Among all Flaechen, which one has the most convergence of roads.",['Flaechen'],[]
Aggregation-max Query,Which Sehenswuerdreg range has the most PLZBoundaries crossing through it?,"['Sehenswuerdreg', 'PLZBoundaries']",[]
Aggregation-max Query,Which WFlaechen occupies the most substantial area at the intersection of Fennsee?,['WFlaechen'],['Fennsee']
Aggregation-max Query,Which Flaechen range has the most Wasserumland2 crossing through it?,"['Flaechen', 'Wasserumland2']",[]
Aggregation-max Query,Which WFlaechen encompasses the largest area where Abgeordnetenhaus intersects?,['WFlaechen'],['Abgeordnetenhaus']
Aggregation-max Query,Which WFlaechen has the greatest number of Prinz-Friedrich-Leopold-Kanal?,['WFlaechen'],['Prinz-Friedrich-Leopold-Kanal']
Aggregation-max Query,Which WFlaechen has the most extensive intersection with Berliner Forst Düppel?,['WFlaechen'],['Berliner Forst Düppel']
Aggregation-max Query,What WFlaechen offers the most Sehenswuerdreg?,"['WFlaechen', 'Sehenswuerdreg']",[]
Aggregation-max Query,Which WFlaechen has the most extensive intersection with Deutscher Dom?,['WFlaechen'],['Deutscher Dom']
Aggregation-max Query,Which WFlaechen has the most extensive overlap with Altes Museum?,['WFlaechen'],['Altes Museum']
Aggregation-max Query,Which Flaechen reserve has the most significant overlap with Rathaus Spandau?,['Flaechen'],['Rathaus Spandau']
Aggregation-max Query,"Among Sehenswuerdreg, which one has the greatest extent of intersection with Fennsee?",['Sehenswuerdreg'],['Fennsee']
Aggregation-max Query,"Among all WFlaechen, which one experiences the most intersections of roads?",['WFlaechen'],[]
Aggregation-max Query,Among Sehenswuerdreg which one has the most UBahn converging?,"['Sehenswuerdreg', 'UBahn']",[]
Aggregation-max Query,Which Sehenswuerdreg range intersects the most extensive territory with Hubertussee?,['Sehenswuerdreg'],['Hubertussee']
Aggregation-max Query,Which WFlaechen overlaps the largest territory with debis?,['WFlaechen'],['debis']
Aggregation-max Query,"Among all Sehenswuerdreg, which one has the most convergence of roads.",['Sehenswuerdreg'],[]
Aggregation-max Query,Which Sehenswuerdreg has the most significant intersection with Bosepark?,['Sehenswuerdreg'],['Bosepark']
Aggregation-max Query,Which WFlaechen has the greatest number of RBahn meeting within its premises?,"['WFlaechen', 'RBahn']",[]
Aggregation-max Query,Which PLZBoundaries junction has the largest number of Landstrassen intersecting within its boundaries?,"['PLZBoundaries', 'Landstrassen']",[]
Aggregation-max Query,Which WFlaechen intersects the largest territory with Triestpark?,['WFlaechen'],['Triestpark']
Aggregation-max Query,"Among Sehenswuerdreg, which one has the most road intersecting?","['Sehenswuerdreg', 'road']",[]
Aggregation-max Query,Which Sehenswuerdreg has the most intersection points compared to others?,['Sehenswuerdreg'],[]
Aggregation-max Query,Which Sehenswuerdreg intersects the largest area with Königsheide?,['Sehenswuerdreg'],['Königsheide']
Aggregation-max Query,Which Sehenswuerdreg range has the most SBahn crossing through it?,"['Sehenswuerdreg', 'SBahn']",[]
Aggregation-max Query,What WFlaechen has the most Flaechen?,"['WFlaechen', 'Flaechen']",[]
Aggregation-max Query,Which Sehenswuerdreg has the most significant intersection with Bosepark?,['Sehenswuerdreg'],['Bosepark']
Aggregation-max Query,"Among all Wasserumland2, which one has the highest stream intersection density?",['Wasserumland2'],[]
Aggregation-max Query,Which Flaechen has the highest number of RBahn crossing within its boundaries?,"['Flaechen', 'RBahn']",[]
Aggregation-max Query,Which Wasserumland2 interchange experiences the highest amount of Faehren intersections?,"['Wasserumland2', 'Faehren']",[]
Aggregation-max Query,Which Sehenswuerdreg overlaps the largest area with Schlesischer Busch?,['Sehenswuerdreg'],['Schlesischer Busch']
Aggregation-max Query,"Among WStrassen, which one has the most trails intersecting at its corners?",['WStrassen'],[]
Aggregation-max Query,"Among all Sehenswuerdreg, which one has the most convergence of roads.",['Sehenswuerdreg'],[]
Aggregation-max Query,Which Sehenswuerdreg intersects the most extensive territory with Zoologischer Garten?,['Sehenswuerdreg'],['Zoologischer Garten']
Aggregation-max Query,Which Sehenswuerdreg reserve has the most significant overlap with Prinz-Friedrich-Leopold-Kanal?,['Sehenswuerdreg'],['Prinz-Friedrich-Leopold-Kanal']
Aggregation-max Query,Which Sehenswuerdreg has the most intersecting Landstrassen?,"['Sehenswuerdreg', 'Landstrassen']",[]
Aggregation-max Query,"Among all strassen, which one has the highest stream intersection density?",['strassen'],[]
Aggregation-max Query,Among Sehenswuerdreg which one has the most PLZBoundaries converging?,"['Sehenswuerdreg', 'PLZBoundaries']",[]
Aggregation-max Query,"Among all strassen, which one has the highest stream intersection density?",['strassen'],[]
Aggregation-max Query,Which Sehenswuerdreg has the most significant intersection with Berliner Stadtforst Köpenick?,['Sehenswuerdreg'],['Berliner Stadtforst Köpenick']
Aggregation-max Query,In which WFlaechen can you find the most Sehenswuerdreg?,"['WFlaechen', 'Sehenswuerdreg']",[]
Aggregation-max Query,Which WFlaechen has the most intersecting WStrassen?,"['WFlaechen', 'WStrassen']",[]
Aggregation-max Query,Among Sehenswuerdreg which one has the most road converging?,"['Sehenswuerdreg', 'road']",[]
Aggregation-max Query,"Among all Flaechen, which one has the largest number of rivers and paths crossing one another?",['Flaechen'],[]
Aggregation-max Query,Which Sehenswuerdreg range has the most Faehren crossing through it?,"['Sehenswuerdreg', 'Faehren']",[]
Aggregation-max Query,Which WFlaechen overlaps the largest area with Die Banke?,['WFlaechen'],['Die Banke']
Aggregation-max Query,"Among all RBahn, which one has the highest stream intersection density?",['RBahn'],[]
Aggregation-max Query,Which Sehenswuerdpoi2 is crossed by the most number of SBahn?,"['Sehenswuerdpoi2', 'SBahn']",[]
Aggregation-max Query,"Among Flaechen, which one has the greatest extent of intersection with Barssee?",['Flaechen'],['Barssee']
Aggregation-max Query,Which WFlaechen has the largest area of intersecting Potsdamer Platz Arkaden?,['WFlaechen'],['Potsdamer Platz Arkaden']
Aggregation-max Query,Which Orte2 is crossed by the most number of RBahn?,"['Orte2', 'RBahn']",[]
Aggregation-max Query,"Among all Faehren, which one has the highest stream intersection density?",['Faehren'],[]
Aggregation-max Query,Which WFlaechen is crossed by the most number of PLZBoundaries?,"['WFlaechen', 'PLZBoundaries']",[]
Aggregation-max Query,Which Flaechen overlaps the largest territory with SEZ?,['Flaechen'],['SEZ']
Aggregation-max Query,"Among all Landstrassen2, which one has the highest stream intersection density?",['Landstrassen2'],[]
Aggregation-max Query,Which WFlaechen overlaps the largest area with Schloß Babelsberg?,['WFlaechen'],['Schloß Babelsberg']
Aggregation-max Query,Which Sehenswuerdreg reserve has the most significant overlap with Britzer Garten?,['Sehenswuerdreg'],['Britzer Garten']
Aggregation-max Query,Which Sehenswuerdreg has the highest number of SBahn crossing within its boundaries?,"['Sehenswuerdreg', 'SBahn']",[]
Aggregation-max Query,"Among all Flaechen, which one has the most convergence of roads.",['Flaechen'],[]
Aggregation-max Query,Which Wasserumland2 interchange experiences the highest amount of Landstrassen intersections?,"['Wasserumland2', 'Landstrassen']",[]
Aggregation-max Query,Which Landstrassen interchange experiences the highest amount of RBahn intersections?,"['Landstrassen', 'RBahn']",[]
Aggregation-max Query,"Among all WFlaechen, which one has the most convergence of paths?",['WFlaechen'],[]
Aggregation-max Query,Which UBahn interchange experiences the highest amount of PLZBoundaries intersections?,"['UBahn', 'PLZBoundaries']",[]
Aggregation-max Query,Which Landstrassen interchange experiences the highest amount of PLZBoundaries intersections?,"['Landstrassen', 'PLZBoundaries']",[]
Aggregation-max Query,Which Wasserumland2 has the highest number of Brandenburg - Nauen crossing within its boundaries?,['Wasserumland2'],['Brandenburg - Nauen']
Aggregation-max Query,Which Flaechen intersects the largest area with Der Weiße See?,['Flaechen'],['Der Weiße See']
Aggregation-max Query,Which WFlaechen has the most extensive intersection with Tiergarten?,['WFlaechen'],['Tiergarten']
Aggregation-max Query,"Among all Flaechen, which one has the highest concentration of road intersections?",['Flaechen'],[]
Aggregation-max Query,Which Flaechen reserve has the most significant overlap with Insel der Jugend?,['Flaechen'],['Insel der Jugend']
Aggregation-max Query,Which Sehenswuerdreg encompasses the largest area where Charité-Krankenhaus intersects?,['Sehenswuerdreg'],['Charité-Krankenhaus']
Aggregation-max Query,"Among all RBahn, which one experiences the most intersections of roads?",['RBahn'],[]
Aggregation-max Query,Which Flaechen has the most extensive intersection with Volkspark Friedrichshain?,['Flaechen'],['Volkspark Friedrichshain']
Aggregation-max Query,Which Flaechen has the most significant intersection with Hundekehlesee?,['Flaechen'],['Hundekehlesee']
Aggregation-max Query,Which WFlaechen has the largest area of intersecting Gemeindepark Lankwitz?,['WFlaechen'],['Gemeindepark Lankwitz']
Aggregation-max Query,Which RBahnhof is crossed by the most number of WStrassen?,"['RBahnhof', 'WStrassen']",[]
Aggregation-max Query,Which Flaechen range intersects the most extensive territory with Fritz-Schloß-Park?,['Flaechen'],['Fritz-Schloß-Park']
Aggregation-max Query,Which Sehenswuerdreg has the most intersection points compared to others?,['Sehenswuerdreg'],[]
Aggregation-max Query,Which Sehenswuerdreg has the greatest number of PLZBoundaries meeting within its premises?,"['Sehenswuerdreg', 'PLZBoundaries']",[]
Aggregation-max Query,Which Sehenswuerdreg has the highest number of Wasserumland2 crossing within its boundaries?,"['Sehenswuerdreg', 'Wasserumland2']",[]
Aggregation-max Query,Which Flaechen overlaps the largest area with Friedrich-Ludwig-Jahn-Sportpark?,['Flaechen'],['Friedrich-Ludwig-Jahn-Sportpark']
Aggregation-max Query,Which Flaechen intersects the largest area with Kammergericht?,['Flaechen'],['Kammergericht']
Aggregation-max Query,Which Wasserumland2 interchange experiences the highest amount of WStrassen intersections?,"['Wasserumland2', 'WStrassen']",[]
Aggregation-max Query,"Among all Sehenswuerdreg, which one has the largest number of rivers and paths crossing one another?",['Sehenswuerdreg'],[]
Aggregation-max Query,Which Flaechen encompasses the largest area at the intersection of Königsheide?,['Flaechen'],['Königsheide']
Aggregation-max Query,Which WFlaechen occupies the most substantial area at the intersection of Zitadelle?,['WFlaechen'],['Zitadelle']
Aggregation-max Query,Which Flaechen has the most intersecting WStrassen?,"['Flaechen', 'WStrassen']",[]
Aggregation-max Query,Which WFlaechen encompasses the largest area at the intersection of Auguste-Vikoria-Krankenhaus?,['WFlaechen'],['Auguste-Vikoria-Krankenhaus']
Aggregation-max Query,Which Sehenswuerdreg encompasses the largest area where Humboldt-Universität intersects?,['Sehenswuerdreg'],['Humboldt-Universität']
Aggregation-max Query,Which WFlaechen intersects the most extensive territory with Volkspark Mariendorf?,['WFlaechen'],['Volkspark Mariendorf']
Aggregation-max Query,What Sehenswuerdreg offers the most Flaechen?,"['Sehenswuerdreg', 'Flaechen']",[]
Aggregation-max Query,"Among Flaechen, which one has the greatest extent of intersection with Schauspielhaus?",['Flaechen'],['Schauspielhaus']
Aggregation-max Query,"Among all SBahn, which one has the highest stream intersection density?",['SBahn'],[]
Aggregation-max Query,Which strassen interchange has the largest number of WStrassen intersecting within its boundaries?,"['strassen', 'WStrassen']",[]
Aggregation-max Query,Among Flaechen which one has the most RBahn converging?,"['Flaechen', 'RBahn']",[]
Aggregation-max Query,Which Flaechen has the most significant intersection with Rathaus Spandau?,['Flaechen'],['Rathaus Spandau']
Aggregation-max Query,Which UBahn interchange experiences the highest amount of PLZBoundaries intersections?,"['UBahn', 'PLZBoundaries']",[]
Aggregation-max Query,Which UBahn has the most intersecting Landstrassen2?,"['UBahn', 'Landstrassen2']",[]
Aggregation-max Query,"Among all Sehenswuerdreg, which one has the highest concentration of road intersections?",['Sehenswuerdreg'],[]
Aggregation-max Query,Which WFlaechen has the most extensive intersection with Thielpark?,['WFlaechen'],['Thielpark']
Aggregation-max Query,Which poi is crossed by the most number of Landstrassen2?,"['poi', 'Landstrassen2']",[]
Aggregation-max Query,Which Flaechen overlaps the largest area with Prinz-Friedrich-Leopold-Kanal?,['Flaechen'],['Prinz-Friedrich-Leopold-Kanal']
Aggregation-max Query,Which strassen interchange has the largest number of road intersecting within its boundaries?,"['strassen', 'road']",[]
Aggregation-max Query,Which Landstrassen has the most intersection points compared to others?,['Landstrassen'],[]
Aggregation-max Query,"Among all road, which one has the highest stream intersection density?",['road'],[]
Aggregation-max Query,Which WFlaechen overlaps the largest territory with Schloßpark Tegel?,['WFlaechen'],['Schloßpark Tegel']
Aggregation-max Query,Which Sehenswuerdreg encounters the highest number of crossing points for WStrassen?,"['Sehenswuerdreg', 'WStrassen']",[]
Aggregation-max Query,Which Flaechen has the largest number of Landstrassen2 intersecting within its boundaries?,"['Flaechen', 'Landstrassen2']",[]
Aggregation-max Query,Which Flaechen has the most extensive intersection with Rummelsburger See?,['Flaechen'],['Rummelsburger See']
Aggregation-max Query,Which Sehenswuerdreg has the largest overlapping area with Scharfe Lanke?,['Sehenswuerdreg'],['Scharfe Lanke']
Aggregation-max Query,Among Sehenswuerdreg which one has the most Landstrassen converging?,"['Sehenswuerdreg', 'Landstrassen']",[]
Aggregation-sum Query,Can you provide the total water area of all WFlaechen in Buga-Gelände?,['WFlaechen'],['Buga-Gelände']
Aggregation-sum Query,Give the total number of # in Neue Nationalgalerie.,[],['Neue Nationalgalerie']
Aggregation-sum Query,Find the sum of the lengths of all Wasserumland2 in Havel.,['Wasserumland2'],['Havel']
Aggregation-sum Query,Can you provide the aggregate area of all Sehenswuerdreg intersecting Baumwerder?,['Sehenswuerdreg'],['Baumwerder']
Aggregation-sum Query,I am interested in the aggregate land area of all Sehenswuerdreg in Bodemuseum.,['Sehenswuerdreg'],['Bodemuseum']
Aggregation-sum Query,How much land area is shared between WFlaechen and Berliner Forst Düppel?,['WFlaechen'],['Berliner Forst Düppel']
Aggregation-sum Query,I am interested in the aggregate water area of all Sehenswuerdreg in Grimnitzsee.,['Sehenswuerdreg'],['Grimnitzsee']
Aggregation-sum Query,Can you provide the aggregate area of all Flaechen intersecting Dahme?,['Flaechen'],['Dahme']
Aggregation-sum Query,List the sum of # in Goethepark.,[],['Goethepark']
Aggregation-sum Query,Can you provide the combined surface area of all SBahn that intersect Forckenbeckstr.?,['SBahn'],['Forckenbeckstr.']
Aggregation-sum Query,List the total area covered by Flaechen in Herthasee.,['Flaechen'],['Herthasee']
Aggregation-sum Query,Please provide the aggregate area of all Flaechen intersecting Martin-Gropius-Bau.,['Flaechen'],['Martin-Gropius-Bau']
Aggregation-sum Query,Find the sum of the lengths of all Wasserumland2 in Goethepark.,['Wasserumland2'],['Goethepark']
Aggregation-sum Query,I would like to know the total area of all Flaechen in Krumme Lanke.,['Flaechen'],['Krumme Lanke']
Aggregation-sum Query,I would like to know the total land area covered by all WFlaechen in Prinz-Friedrich-Leopold-Kanal.,['WFlaechen'],['Prinz-Friedrich-Leopold-Kanal']
Aggregation-sum Query,What is the sum of all # in Berliner Stadtforst Köpenick?,[],['Berliner Stadtforst Köpenick']
Aggregation-sum Query,Can you provide the total number of # in Liebesinsel?,[],['Liebesinsel']
Aggregation-sum Query,Please determine the aggregate land area of all Flaechen within Französischer Dom.,['Flaechen'],['Französischer Dom']
Aggregation-sum Query,What is the sum of # in Flughafen Schönefeld?,[],['Flughafen Schönefeld']
Aggregation-sum Query,Calculate the combined area of all Sehenswuerdreg in Orankesee.,['Sehenswuerdreg'],['Orankesee']
Aggregation-sum Query,Give the total number of # in Thielpark.,[],['Thielpark']
Aggregation-sum Query,I would like to know the total land area of all Sehenswuerdreg in Krankenhaus Am Urban.,['Sehenswuerdreg'],['Krankenhaus Am Urban']
Aggregation-sum Query,I am interested in the aggregate land area of all Flaechen in Grunewaldsee.,['Flaechen'],['Grunewaldsee']
Aggregation-sum Query,What is the combined extent of all Sehenswuerdreg in Eissporthalle?,['Sehenswuerdreg'],['Eissporthalle']
Aggregation-sum Query,Calculate the total length of all SBahn in Die Banke.,['SBahn'],['Die Banke']
Aggregation-sum Query,Can you provide the combined area of all # in Trattoria Petrocelli?,[],['Trattoria Petrocelli']
Aggregation-sum Query,List the sum of # in Groß Friedenwalde.,[],['Groß Friedenwalde']
Aggregation-sum Query,Calculate the sum of all # in Waldhaus .,[],['Waldhaus ']
Aggregation-sum Query,Find the sum of the lengths of all PLZBoundaries in Schloßgarten Charlottenburg.,['PLZBoundaries'],['Schloßgarten Charlottenburg']
Aggregation-sum Query,Can you provide the total water area of all WFlaechen in Flughafen Tempelhof?,['WFlaechen'],['Flughafen Tempelhof']
Aggregation-sum Query,I would like to know the total water area covered by all Flaechen in Tiergarten.,['Flaechen'],['Tiergarten']
Aggregation-sum Query,Can you give me the combined area of all Sehenswuerdreg in Messelpark?,['Sehenswuerdreg'],['Messelpark']
Aggregation-sum Query,Find the sum of the lengths of all strassen in Landschaftspark Wuhletal (Biesdorfer Berg).,['strassen'],['Landschaftspark Wuhletal (Biesdorfer Berg)']
Aggregation-sum Query,Compute the sum of # in Haus der Kulturen (Kongreßhalle).,[],['Haus der Kulturen (Kongreßhalle)']
Aggregation-sum Query,What is the collective length of all strassen in Butzer See?,['strassen'],['Butzer See']
Aggregation-sum Query,List the total length of all RBahn in Goethepark.,['RBahn'],['Goethepark']
Aggregation-sum Query,What is the total length of all PLZBoundaries in Schlesischer Busch?,['PLZBoundaries'],['Schlesischer Busch']
Aggregation-sum Query,Can you tell me the combined water area of all Sehenswuerdreg in Langer See (Dahme)?,['Sehenswuerdreg'],['Langer See (Dahme)']
Aggregation-sum Query,Please provide the aggregate area of all Sehenswuerdreg in Kleiner Kuhwall.,['Sehenswuerdreg'],['Kleiner Kuhwall']
Aggregation-sum Query,What is the total length of WStrassen in Sacrower Lanke?,['WStrassen'],['Sacrower Lanke']
Aggregation-sum Query,Give me the total value of # from Strehla.,[],['Strehla']
Aggregation-sum Query,Can you provide the total number of # in Böcklerpark?,[],['Böcklerpark']
Aggregation-sum Query,Give the total number of # in Bröllin.,[],['Bröllin']
Aggregation-sum Query,Please provide the total area of all WFlaechen intersecting Großer Kuhwall.,['WFlaechen'],['Großer Kuhwall']
Aggregation-sum Query,Can you tell me the aggregate area of all WFlaechen in Hasenheide?,['WFlaechen'],['Hasenheide']
Aggregation-sum Query,What is the total area covered by WFlaechen in Nikolaikirche?,['WFlaechen'],['Nikolaikirche']
Aggregation-sum Query,Can you tell me the sum of all # in Freizeitpark Tegel?,[],['Freizeitpark Tegel']
Aggregation-sum Query,Can you provide the sum of # in Prinz-Friedrich-Leopold-Kanal?,[],['Prinz-Friedrich-Leopold-Kanal']
Aggregation-sum Query,Can you provide the combined area of all WFlaechen in Baggersee Biesdorf?,['WFlaechen'],['Baggersee Biesdorf']
Aggregation-sum Query,Please determine the aggregate water area of all Flaechen within Landschaftspark Wuhletal.,['Flaechen'],['Landschaftspark Wuhletal']
Aggregation-sum Query,Give me the total value of # from UFA-Palast Kosmos.,[],['UFA-Palast Kosmos']
Aggregation-sum Query,I would like to know the total water area covered by all Flaechen in Jungfernheide.,['Flaechen'],['Jungfernheide']
Aggregation-sum Query,Compute the sum of # in Bohemia.,[],['Bohemia']
Aggregation-sum Query,Can you provide the combined surface area of all WStrassen that intersect Räbel - Seehausen?,['WStrassen'],['Räbel - Seehausen']
Aggregation-sum Query,Please provide the total area of all WFlaechen in Berliner Forst Düppel.,['WFlaechen'],['Berliner Forst Düppel']
Aggregation-sum Query,Give me the total value of # from Strasburg.,[],['Strasburg']
Aggregation-sum Query,I would like to know the total water area of all Flaechen in Neue Nationalgalerie.,['Flaechen'],['Neue Nationalgalerie']
Aggregation-sum Query,What is the accumulated number of # in Holländisches Viertel?,[],['Holländisches Viertel']
Aggregation-sum Query,Can you give me the combined area of all Sehenswuerdreg in Sacrower Lanke?,['Sehenswuerdreg'],['Sacrower Lanke']
Aggregation-sum Query,I would like to know the total area of all WFlaechen in Maselake.,['WFlaechen'],['Maselake']
Aggregation-sum Query,I am interested in the combined water area of all Sehenswuerdreg within Tempodrom.,['Sehenswuerdreg'],['Tempodrom']
Aggregation-sum Query,Calculate the aggregate length of all PLZBoundaries in Scharfe Lanke.,['PLZBoundaries'],['Scharfe Lanke']
Aggregation-sum Query,What is the sum of # in Butzer See?,[],['Butzer See']
Aggregation-sum Query,Can you provide the aggregate land area of all # in Schmiedeberg?,[],['Schmiedeberg']
Aggregation-sum Query,How much land area is shared between Sehenswuerdreg and Hufeisensiedlung?,['Sehenswuerdreg'],['Hufeisensiedlung']
Aggregation-sum Query,What is the total length of all Wasserumland2 in Erholungspark Marzahn (Kienberg)?,['Wasserumland2'],['Erholungspark Marzahn (Kienberg)']
Aggregation-sum Query,I would like to know the total land area covered by all Sehenswuerdreg in Friedrchstadtpalast.,['Sehenswuerdreg'],['Friedrchstadtpalast']
Aggregation-sum Query,Compute the total area of Flaechen in Spree.,['Flaechen'],['Spree']
Aggregation-sum Query,Compute the aggregate # in Köllnische Heide.,[],['Köllnische Heide']
Aggregation-sum Query,Can you calculate the total area of all Flaechen intersecting Hochmeisterplatz Range?,['Flaechen'],['Hochmeisterplatz']
Aggregation-sum Query,Can you provide the combined area of all Flaechen in Freizeitpark Marienfelde?,['Flaechen'],['Freizeitpark Marienfelde']
Aggregation-sum Query,Compute the total area of WFlaechen in Wuhlheide (Volkspark und FEZ).,['WFlaechen'],['Wuhlheide (Volkspark und FEZ)']
Aggregation-sum Query,Can you provide the sum of all # production in Spree?,[],['Spree']
Aggregation-sum Query,What is the total length of road in Kongreßhalle?,['road'],['Kongreßhalle']
Aggregation-sum Query,List the sum of # in Biscotti.,[],['Biscotti']
Aggregation-sum Query,Calculate the total # in Paul-Löbe-Haus.,[],['Paul-Löbe-Haus']
Aggregation-sum Query,List the total number of # in Jungfernheide.,[],['Jungfernheide']
Aggregation-sum Query,What is the combined extent of all WFlaechen in Aalemannkanal?,['WFlaechen'],['Aalemannkanal']
Aggregation-sum Query,I would like to know the total water area covered by all Sehenswuerdreg in Rathaus Charlottenburg.,['Sehenswuerdreg'],['Rathaus Charlottenburg']
Aggregation-sum Query,Can you provide the aggregate area of all WFlaechen intersecting Raoul-Wallenberg-Str.?,['WFlaechen'],['Raoul-Wallenberg-Str.']
Aggregation-sum Query,Give me the total value of # from Aquarium.,[],['Aquarium']
Aggregation-sum Query,What is the total number of Sehenswuerdreg in Badesee Arkenberge?,['Sehenswuerdreg'],['Badesee Arkenberge']
Aggregation-sum Query,Can you provide the aggregate land area of all # in Schloßpark Köpenick?,[],['Schloßpark Köpenick']
Aggregation-sum Query,Can you provide the total area of Flaechen in Der Weiße See?,['Flaechen'],['Der Weiße See']
Aggregation-sum Query,Give the total number of # in Bäkepark.,[],['Bäkepark']
Aggregation-sum Query,What is the total number of Sehenswuerdreg in Park Babelsberg?,['Sehenswuerdreg'],['Park Babelsberg']
Aggregation-sum Query,I would like to know the total land area covered by all Flaechen in Botanischer Garten.,['Flaechen'],['Botanischer Garten']
Aggregation-sum Query,Give me the total value of # from Limit.,[],['Limit']
Aggregation-sum Query,Please provide the total area of all WFlaechen intersecting Messelpark.,['WFlaechen'],['Messelpark']
Aggregation-sum Query,What is the combined # in Hundekehlesee?,[],['Hundekehlesee']
Aggregation-sum Query,Calculate the total Flaechen area in Museum für Naturkunde.,['Flaechen'],['Museum für Naturkunde']
Aggregation-sum Query,Can you provide the combined surface area of all PLZBoundaries that intersect Buckower Chaussee?,['PLZBoundaries'],['Buckower Chaussee']
Aggregation-sum Query,How much land area is shared between Flaechen and Schloß Britz?,['Flaechen'],['Schloß Britz']
Aggregation-sum Query,I am interested in the combined area of all Sehenswuerdreg within Marienkirche.,['Sehenswuerdreg'],['Marienkirche']
Aggregation-sum Query,Can you tell me the combined water area of all WFlaechen in Tierpark Friedrichsfelde?,['WFlaechen'],['Tierpark Friedrichsfelde']
Aggregation-sum Query,Calculate the total length of all Wasserumland2 in Gutspark Britz.,['Wasserumland2'],['Gutspark Britz']
Aggregation-sum Query,What is the total sum of Flaechen in Großer Wannsee?,['Flaechen'],['Großer Wannsee']
Aggregation-sum Query,Can you provide the sum of # in Calau?,[],['Calau']
Aggregation-sum Query,What is the total length of PLZBoundaries in Hochmeisterplatz?,['PLZBoundaries'],['Hochmeisterplatz']
Aggregation-sum Query,Can you provide the total length of all WStrassen in Britzer Garten?,['WStrassen'],['Britzer Garten']
Aggregation-sum Query,Can you tell me the total area covered by lakes in Scharfenberg?,[],['Scharfenberg']
Aggregation-sum Query,What is the combined extent of all WFlaechen in Charité-Krankenhaus?,['WFlaechen'],['Charité-Krankenhaus']
Aggregation-sum Query,Please provide the total area of all Sehenswuerdreg intersecting Flughafen Tegel.,['Sehenswuerdreg'],['Flughafen Tegel']
Aggregation-sum Query,Can you provide the sum of all # production in Deutscher Dom?,[],['Deutscher Dom']
Aggregation-sum Query,List the total area covered by Sehenswuerdreg in Westhafen.,['Sehenswuerdreg'],['Westhafen']
Aggregation-sum Query,Provide the total number of # in Spree.,[],['Spree']
Aggregation-sum Query,Can you tell me the total number of # in Velodrom (Berlin Arena)?,[],['Velodrom (Berlin Arena)']
Aggregation-sum Query,What is the total number of Sehenswuerdreg in Springpfuhl?,['Sehenswuerdreg'],['Springpfuhl']
Aggregation-sum Query,Calculate the sum of all # in Staatsbibliothek.,[],['Staatsbibliothek']
Aggregation-sum Query,Please determine the combined area of all Sehenswuerdreg within Fennpfuhl.,['Sehenswuerdreg'],['Fennpfuhl']
Aggregation-sum Query,I am interested in the combined land area of all WFlaechen within Wilhelm-Foerster-Sternwarte.,['WFlaechen'],['Wilhelm-Foerster-Sternwarte']
Aggregation-sum Query,Give me the total value of # from Café Savarin.,[],['Café Savarin']
Aggregation-sum Query,Please determine the combined area of all Sehenswuerdreg within Barssee.,['Sehenswuerdreg'],['Barssee']
Aggregation-sum Query,Can you provide the sum of # in Baerwaldstr.?,[],['Baerwaldstr.']
Aggregation-sum Query,How much land area is shared between Sehenswuerdreg and Tierpark Friedrichsfelde?,['Sehenswuerdreg'],['Tierpark Friedrichsfelde']
Aggregation-sum Query,Can you provide the total number of # in Volkspark Friedrichshain?,[],['Volkspark Friedrichshain']
Aggregation-sum Query,List the sum of # in Pankow.,[],['Pankow']
Aggregation-sum Query,Give me the total value of # from Museum für Naturkunde.,[],['Museum für Naturkunde']
Aggregation-sum Query,Can you give me the combined area of all Sehenswuerdreg in Heinrich-von-Kleist-Park?,['Sehenswuerdreg'],['Heinrich-von-Kleist-Park']
Aggregation-sum Query,Compute the sum of all # in Forckenbeckplatz.,[],['Forckenbeckplatz']
Aggregation-sum Query,Can you tell me the total area covered by lakes in Ernst-Thälmann-Park?,[],['Ernst-Thälmann-Park']
Aggregation-sum Query,Can you provide the aggregate land area of all # in Tiandi travel agency?,[],['Tiandi travel agency']
Aggregation-sum Query,Calculate the total area of all Sehenswuerdreg located within Forsthaus Nikolskoe.,['Sehenswuerdreg'],['Forsthaus Nikolskoe']
Aggregation-sum Query,Provide the sum of # in Jürgenlanke.,[],['Jürgenlanke']
Aggregation-sum Query,Please provide the aggregate area of all Sehenswuerdreg intersecting Rathaus Spandau.,['Sehenswuerdreg'],['Rathaus Spandau']
Aggregation-sum Query,I am interested in the aggregate area of all Flaechen in Planetarium.,['Flaechen'],['Planetarium']
Aggregation-sum Query,I would like to know the total land area of all Flaechen in Hochmeisterplatz.,['Flaechen'],['Hochmeisterplatz']
Aggregation-sum Query,Can you provide the combined area of all # in Bosepark?,[],['Bosepark']
Aggregation-sum Query,How much land area is shared between Flaechen and Ägyptisches Museum?,['Flaechen'],['Ägyptisches Museum']
Aggregation-sum Query,Identify the total WFlaechen area in Volkspark Schönholzer Heide.,['WFlaechen'],['Volkspark Schönholzer Heide']
Aggregation-sum Query,I would like to know the total area of all WFlaechen in Grimnitzsee.,['WFlaechen'],['Grimnitzsee']
Aggregation-sum Query,Calculate the total area of all Flaechen located within Bosepark.,['Flaechen'],['Bosepark']
Aggregation-sum Query,Can you provide the sum of # in Koenigssee?,[],['Koenigssee']
Aggregation-sum Query,What is the accumulated number of # in Schloß Niederschönhausen?,[],['Schloß Niederschönhausen']
Aggregation-sum Query,I would like to know the total area of all Sehenswuerdreg in Schloßpark Köpenick.,['Sehenswuerdreg'],['Schloßpark Köpenick']
Aggregation-sum Query,Aggregate the total area covered by Flaechen in Volkspark Mariendorf.,['Flaechen'],['Volkspark Mariendorf']
Aggregation-sum Query,What is the total length of all road in Universitätsklinikum Rudolf Virchow?,['road'],['Universitätsklinikum Rudolf Virchow']
Aggregation-sum Query,I would like to know the total area of all Flaechen in Waldbühne.,['Flaechen'],['Waldbühne']
Aggregation-sum Query,Compute the sum of all # in Planetarium.,[],['Planetarium']
Aggregation-sum Query,I am interested in the combined area of all WFlaechen within Flughafensee.,['WFlaechen'],['Flughafensee']
Aggregation-sum Query,What is the sum of # in Franckepark?,[],['Franckepark']
Aggregation-sum Query,Please calculate the total land area covered by all WFlaechen in Volkspark Humboldthain.,['WFlaechen'],['Volkspark Humboldthain']
Aggregation-sum Query,How much land area is shared between WFlaechen and Flughafen Tempelhof?,['WFlaechen'],['Flughafen Tempelhof']
Aggregation-sum Query,Please calculate the combined area of all WFlaechen in Heinrich-Lassen-Park.,['WFlaechen'],['Heinrich-Lassen-Park']
Aggregation-sum Query,What is the combined # in Mauerpark?,[],['Mauerpark']
Aggregation-sum Query,Can you tell me the total # of all # in Schloß Pfaueninsel?,[],['Schloß Pfaueninsel']
Aggregation-sum Query,I would like to know the total water area covered by all Sehenswuerdreg in Haus Bethanien.,['Sehenswuerdreg'],['Haus Bethanien']
Aggregation-sum Query,What is the total length of UBahn in Fischtalpark?,['UBahn'],['Fischtalpark']
Aggregation-sum Query,What is the total area of Sehenswuerdreg in Akademie der Künste?,['Sehenswuerdreg'],['Akademie der Künste']
Aggregation-sum Query,What is the total length of all Wasserumland2 in Pohlesee?,['Wasserumland2'],['Pohlesee']
Aggregation-sum Query,Calculate the combined area of all Sehenswuerdreg in Teufelssee.,['Sehenswuerdreg'],['Teufelssee']
Aggregation-sum Query,Please provide the aggregate area of all WFlaechen intersecting Charité-Krankenhaus.,['WFlaechen'],['Charité-Krankenhaus']
Aggregation-sum Query,List the total number of # in Maienwerder.,[],['Maienwerder']
Aggregation-sum Query,I am interested in the aggregate area of all WFlaechen in Rathaus Charlottenburg.,['WFlaechen'],['Rathaus Charlottenburg']
Aggregation-sum Query,I would like to know the total land area covered by all Flaechen in Berliner Forst Düppel.,['Flaechen'],['Berliner Forst Düppel']
Aggregation-sum Query,Please determine the combined land area of all Flaechen within Triestpark.,['Flaechen'],['Triestpark']
Aggregation-sum Query,Compute the sum of all # in Gleisdreieck.,[],['Gleisdreieck']
Aggregation-sum Query,List the total area covered by WFlaechen in Stölpchensee.,['WFlaechen'],['Stölpchensee']
Aggregation-sum Query,Can you provide the aggregate area of all WFlaechen intersecting Ziegeleisee?,['WFlaechen'],['Ziegeleisee']
Aggregation-sum Query,Can you provide the combined area of all WFlaechen in Schmöckwitzer Werder?,['WFlaechen'],['Schmöckwitzer Werder']
Aggregation-sum Query,Can you tell me the sum of all # in Le Canard?,[],['Le Canard']
Aggregation-sum Query,Calculate the sum of # in Reckahn.,[],['Reckahn']
Aggregation-sum Query,List the total area covered by Sehenswuerdreg in Barssee.,['Sehenswuerdreg'],['Barssee']
Aggregation-sum Query,Calculate the sum of # in Pichelssee.,[],['Pichelssee']
Aggregation-sum Query,What is the total sum of Sehenswuerdreg in Kleiner Müggelsee?,['Sehenswuerdreg'],['Kleiner Müggelsee']
Aggregation-sum Query,Compute the sum of # in Deichgraf.,[],['Deichgraf']
Aggregation-sum Query,What is the combined extent of all Sehenswuerdreg in Haus Zenner?,['Sehenswuerdreg'],['Haus Zenner']
Aggregation-sum Query,Please determine the combined area of all WFlaechen within Landschaftspark Wuhletal (Ahrensfelder Berge).,['WFlaechen'],['Landschaftspark Wuhletal (Ahrensfelder Berge)']
Aggregation-sum Query,Compute the aggregate # in Marienhöhe.,[],['Marienhöhe']
Aggregation-sum Query,Can you provide the combined area of all Flaechen in Berliner Forst Tegel?,['Flaechen'],['Berliner Forst Tegel']
Aggregation-sum Query,Can you tell me the aggregate area of all WFlaechen in Bodemuseum?,['WFlaechen'],['Bodemuseum']
Aggregation-sum Query,Please determine the aggregate land area of all Sehenswuerdreg within Havel.,['Sehenswuerdreg'],['Havel']
Aggregation-sum Query,Can you provide the combined area of all Flaechen in Badesee Arkenberge?,['Flaechen'],['Badesee Arkenberge']
Aggregation-sum Query,Can you tell me the total # of all # in Waldpark Steinberg?,[],['Waldpark Steinberg']
Aggregation-sum Query,Can you tell me the sum of all # in Berliner Stadtforst Köpenick?,[],['Berliner Stadtforst Köpenick']
Aggregation-sum Query,What is the combined area of all WFlaechen intersecting Tegeler See?,['WFlaechen'],['Tegeler See']
Aggregation-sum Query,Can you provide the aggregate land area of all # in Maienwerder?,[],['Maienwerder']
Aggregation-sum Query,Can you provide the combined area of all # in Krossinsee?,[],['Krossinsee']
Aggregation-sum Query,Please determine the aggregate water area of all WFlaechen within Gedenkstätte Haus d. Wanseekonferenz.,['WFlaechen'],['Gedenkstätte Haus d. Wanseekonferenz']
Aggregation-sum Query,Give me the total value of # from Berliner Forst Spandau.,[],['Berliner Forst Spandau']
Aggregation-sum Query,Can you provide the combined surface area of all Wasserumland2 that intersect Salvador-Allende-Str.?,['Wasserumland2'],['Salvador-Allende-Str.']
Aggregation-sum Query,Can you provide the total area of WFlaechen in Franckepark?,['WFlaechen'],['Franckepark']
Aggregation-sum Query,Can you tell me the total number of # in SEZ?,[],['SEZ']
Aggregation-sum Query,Can you provide the combined area of all # in Schlüter?,[],['Schlüter']
Aggregation-sum Query,Can you tell me the combined area of all Sehenswuerdreg in Akademie der Künste?,['Sehenswuerdreg'],['Akademie der Künste']
Aggregation-sum Query,What is the total area of WFlaechen in Universität der Künste?,['WFlaechen'],['Universität der Künste']
Aggregation-sum Query,Compute the total area of Flaechen in Die Banke.,['Flaechen'],['Die Banke']
Aggregation-sum Query,I am interested in the combined water area of all Flaechen within Berliner Forst Tegel.,['Flaechen'],['Berliner Forst Tegel']
Aggregation-sum Query,What is the sum of all # in Habermannsee?,[],['Habermannsee']
Aggregation-sum Query,Can you provide the total length of all Faehren in Rudower Höhe?,['Faehren'],['Rudower Höhe']
Aggregation-sum Query,Please calculate the combined area of all Sehenswuerdreg in Universitätsklinikum Rudolf Virchow.,['Sehenswuerdreg'],['Universitätsklinikum Rudolf Virchow']
Aggregation-sum Query,Please calculate the total land area covered by all WFlaechen in Planetarium.,['WFlaechen'],['Planetarium']
Aggregation-sum Query,What is the total length of strassen in Volkspark am Weinberg?,['strassen'],['Volkspark am Weinberg']
Aggregation-sum Query,Can you provide the total water area of all Flaechen in Butzer See?,['Flaechen'],['Butzer See']
Aggregation-sum Query,Calculate the sum of all # in Kongreßhalle.,[],['Kongreßhalle']
Aggregation-sum Query,What is the sum of # in Schlachtensee?,[],['Schlachtensee']
Aggregation-sum Query,Compute the sum of # in Schillerpark.,[],['Schillerpark']
Aggregation-sum Query,Provide the total number of # in Berliner Dom.,[],['Berliner Dom']
Aggregation-sum Query,Can you calculate the land area of Sehenswuerdreg in Planetarium?,['Sehenswuerdreg'],['Planetarium']
Aggregation-sum Query,Compute the total area of Sehenswuerdreg in Nikolaikirche.,['Sehenswuerdreg'],['Nikolaikirche']
Aggregation-sum Query,List the total number of # in Hermsdorfer See.,[],['Hermsdorfer See']
Aggregation-sum Query,Can you tell me the total land area of all protected forests in Alter Park?,[],['Alter Park']
Aggregation-sum Query,I would like to know the combined water area of all Sehenswuerdreg in Müggelsee.,['Sehenswuerdreg'],['Müggelsee']
Aggregation-sum Query,Can you provide the sum of all # production in Dahme?,[],['Dahme']
Aggregation-sum Query,Compute the total area of WFlaechen in Stößensee.,['WFlaechen'],['Stößensee']
Aggregation-sum Query,Aggregate the total area covered by Sehenswuerdreg in Pfingstberg.,['Sehenswuerdreg'],['Pfingstberg']
Aggregation-sum Query,Give the total number of # in Monbijoupark.,[],['Monbijoupark']
Aggregation-sum Query,Calculate the total area of all Sehenswuerdreg located within KaDeWe.,['Sehenswuerdreg'],['KaDeWe']
Aggregation-sum Query,Aggregate the total area covered by Sehenswuerdreg in Krumme Lanke.,['Sehenswuerdreg'],['Krumme Lanke']
Aggregation-sum Query,Give the total number of # in Falkenwalde|Uckermark.,[],['Falkenwalde|Uckermark']
Aggregation-sum Query,Please provide the aggregate area of all WFlaechen in Wilhelm-Foerster-Sternwarte.,['WFlaechen'],['Wilhelm-Foerster-Sternwarte']
Aggregation-sum Query,What is the collective length of all PLZBoundaries in Ruinenberg?,['PLZBoundaries'],['Ruinenberg']
Aggregation-sum Query,Can you provide the combined surface area of all strassen that intersect Pfingstberg?,['strassen'],['Pfingstberg']
Aggregation-sum Query,Aggregate the total number of endangered species in Alte Nationalgalerie.,[],['Alte Nationalgalerie']
Aggregation-sum Query,List the total area covered by Flaechen in Flughafen Berlin-Schönefeld.,['Flaechen'],['Flughafen Berlin-Schönefeld']
Aggregation-sum Query,What is the total length of strassen in Der Insulaner?,['strassen'],['Der Insulaner']
Aggregation-sum Query,Please provide the total area of all Sehenswuerdreg in Pfingstberg.,['Sehenswuerdreg'],['Pfingstberg']
Aggregation-sum Query,Calculate the total # in Freizeit- und Erholungszentrum (FEZ).,[],['Freizeit- und Erholungszentrum (FEZ)']
Aggregation-sum Query,I would like to know the total land area covered by all Sehenswuerdreg in Landschaftspark Wuhletal.,['Sehenswuerdreg'],['Landschaftspark Wuhletal']
Aggregation-sum Query,Can you provide the combined area of all Sehenswuerdreg in Forsthaus Nikolskoe?,['Sehenswuerdreg'],['Forsthaus Nikolskoe']
Aggregation-sum Query,Calculate the total WFlaechen area in Villa Borsig.,['WFlaechen'],['Villa Borsig']
Aggregation-sum Query,Give me the total of # from Brosepark.,[],['Brosepark']
Aggregation-sum Query,Please provide the total water area of all Flaechen in Berliner Forst Tegel.,['Flaechen'],['Berliner Forst Tegel']
Aggregation-sum Query,List the total number of # in Gutspark Marienfelde.,[],['Gutspark Marienfelde']
Aggregation-sum Query,Can you provide the total water area of all WFlaechen in Stölpchensee?,['WFlaechen'],['Stölpchensee']
Aggregation-sum Query,Please provide the aggregate area of all Flaechen intersecting Westhafen.,['Flaechen'],['Westhafen']
Aggregation-sum Query,Can you tell me the combined water area of all WFlaechen in Neue Wache?,['WFlaechen'],['Neue Wache']
Aggregation-sum Query,Please provide the aggregate area of all Flaechen in Haus der Kulturen (Kongreßhalle).,['Flaechen'],['Haus der Kulturen (Kongreßhalle)']
Aggregation-sum Query,Compute the aggregate # in Kleisther.,[],['Kleisther']
Aggregation-sum Query,Give the total # in Görs.,[],['Görs']
Aggregation-sum Query,Can you calculate the total area of all Sehenswuerdreg intersecting Berliner Stadtforst Köpenick Range?,['Sehenswuerdreg'],['Berliner Stadtforst Köpenick']
Aggregation-sum Query,Can you tell me the sum of all # in Elster?,[],['Elster']
Aggregation-sum Query,Can you provide the sum of all # production in Großer Kuhwall?,[],['Großer Kuhwall']
Aggregation-sum Query,Calculate the sum of # in Ernst-Thälmann-Park.,[],['Ernst-Thälmann-Park']
Aggregation-sum Query,Can you give me the combined area of all Sehenswuerdreg in Landschaftspark Wuhletal?,['Sehenswuerdreg'],['Landschaftspark Wuhletal']
Aggregation-sum Query,Calculate the total length of all RBahn in Halensee.,['RBahn'],['Halensee']
Aggregation-sum Query,Please determine the combined area of all Sehenswuerdreg within Musical-Theater.,['Sehenswuerdreg'],['Musical-Theater']
Aggregation-sum Query,What is the accumulated number of # in Groß-Glienicker See?,[],['Groß-Glienicker See']
Aggregation-sum Query,List the total number of # in Neuer Garten.,[],['Neuer Garten']
Aggregation-sum Query,Can you provide the sum of all # production in Bezirksamt Kreuzberg?,[],['Bezirksamt Kreuzberg']
Aggregation-sum Query,Can you provide the aggregate area of all Flaechen intersecting Seddinsee?,['Flaechen'],['Seddinsee']
Aggregation-sum Query,Can you provide the aggregate land area of all # in Altglobsow?,[],['Altglobsow']
Aggregation-sum Query,Can you provide the combined area of all WFlaechen in Flughafensee?,['WFlaechen'],['Flughafensee']
Aggregation-sum Query,Can you provide the sum of # in Ottenthal?,[],['Ottenthal']
Aggregation-sum Query,Calculate the sum of # in Trebbin.,[],['Trebbin']
Aggregation-sum Query,List the sum of # in Butzer See.,[],['Butzer See']
Aggregation-sum Query,Compute the aggregate # in Taj Mahal.,[],['Taj Mahal']
Aggregation-sum Query,Identify the total Sehenswuerdreg area in Großer Zug.,['Sehenswuerdreg'],['Großer Zug']
Aggregation-sum Query,List the total area covered by WFlaechen in Friedrchstadtpalast.,['WFlaechen'],['Friedrchstadtpalast']
Aggregation-sum Query,Give the total number of # in Hotel Imperial - Brasserie Vintage.,[],['Hotel Imperial - Brasserie Vintage']
Aggregation-sum Query,Aggregate the total number of endangered species in Volkspark Schönholzer Heide.,[],['Volkspark Schönholzer Heide']
Aggregation-sum Query,Can you provide the aggregate land area of all # in Dianasee?,[],['Dianasee']
Aggregation-sum Query,Can you provide the combined area of all Flaechen in Hermsdorfer See?,['Flaechen'],['Hermsdorfer See']
Aggregation-sum Query,Can you provide the sum of all # production in Schloßpark Tegel?,[],['Schloßpark Tegel']
Aggregation-sum Query,What is the combined area of all Flaechen intersecting Flughafen Schönefeld?,['Flaechen'],['Flughafen Schönefeld']
Aggregation-sum Query,What is the sum of all # in Messelpark?,[],['Messelpark']
Aggregation-sum Query,Can you tell me the sum of all # in Spree?,[],['Spree']
Aggregation-sum Query,Can you tell me the sum of all # in Freilichtbühne Zitadelle?,[],['Freilichtbühne Zitadelle']
Aggregation-sum Query,Please provide the aggregate area of all WFlaechen in Amerika-Gedenkbibliothek.,['WFlaechen'],['Amerika-Gedenkbibliothek']
Aggregation-sum Query,Can you provide the combined area of all # in Ulrichshorst?,[],['Ulrichshorst']
Aggregation-sum Query,Can you tell me the total # of all # in Mittelheide?,[],['Mittelheide']
Aggregation-sum Query,Compute the overall coastline length of all islands in Deutscher Dom.,[],['Deutscher Dom']
Aggregation-sum Query,Can you calculate the water area of Sehenswuerdreg in Arena?,['Sehenswuerdreg'],['Arena']
Aggregation-sum Query,Can you provide the combined surface area of all Landstrassen that intersect Herthastr. (Grunewald)?,['Landstrassen'],['Herthastr. (Grunewald)']
Aggregation-sum Query,How much land area is shared between WFlaechen and Archenhold-Sternwarte?,['WFlaechen'],['Archenhold-Sternwarte']
Aggregation-sum Query,Can you provide the combined surface area of all WStrassen that intersect Berliner Forst Düppel?,['WStrassen'],['Berliner Forst Düppel']
Aggregation-sum Query,What is the combined extent of all Sehenswuerdreg in Pichelsdorfer Gemünd?,['Sehenswuerdreg'],['Pichelsdorfer Gemünd']
Aggregation-sum Query,List the sum of # in Charlottenbrücke.,[],['Charlottenbrücke']
Aggregation-sum Query,List the sum of # in Böcklerpark.,[],['Böcklerpark']
Aggregation-sum Query,Please provide the aggregate area of all Flaechen in Butzer See.,['Flaechen'],['Butzer See']
Aggregation-sum Query,Provide the total number of # in Königsheide.,[],['Königsheide']
Aggregation-sum Query,Can you calculate the water area of Flaechen in Naturtheater Hasenheide?,['Flaechen'],['Naturtheater Hasenheide']
Aggregation-sum Query,List the total length of all WStrassen in Charité-Krankenhaus.,['WStrassen'],['Charité-Krankenhaus']
Aggregation-sum Query,Compute the sum of # in Blumberg.,[],['Blumberg']
Aggregation-sum Query,Can you tell me the sum of all # in Mendelssohn-Bartholdy-Park?,[],['Mendelssohn-Bartholdy-Park']
Aggregation-sum Query,Can you provide the sum of # in Prösen Ost?,[],['Prösen Ost']
Aggregation-sum Query,I would like to know the total area of all Flaechen in Volkspark Rehberge.,['Flaechen'],['Volkspark Rehberge']
Aggregation-sum Query,I am interested in the aggregate area of all WFlaechen in Dahme.,['WFlaechen'],['Dahme']
Aggregation-sum Query,What is the sum of all # in Zitadelle?,[],['Zitadelle']
Aggregation-sum Query,What is the combined # in Europa-Center?,[],['Europa-Center']
Aggregation-sum Query,Find the sum of the lengths of all strassen in Fennsee.,['strassen'],['Fennsee']
Aggregation-sum Query,Calculate the total # in Messelpark.,[],['Messelpark']
Aggregation-sum Query,Can you provide the total water area of all WFlaechen in Ernst-Thälmann-Park?,['WFlaechen'],['Ernst-Thälmann-Park']
Aggregation-sum Query,Compute the aggregate # in Berlin-Spandau.,[],['Berlin-Spandau']
Aggregation-sum Query,Can you tell me the total # of all # in Messelpark?,[],['Messelpark']
Aggregation-sum Query,Can you provide the aggregate land area of all Sehenswuerdreg in Arena?,['Sehenswuerdreg'],['Arena']
Aggregation-sum Query,What is the total sum of WFlaechen in Goethepark?,['WFlaechen'],['Goethepark']
Aggregation-sum Query,How much land area is shared between Sehenswuerdreg and Görlitzer Park?,['Sehenswuerdreg'],['Görlitzer Park']
Aggregation-sum Query,Can you give me the combined area of all WFlaechen in Berliner Forst Tegel?,['WFlaechen'],['Berliner Forst Tegel']
Aggregation-sum Query,Please provide the total area of all WFlaechen in Schloßpark Niederschönhausen.,['WFlaechen'],['Schloßpark Niederschönhausen']
Aggregation-sum Query,Can you tell me the aggregate area of all Sehenswuerdreg in Zeiss-Planetarium?,['Sehenswuerdreg'],['Zeiss-Planetarium']
Aggregation-sum Query,Can you calculate the land area of WFlaechen in Schloß Pfaueninsel?,['WFlaechen'],['Schloß Pfaueninsel']
Aggregation-sum Query,Aggregate the total area covered by Sehenswuerdreg in Rathaus Charlottenburg.,['Sehenswuerdreg'],['Rathaus Charlottenburg']
Aggregation-sum Query,Can you calculate the water area of Sehenswuerdreg in Flughafen Tegel?,['Sehenswuerdreg'],['Flughafen Tegel']
Aggregation-sum Query,Can you provide the combined area of all # in Warnitz?,[],['Warnitz']
Aggregation-sum Query,I am interested in the aggregate area of all Flaechen in Bundesrat (?).,['Flaechen'],['Bundesrat (?)']
Aggregation-sum Query,What is the total area covered by Sehenswuerdreg in Schloß Niederschönhausen?,['Sehenswuerdreg'],['Schloß Niederschönhausen']
Aggregation-sum Query,Please calculate the total land area covered by all Flaechen in Planetarium.,['Flaechen'],['Planetarium']
Aggregation-sum Query,Please determine the aggregate water area of all Sehenswuerdreg within Schloßpark Tegel.,['Sehenswuerdreg'],['Schloßpark Tegel']
Aggregation-sum Query,Can you calculate the land area of Flaechen in Malchower See?,['Flaechen'],['Malchower See']
Aggregation-sum Query,Compute the aggregate # in St.-Josef-Krankenhaus.,[],['St.-Josef-Krankenhaus']
Aggregation-sum Query,I am interested in the aggregate area of all WFlaechen in Alter Spreearm.,['WFlaechen'],['Alter Spreearm']
Aggregation-sum Query,Aggregate the total number of endangered species in Rathaus Köpenick.,[],['Rathaus Köpenick']
Aggregation-sum Query,What is the total sum of Flaechen in Ruinenberg?,['Flaechen'],['Ruinenberg']
Aggregation-sum Query,What is the total area covered by WFlaechen in Berliner Stadtforst Köpenick?,['WFlaechen'],['Berliner Stadtforst Köpenick']
Aggregation-sum Query,What is the combined area of all WFlaechen intersecting Stölpchensee?,['WFlaechen'],['Stölpchensee']
Aggregation-sum Query,What is the collective length of all UBahn in Kanzleramt?,['UBahn'],['Kanzleramt']
Aggregation-sum Query,Give me the total of # from Schönow|Uckermark.,[],['Schönow|Uckermark']
Aggregation-sum Query,Calculate the sum of # in Fennpfuhl.,[],['Fennpfuhl']
Aggregation-sum Query,Please provide the total area of all WFlaechen intersecting Rudolph-Wilde-Park.,['WFlaechen'],['Rudolph-Wilde-Park']
Aggregation-sum Query,Identify the total Flaechen area in Hufeisensiedlung.,['Flaechen'],['Hufeisensiedlung']
Aggregation-sum Query,Calculate the combined area of all Sehenswuerdreg in Abgeordnetenhaus.,['Sehenswuerdreg'],['Abgeordnetenhaus']
Aggregation-sum Query,Give me the total of # from Universität der Künste.,[],['Universität der Künste']
Aggregation-sum Query,Calculate the sum of all # in Schloß Britz.,[],['Schloß Britz']
Aggregation-sum Query,Please determine the combined area of all WFlaechen within Krummendammer Heide.,['WFlaechen'],['Krummendammer Heide']
Aggregation-sum Query,Can you provide the sum of # in Altruppin?,[],['Altruppin']
Aggregation-sum Query,Give me the total of # from Der Insulaner.,[],['Der Insulaner']
Aggregation-sum Query,What is the total area of Flaechen in Thomashöhe?,['Flaechen'],['Thomashöhe']
Aggregation-sum Query,Calculate the sum of all # in Planetarium.,[],['Planetarium']
Aggregation-sum Query,Compute the total area of Sehenswuerdreg in Planetarium.,['Sehenswuerdreg'],['Planetarium']
Aggregation-sum Query,Can you tell me the combined area of all Flaechen in KaDeWe?,['Flaechen'],['KaDeWe']
Aggregation-sum Query,Can you calculate the land area of WFlaechen in Krossinsee?,['WFlaechen'],['Krossinsee']
Aggregation-sum Query,Find the sum of the lengths of all UBahn in Der Faule See.,['UBahn'],['Der Faule See']
Aggregation-sum Query,Please determine the combined land area of all Sehenswuerdreg within Müggelsee.,['Sehenswuerdreg'],['Müggelsee']
Aggregation-sum Query,Please determine the aggregate land area of all WFlaechen within Der Insulaner.,['WFlaechen'],['Der Insulaner']
Aggregation-sum Query,I am interested in the combined area of all Flaechen within Schloßgarten Charlottenburg.,['Flaechen'],['Schloßgarten Charlottenburg']
Aggregation-sum Query,Please provide the total area of all Sehenswuerdreg intersecting Spree.,['Sehenswuerdreg'],['Spree']
Aggregation-sum Query,Please calculate the total area of all Sehenswuerdreg intersecting Berliner Forst Tegel.,['Sehenswuerdreg'],['Berliner Forst Tegel']
Aggregation-sum Query,Please provide the aggregate area of all Sehenswuerdreg in Haus des Rundfunks.,['Sehenswuerdreg'],['Haus des Rundfunks']
Aggregation-sum Query,Calculate the sum of # in Frankenförde.,[],['Frankenförde']
Aggregation-sum Query,I am interested in the combined area of all Sehenswuerdreg within Grimmstr..,['Sehenswuerdreg'],['Grimmstr.']
Aggregation-sum Query,Calculate the sum of all # in Gedenkstätte Deutscher Widerstand.,[],['Gedenkstätte Deutscher Widerstand']
Aggregation-sum Query,Can you provide the combined area of all # in Schloßgarten Charlottenburg?,[],['Schloßgarten Charlottenburg']
Aggregation-sum Query,List the sum of # in Ballin.,[],['Ballin']
Aggregation-sum Query,Can you provide the combined area of all Flaechen in Berliner Forst Tegel?,['Flaechen'],['Berliner Forst Tegel']
Aggregation-sum Query,Provide the sum of # in Müggelsee.,[],['Müggelsee']
Aggregation-sum Query,Can you provide the aggregate area of all Flaechen intersecting Schloß Britz?,['Flaechen'],['Schloß Britz']
Aggregation-sum Query,Can you tell me the total land area of all protected forests in Mauerpark?,[],['Mauerpark']
Aggregation-sum Query,Can you provide the combined area of all # in Buschbeck's?,[],"[""Buschbeck's""]"
Aggregation-sum Query,What is the total sum of Flaechen in Kapellenberg?,['Flaechen'],['Kapellenberg']
Aggregation-sum Query,I am interested in the combined land area of all Flaechen within Wuhlheide (Volkspark und FEZ).,['Flaechen'],['Wuhlheide (Volkspark und FEZ)']
Aggregation-sum Query,Compute the sum of all # in Haus Zenner.,[],['Haus Zenner']
Aggregation-sum Query,I would like to know the total land area covered by all Flaechen in Schillerpark.,['Flaechen'],['Schillerpark']
Aggregation-sum Query,Find the sum of the lengths of all WStrassen in Ruinenberg.,['WStrassen'],['Ruinenberg']
Aggregation-sum Query,Calculate the total area of all Flaechen located within Teltowkanal.,['Flaechen'],['Teltowkanal']
Aggregation-sum Query,What is the sum of all # in Stößensee?,[],['Stößensee']
Aggregation-sum Query,Can you tell me the sum of all # in Siegessäule?,[],['Siegessäule']
Aggregation-sum Query,Please provide the total area of all Flaechen in Hufeisensiedlung.,['Flaechen'],['Hufeisensiedlung']
Aggregation-sum Query,I would like to know the total water area covered by all WFlaechen in Schloß Charlottenburg.,['WFlaechen'],['Schloß Charlottenburg']
Aggregation-sum Query,What is the total sum of Sehenswuerdreg in Freizeit- und Erholungszentrum (FEZ)?,['Sehenswuerdreg'],['Freizeit- und Erholungszentrum (FEZ)']
Aggregation-sum Query,Provide the total number of # in Teufelssee.,[],['Teufelssee']
Aggregation-sum Query,List the total length of all UBahn in Haus des Rundfunks.,['UBahn'],['Haus des Rundfunks']
Aggregation-sum Query,Calculate the total Sehenswuerdreg area in Friedrich-Ludwig-Jahn-Sportpark.,['Sehenswuerdreg'],['Friedrich-Ludwig-Jahn-Sportpark']
Aggregation-sum Query,Give the total # in Alarichplatz.,[],['Alarichplatz']
Aggregation-sum Query,Please determine the combined area of all Flaechen within Volkspark Anton Saefkow.,['Flaechen'],['Volkspark Anton Saefkow']
Aggregation-sum Query,Can you provide the aggregate land area of all Flaechen in Heiligensee?,['Flaechen'],['Heiligensee']
Aggregation-sum Query,Can you tell me the total area of all Sehenswuerdreg intersecting Dammheide?,['Sehenswuerdreg'],['Dammheide']
Aggregation-sum Query,What is the combined area of all WFlaechen intersecting Berliner Stadtforst Köpenick?,['WFlaechen'],['Berliner Stadtforst Köpenick']
Aggregation-sum Query,Please calculate the total land area covered by all Sehenswuerdreg in Schmöckwitzer Werder.,['Sehenswuerdreg'],['Schmöckwitzer Werder']
Aggregation-sum Query,Can you provide the aggregate land area of all # in Grimnitzsee?,[],['Grimnitzsee']
Aggregation-sum Query,Please determine the aggregate land area of all Flaechen within Bezirksamt Kreuzberg.,['Flaechen'],['Bezirksamt Kreuzberg']
Aggregation-sum Query,Please provide the aggregate area of all Sehenswuerdreg in Bürgerpark.,['Sehenswuerdreg'],['Bürgerpark']
Aggregation-sum Query,Compute the aggregate # in Berliner Stadtforst Köpenick.,[],['Berliner Stadtforst Köpenick']
Aggregation-sum Query,Give me the total of # from Gemeindepark Lankwitz.,[],['Gemeindepark Lankwitz']
Aggregation-sum Query,Can you provide the sum of all # production in Großer Kuhwall?,[],['Großer Kuhwall']
Aggregation-sum Query,Compute the total area of Sehenswuerdreg in Grimmstr..,['Sehenswuerdreg'],['Grimmstr.']
Aggregation-sum Query,Can you tell me the sum of all # in Wahrenbrück?,[],['Wahrenbrück']
Aggregation-sum Query,Can you provide the sum of # in Cantamaggio ­ Vino e cucina?,[],['Cantamaggio \xad Vino e cucina']
Aggregation-sum Query,Can you provide the aggregate area of all Sehenswuerdreg intersecting Renaissance-Theater?,['Sehenswuerdreg'],['Renaissance-Theater']
Aggregation-sum Query,Please determine the total area of all Sehenswuerdreg in Plötzensee|(Berlin-Wedding).,['Sehenswuerdreg'],['Plötzensee|(Berlin-Wedding)']
Aggregation-sum Query,I would like to know the total area of all WFlaechen in Havel.,['WFlaechen'],['Havel']
Aggregation-sum Query,Can you provide the combined area of all WFlaechen in Haus der Kulturen (Kongreßhalle)?,['WFlaechen'],['Haus der Kulturen (Kongreßhalle)']
Aggregation-sum Query,I would like to know the total water area of all Sehenswuerdreg in Klare Lanke.,['Sehenswuerdreg'],['Klare Lanke']
Aggregation-sum Query,Can you provide the combined surface area of all RBahn that intersect Lingdong Road?,['RBahn'],['Lingdong Road']
Aggregation-sum Query,What is the total number of Flaechen in Königsheide?,['Flaechen'],['Königsheide']
Aggregation-sum Query,What is the accumulated number of # in Rehwiese?,[],['Rehwiese']
Aggregation-sum Query,Aggregate the total number of endangered species in Gosener Kanal.,[],['Gosener Kanal']
Aggregation-sum Query,Compute the sum of # in Dahme.,[],['Dahme']
Aggregation-sum Query,Can you tell me the total area covered by lakes in Südhafen?,[],['Südhafen']
Aggregation-sum Query,I would like to know the combined water area of all WFlaechen in Berliner Forst Düppel.,['WFlaechen'],['Berliner Forst Düppel']
Aggregation-sum Query,Please determine the combined land area of all Sehenswuerdreg within Freilichtbühne Wuhlheide.,['Sehenswuerdreg'],['Freilichtbühne Wuhlheide']
Aggregation-sum Query,Give me the total of # from Enzian.,[],['Enzian']
Aggregation-sum Query,Can you provide the sum of # in Aquarium?,[],['Aquarium']
Aggregation-sum Query,Can you provide the combined surface area of all Wasserumland2 that intersect Rehwiese?,['Wasserumland2'],['Rehwiese']
Aggregation-sum Query,What is the accumulated number of # in Landschaftspark Wuhletal (Ahrensfelder Berge)?,[],['Landschaftspark Wuhletal (Ahrensfelder Berge)']
Aggregation-sum Query,What is the sum of all # in Flughafen Tempelhof?,[],['Flughafen Tempelhof']
Aggregation-sum Query,Please calculate the combined area of all WFlaechen in Heinrich-von-Kleist-Park.,['WFlaechen'],['Heinrich-von-Kleist-Park']
Aggregation-sum Query,Can you tell me the total land area of all protected forests in Freizeitpark Tegel?,[],['Freizeitpark Tegel']
Aggregation-sum Query,Calculate the sum of # in Strehla.,[],['Strehla']
Aggregation-sum Query,What is the combined extent of all Flaechen in St. Hedwigs-Kathedrale?,['Flaechen'],['St. Hedwigs-Kathedrale']
Aggregation-sum Query,Calculate the sum of # in Gesundbrunnen.,[],['Gesundbrunnen']
Aggregation-sum Query,What is the total area of WFlaechen in Bodemuseum?,['WFlaechen'],['Bodemuseum']
Aggregation-sum Query,Aggregate the total number of endangered species in Forsthaus Nikolskoe.,[],['Forsthaus Nikolskoe']
Aggregation-sum Query,List the total length of all SBahn in Berliner Stadtforst Köpenick.,['SBahn'],['Berliner Stadtforst Köpenick']
Aggregation-sum Query,I would like to know the total water area of all WFlaechen in Finkenpark.,['WFlaechen'],['Finkenpark']
Aggregation-sum Query,Identify the total Sehenswuerdreg area in Dianasee.,['Sehenswuerdreg'],['Dianasee']
Aggregation-sum Query,Please determine the combined land area of all Sehenswuerdreg within Bauhaus-Archiv.,['Sehenswuerdreg'],['Bauhaus-Archiv']
Aggregation-sum Query,Can you provide the combined surface area of all RBahn that intersect Messelpark?,['RBahn'],['Messelpark']
Aggregation-sum Query,Can you provide the combined water area of all Wasserumland2 intersecting Zitadelle?,['Wasserumland2'],['Zitadelle']
Aggregation-sum Query,What is the combined extent of all WFlaechen in Zitadelle?,['WFlaechen'],['Zitadelle']
Aggregation-sum Query,Can you provide the combined surface area of all PLZBoundaries that intersect Messelpark?,['PLZBoundaries'],['Messelpark']
Aggregation-sum Query,Please determine the combined area of all Sehenswuerdreg within Berliner Stadtforst Köpenick.,['Sehenswuerdreg'],['Berliner Stadtforst Köpenick']
Aggregation-sum Query,I am interested in the aggregate water area of all Flaechen in Zoologischer Garten.,['Flaechen'],['Zoologischer Garten']
Aggregation-sum Query,Can you provide the sum of # in Klare Lanke?,[],['Klare Lanke']
Aggregation-sum Query,I am interested in the combined water area of all Sehenswuerdreg within Museum für Naturkunde.,['Sehenswuerdreg'],['Museum für Naturkunde']
Aggregation-sum Query,What is the combined # in Dahme?,[],['Dahme']
Aggregation-sum Query,What is the total sum of WFlaechen in Europa-Center?,['WFlaechen'],['Europa-Center']
Aggregation-sum Query,Compute the sum of # in Mirbachplatz.,[],['Mirbachplatz']
Aggregation-sum Query,I would like to know the total land area covered by all Sehenswuerdreg in Der Insulaner.,['Sehenswuerdreg'],['Der Insulaner']
Aggregation-sum Query,List the total length of all Faehren in ICC.,['Faehren'],['ICC']
Aggregation-sum Query,I would like to know the total water area covered by all WFlaechen in Musical-Theater.,['WFlaechen'],['Musical-Theater']
Aggregation-sum Query,Can you provide the combined area of all # in Gianni Trattoria Toscana?,[],['Gianni Trattoria Toscana']
Aggregation-sum Query,Can you tell me the total area covered by lakes in ICC?,[],['ICC']
Aggregation-sum Query,List the total length of all PLZBoundaries in Pichelsdorfer Gemünd.,['PLZBoundaries'],['Pichelsdorfer Gemünd']
Aggregation-sum Query,Can you provide the sum of # in Nordhafen Spandau?,[],['Nordhafen Spandau']
Aggregation-sum Query,Can you provide the aggregate area of all Flaechen intersecting Rangsdorf - Glienick?,['Flaechen'],['Rangsdorf - Glienick']
Aggregation-sum Query,Can you tell me the combined water area of all Flaechen in Berlin-Museum?,['Flaechen'],['Berlin-Museum']
Aggregation-sum Query,Provide the total number of # in Waldbühne.,[],['Waldbühne']
Aggregation-sum Query,Can you provide the sum of # in Französischer Dom?,[],['Französischer Dom']
Aggregation-sum Query,What is the sum of all # in Baumwerder?,[],['Baumwerder']
Aggregation-sum Query,Calculate the combined area of all Sehenswuerdreg in Hochmeisterplatz.,['Sehenswuerdreg'],['Hochmeisterplatz']
Aggregation-sum Query,Can you calculate the total area of all WFlaechen intersecting Gosener Kanal Range?,['WFlaechen'],['Gosener Kanal']
Aggregation-sum Query,Can you tell me the total land area occupied by all Sehenswuerdreg in Flughafen Schönefeld?,['Sehenswuerdreg'],['Flughafen Schönefeld']
Aggregation-sum Query,What is the sum of # in Baerwaldstr.?,[],['Baerwaldstr.']
Aggregation-sum Query,List the sum of # in Nanjing Geological Museum.,[],['Nanjing Geological Museum']
Aggregation-sum Query,Can you provide the total number of # in Deutscher Dom?,[],['Deutscher Dom']
Aggregation-sum Query,Provide the sum of # in Griebnitzsee.,[],['Griebnitzsee']
Aggregation-sum Query,Give me the total value of # from Europa-Center.,[],['Europa-Center']
Aggregation-sum Query,Calculate the aggregate length of all Faehren in Märkisches Museum.,['Faehren'],['Märkisches Museum']
Aggregation-sum Query,What is the sum of # in Reichstag?,[],['Reichstag']
Aggregation-sum Query,Can you calculate the land area of Sehenswuerdreg in Groß-Glienicker See?,['Sehenswuerdreg'],['Groß-Glienicker See']
Aggregation-sum Query,Compute the overall coastline length of all islands in Plötzensee|(Berlin-Wedding).,[],['Plötzensee|(Berlin-Wedding)']
Aggregation-sum Query,List the total length of all Wasserumland2 in Wuhlheide (Volkspark und FEZ).,['Wasserumland2'],['Wuhlheide (Volkspark und FEZ)']
Aggregation-sum Query,Please calculate the total area of all WFlaechen intersecting Der Insulaner.,['WFlaechen'],['Der Insulaner']
Aggregation-sum Query,Provide the sum of # in Franckepark.,[],['Franckepark']
Aggregation-sum Query,Please provide the total area of all WFlaechen intersecting Rudolph-Wilde-Park.,['WFlaechen'],['Rudolph-Wilde-Park']
Aggregation-sum Query,Please provide the aggregate area of all WFlaechen in Plötzensee|(Berlin-Wedding).,['WFlaechen'],['Plötzensee|(Berlin-Wedding)']
Aggregation-sum Query,Compute the aggregate # in Wittenberge.,[],['Wittenberge']
Aggregation-sum Query,I would like to know the total water area of all WFlaechen in Havel.,['WFlaechen'],['Havel']
Aggregation-sum Query,Identify the total Flaechen area in Schauspielhaus.,['Flaechen'],['Schauspielhaus']
Aggregation-sum Query,Compute the aggregate # in Universitätsklinikum Rudolf Virchow.,[],['Universitätsklinikum Rudolf Virchow']
Aggregation-sum Query,What is the total area covered by Sehenswuerdreg in Schillerpark?,['Sehenswuerdreg'],['Schillerpark']
Aggregation-sum Query,Give the total # in Waldbühne.,[],['Waldbühne']
Aggregation-sum Query,How much land area is shared between Sehenswuerdreg and Berliner Stadtforst Köpenick?,['Sehenswuerdreg'],['Berliner Stadtforst Köpenick']
Aggregation-sum Query,Can you tell me the sum of all # in Gedenkstätte Deutscher Widerstand?,[],['Gedenkstätte Deutscher Widerstand']
Aggregation-sum Query,Give the total # in Spree.,[],['Spree']
Aggregation-sum Query,Can you tell me the total area covered by lakes in Rudower Höhe?,[],['Rudower Höhe']
Aggregation-sum Query,Can you tell me the combined water area of all WFlaechen in Hasenheide?,['WFlaechen'],['Hasenheide']
Aggregation-sum Query,Can you provide the combined area of all # in Plötzensee|(Berlin-Wedding)?,[],['Plötzensee|(Berlin-Wedding)']
Aggregation-sum Query,Can you provide the total number of # in Krummendammer Heide?,[],['Krummendammer Heide']
Aggregation-sum Query,How much land area is shared between WFlaechen and Schlachtensee?,['WFlaechen'],['Schlachtensee']
Aggregation-sum Query,Can you provide the combined area of all # in Kammergericht?,[],['Kammergericht']
Aggregation-sum Query,I am interested in the combined area of all Flaechen within Ernst-Thälmann-Park.,['Flaechen'],['Ernst-Thälmann-Park']
Aggregation-sum Query,I would like to know the total land area covered by all WFlaechen in Universitäts-Bibliothek.,['WFlaechen'],['Universitäts-Bibliothek']
Aggregation-sum Query,Give the total # in Goethepark.,[],['Goethepark']
Aggregation-sum Query,Give me the total value of # from Florian.,[],['Florian']
Aggregation-sum Query,List the sum of # in Intimes.,[],['Intimes']
Aggregation-sum Query,Provide the sum of # in Berliner Stadtforst Köpenick.,[],['Berliner Stadtforst Köpenick']
Aggregation-sum Query,Can you provide the aggregate land area of all # in Hohenschönhausen?,[],['Hohenschönhausen']
Aggregation-sum Query,I would like to know the total water area of all Sehenswuerdreg in Rotes Rathaus.,['Sehenswuerdreg'],['Rotes Rathaus']
Aggregation-sum Query,Can you tell me the combined water area of all Sehenswuerdreg in Berliner Forst Düppel?,['Sehenswuerdreg'],['Berliner Forst Düppel']
Aggregation-sum Query,Can you provide the sum of all # production in Volkspark Wilmersdorf?,[],['Volkspark Wilmersdorf']
Aggregation-sum Query,List the total area covered by Sehenswuerdreg in Kapellenberg.,['Sehenswuerdreg'],['Kapellenberg']
Aggregation-sum Query,Calculate the total area of all WFlaechen located within Krummendammer Heide.,['WFlaechen'],['Krummendammer Heide']
Aggregation-sum Query,Please determine the aggregate water area of all Sehenswuerdreg within Wuhlheide.,['Sehenswuerdreg'],['Wuhlheide']
Aggregation-sum Query,List the total area covered by Flaechen in Jungfernbrücke.,['Flaechen'],['Jungfernbrücke']
Aggregation-sum Query,Can you provide the sum of all # exports from St.-Josef-Krankenhaus?,[],['St.-Josef-Krankenhaus']
Aggregation-sum Query,Can you provide the sum of all # production in Lindwerder?,[],['Lindwerder']
Aggregation-sum Query,Calculate the aggregate length of all road in Deutschlandhalle.,['road'],['Deutschlandhalle']
Aggregation-sum Query,Can you tell me the total area covered by lakes in Staatsbibliothek?,[],['Staatsbibliothek']
Aggregation-sum Query,Can you tell me the total area covered by lakes in Archenhold-Sternwarte?,[],['Archenhold-Sternwarte']
Aggregation-sum Query,What is the sum of all # in Jungfernheideteich?,[],['Jungfernheideteich']
Aggregation-sum Query,Calculate the aggregate length of all RBahn in Müggelsee.,['RBahn'],['Müggelsee']
Aggregation-sum Query,Provide the sum of # in Neue Nationalgalerie.,[],['Neue Nationalgalerie']
Aggregation-sum Query,I would like to know the combined water area of all Flaechen in Zeiss-Planetarium.,['Flaechen'],['Zeiss-Planetarium']
Aggregation-sum Query,Please calculate the combined area of all Sehenswuerdreg in Planetarium.,['Sehenswuerdreg'],['Planetarium']
Aggregation-sum Query,I would like to know the combined water area of all WFlaechen in Teltowkanal.,['WFlaechen'],['Teltowkanal']
Aggregation-sum Query,Can you tell me the total land area occupied by all Sehenswuerdreg in Park Sanssouci?,['Sehenswuerdreg'],['Park Sanssouci']
Aggregation-sum Query,Can you tell me the total area covered by lakes in Auswärtiges Amt?,[],['Auswärtiges Amt']
Aggregation-sum Query,What is the total number of Sehenswuerdreg in Grunewaldsee?,['Sehenswuerdreg'],['Grunewaldsee']
Aggregation-sum Query,Can you provide the sum of all # exports from Jungfernheideteich?,[],['Jungfernheideteich']
Aggregation-sum Query,Can you tell me the combined water area of all Flaechen in Maselakekanal?,['Flaechen'],['Maselakekanal']
Aggregation-sum Query,Can you tell me the total # of all # in Märkisches Museum?,[],['Märkisches Museum']
Aggregation-sum Query,Give me the total value of # from Steglitz.,[],['Steglitz']
Aggregation-sum Query,Please determine the combined area of all WFlaechen within Park Sanssouci.,['WFlaechen'],['Park Sanssouci']
Aggregation-sum Query,Can you tell me the sum of all # in Viktoriapark?,[],['Viktoriapark']
Aggregation-sum Query,Can you tell me the aggregate area of all Flaechen in Hauptgebäude der TU?,['Flaechen'],['Hauptgebäude der TU']
Aggregation-sum Query,What is the sum of # in Erholungspark Marzahn (Kienberg)?,[],['Erholungspark Marzahn (Kienberg)']
Aggregation-sum Query,Can you provide the combined surface area of all SBahn that intersect Hüttenweg?,['SBahn'],['Hüttenweg']
Aggregation-sum Query,What is the total length of Faehren in Deutscher Dom?,['Faehren'],['Deutscher Dom']
Aggregation-sum Query,Aggregate the total number of endangered species in Städtisches Krankenhaus Friedrichshain.,[],['Städtisches Krankenhaus Friedrichshain']
Aggregation-sum Query,Give the total number of # in Schlesischer Busch.,[],['Schlesischer Busch']
Aggregation-sum Query,I am interested in the aggregate land area of all Sehenswuerdreg in Fennpfuhl.,['Sehenswuerdreg'],['Fennpfuhl']
Aggregation-sum Query,What is the combined # in Eisenbahn-Markthalle?,[],['Eisenbahn-Markthalle']
Aggregation-sum Query,What is the total sum of Sehenswuerdreg in Rehwiese?,['Sehenswuerdreg'],['Rehwiese']
Aggregation-sum Query,I am interested in the aggregate water area of all Flaechen in Gutspark Britz.,['Flaechen'],['Gutspark Britz']
Aggregation-sum Query,Calculate the aggregate length of all PLZBoundaries in Zeiss-Planetarium.,['PLZBoundaries'],['Zeiss-Planetarium']
Aggregation-sum Query,Please determine the combined land area of all WFlaechen within Flughafensee.,['WFlaechen'],['Flughafensee']
Aggregation-sum Query,Can you tell me the total land area of all protected forests in Müggelsee?,[],['Müggelsee']
Aggregation-sum Query,Compute the overall coastline length of all islands in Heiligensee.,[],['Heiligensee']
Aggregation-sum Query,Give me the total value of # from Universitäts-Bibliothek.,[],['Universitäts-Bibliothek']
Aggregation-sum Query,Can you provide the total area of Sehenswuerdreg in Schmöckwitzer Werder?,['Sehenswuerdreg'],['Schmöckwitzer Werder']
Aggregation-sum Query,Compute the sum of # in Café Savarin.,[],['Café Savarin']
Aggregation-sum Query,Calculate the sum of # in Schloß Pfaueninsel.,[],['Schloß Pfaueninsel']
Aggregation-sum Query,Provide the sum of # in Böcklerpark.,[],['Böcklerpark']
Aggregation-sum Query,What is the combined # in Rathaus Charlottenburg?,[],['Rathaus Charlottenburg']
Aggregation-sum Query,Compute the overall coastline length of all islands in Wuhlheide.,[],['Wuhlheide']
Aggregation-sum Query,I am interested in the aggregate water area of all Flaechen in Fennsee.,['Flaechen'],['Fennsee']
Aggregation-sum Query,I am interested in the aggregate area of all WFlaechen in Seddinsee.,['WFlaechen'],['Seddinsee']
Aggregation-sum Query,I am interested in the combined land area of all Flaechen within Gutspark Marienfelde.,['Flaechen'],['Gutspark Marienfelde']
Aggregation-sum Query,Compute the total area of Sehenswuerdreg in Berliner Stadtforst Köpenick.,['Sehenswuerdreg'],['Berliner Stadtforst Köpenick']
Aggregation-sum Query,I would like to know the combined water area of all Sehenswuerdreg in Lietzensee.,['Sehenswuerdreg'],['Lietzensee']
Aggregation-sum Query,List the sum of # in Rehwiese.,[],['Rehwiese']
Aggregation-sum Query,Please determine the combined land area of all Flaechen within Stadtpark Steglitz.,['Flaechen'],['Stadtpark Steglitz']
Basic-area Query,I'm interested in the dimensions of Messelpark in Flaechen.,['Flaechen'],['Messelpark']
Basic-area Query,What's the magnitude of Wuhlheide (Volkspark und FEZ) in Flaechen?,['Flaechen'],['Wuhlheide (Volkspark und FEZ)']
Basic-area Query,What are the grand dimensions of Französischer Dom in Sehenswuerdreg?,['Sehenswuerdreg'],['Französischer Dom']
Basic-area Query,What is the total land area of Stölpchensee?,[],['Stölpchensee']
Basic-area Query,What is the total land area of Palast der Republik in Sehenswuerdreg?,['Sehenswuerdreg'],['Palast der Republik']
Basic-area Query,What's the vastness of Maienwerder in Flaechen?,['Flaechen'],['Maienwerder']
Basic-area Query,Surface area of Teufelssee in WFlaechen?,['WFlaechen'],['Teufelssee']
Basic-area Query,What's the grandeur of Waldbühne in Sehenswuerdreg?,['Sehenswuerdreg'],['Waldbühne']
Basic-area Query,Dimensions of Villa Borsig in Sehenswuerdreg?,['Sehenswuerdreg'],['Villa Borsig']
Basic-area Query,What is the size of Stadtbibliothek in Sehenswuerdreg?,['Sehenswuerdreg'],['Stadtbibliothek']
Basic-area Query,Can you provide the dimensions of Columbiahalle in Sehenswuerdreg?,['Sehenswuerdreg'],['Columbiahalle']
Basic-area Query,I'm fascinated by the vast expanse covered by East-Side-Gallery in Sehenswuerdreg.,['Sehenswuerdreg'],['East-Side-Gallery']
Basic-area Query,What is the total land area of Halensee situated in WFlaechen?,['WFlaechen'],['Halensee']
Basic-area Query,Kindly furnish me with the geographical dimensions of Hauptgebäude der TU in Sehenswuerdreg.,['Sehenswuerdreg'],['Hauptgebäude der TU']
Basic-area Query,What's the land size of Flughafen Tegel located in Sehenswuerdreg?,['Sehenswuerdreg'],['Flughafen Tegel']
Basic-area Query,Erholungspark Marzahn (Kienberg)'s dimensions in Flaechen?,['Flaechen'],['Erholungspark Marzahn (Kienberg)']
Basic-area Query,I'm interested in the territorial area of Schloßpark Köpenick in Flaechen.,['Flaechen'],['Schloßpark Köpenick']
Basic-area Query,I'm fascinated by the vast expanse covered by Gatower Heide in Flaechen.,['Flaechen'],['Gatower Heide']
Basic-area Query,What is the total land area of Maselakekanal?,[],['Maselakekanal']
Basic-area Query,I'm intrigued by the spatial dimensions of Pfingstberg in Flaechen.,['Flaechen'],['Pfingstberg']
Basic-area Query,What is the area of Tierpark Friedrichsfelde within Flaechen?,['Flaechen'],['Tierpark Friedrichsfelde']
Basic-area Query,What's the grandeur of Springpfuhl in WFlaechen?,['WFlaechen'],['Springpfuhl']
Basic-area Query,I'm intrigued by the spatial dimensions of Stadtpark Biesdorf in Flaechen.,['Flaechen'],['Stadtpark Biesdorf']
Basic-area Query,Could you please provide the areal specifications of Staatsbibliothek in Sehenswuerdreg?,['Sehenswuerdreg'],['Staatsbibliothek']
Basic-area Query,What is the area of the Palace of Martin-Gropius-Bau situated in Sehenswuerdreg?,['Sehenswuerdreg'],['Martin-Gropius-Bau']
Basic-area Query,What is the areal spread of Orankesee in WFlaechen?,['WFlaechen'],['Orankesee']
Basic-area Query,What's the monumental scale of Liebesinsel in Flaechen?,['Flaechen'],['Liebesinsel']
Basic-area Query,Please provide insights into the expanse of Schloßgarten Charlottenburg in Flaechen.,['Flaechen'],['Schloßgarten Charlottenburg']
Basic-area Query,Could you reveal the monumental scale of Stößensee in WFlaechen?,['WFlaechen'],['Stößensee']
Basic-area Query,Please tell me the area of Groß-Glienicker See located in WFlaechen.,['WFlaechen'],['Groß-Glienicker See']
Basic-area Query,I'm seeking the areal specifications of Holländisches Viertel in Sehenswuerdreg.,['Sehenswuerdreg'],['Holländisches Viertel']
Basic-area Query,What is the size of Schloßpark Niederschönhausen in Flaechen?,['Flaechen'],['Schloßpark Niederschönhausen']
Basic-area Query,What is the areal spread of Eisenbahn-Markthalle in Sehenswuerdreg?,['Sehenswuerdreg'],['Eisenbahn-Markthalle']
Basic-area Query,Could you please provide the area details of Rehwiese in Flaechen?,['Flaechen'],['Rehwiese']
Basic-area Query,What is the expanse of Marstall in Sehenswuerdreg?,['Sehenswuerdreg'],['Marstall']
Basic-area Query,What's the vast expanse covered by Teufelsseekanal in WFlaechen?,['WFlaechen'],['Teufelsseekanal']
Basic-area Query,Could you please furnish the area specifications for Dämeritzsee of WFlaechen?,['WFlaechen'],['Dämeritzsee']
Basic-area Query,Europa-Center's dimensions in Sehenswuerdreg?,['Sehenswuerdreg'],['Europa-Center']
Basic-area Query,What is the areal spread of Eiswerder in Flaechen?,['Flaechen'],['Eiswerder']
Basic-area Query,Can you provide the area of Plänterwald in Flaechen?,['Flaechen'],['Plänterwald']
Basic-area Query,Brosepark in Flaechen's area?,['Flaechen'],['Brosepark']
Basic-area Query,What is the total land area of Martin-Gropius-Bau?,[],['Martin-Gropius-Bau']
Basic-area Query,What are the celestial dimensions of Die Banke in WFlaechen?,['WFlaechen'],['Die Banke']
Basic-area Query,What is the total area of Rehwiese in Flaechen?,['Flaechen'],['Rehwiese']
Basic-area Query,"I'm fascinated by the sheer enormity of Maselakekanal, WFlaechen.",['WFlaechen'],['Maselakekanal']
Basic-area Query,Expanse of Marienkirche in Sehenswuerdreg?,['Sehenswuerdreg'],['Marienkirche']
Basic-area Query,"What is the expanse of Wuhlheide (Volkspark und FEZ), Flaechen?",['Flaechen'],['Wuhlheide (Volkspark und FEZ)']
Basic-area Query,What's the towering scale of Kleiner Kuhwall in Flaechen?,['Flaechen'],['Kleiner Kuhwall']
Basic-area Query,Provide an overview of the geographical area encompassed by Dammheide in Flaechen.,['Flaechen'],['Dammheide']
Basic-area Query,Can you give me the area of Malchower See in WFlaechen?,['WFlaechen'],['Malchower See']
Basic-area Query,I'm seeking the areal specifications of Corbusier-Haus in Sehenswuerdreg.,['Sehenswuerdreg'],['Corbusier-Haus']
Basic-area Query,What are the dimensions of Schloßpark Köpenick located in Flaechen?,['Flaechen'],['Schloßpark Köpenick']
Basic-area Query,Can you provide the area of Großer Zug in WFlaechen?,['WFlaechen'],['Großer Zug']
Basic-area Query,What's the grandeur of Kleiner Wannsee in WFlaechen?,['WFlaechen'],['Kleiner Wannsee']
Basic-area Query,Spree's expanse in WFlaechen?,['WFlaechen'],['Spree']
Basic-area Query,What are the dimensions of Prinz-Friedrich-Leopold-Kanal in WFlaechen?,['WFlaechen'],['Prinz-Friedrich-Leopold-Kanal']
Basic-area Query,What is the approximate geographical area of Aalemannkanal in WFlaechen?,['WFlaechen'],['Aalemannkanal']
Basic-area Query,Städtisches Krankenhaus Friedrichshain's expanse in Sehenswuerdreg?,['Sehenswuerdreg'],['Städtisches Krankenhaus Friedrichshain']
Basic-area Query,What is the territorial spread of Messelpark in Flaechen?,['Flaechen'],['Messelpark']
Basic-area Query,Could you please furnish the area specifications for Sacrower Lanke of WFlaechen?,['WFlaechen'],['Sacrower Lanke']
Basic-area Query,Can you provide the area of Baerwaldstr. in Flaechen?,['Flaechen'],['Baerwaldstr.']
Basic-area Query,Could you please provide the area of Havel in WFlaechen?,['WFlaechen'],['Havel']
Basic-area Query,Buga-Gelände's expanse in Flaechen?,['Flaechen'],['Buga-Gelände']
Basic-area Query,I'm intrigued by the immense scale of Prinz-Friedrich-Leopold-Kanal in WFlaechen.,['WFlaechen'],['Prinz-Friedrich-Leopold-Kanal']
Basic-area Query,Could you please detail the geographical area of Kleiner Müggelsee?,[],['Kleiner Müggelsee']
Basic-area Query,I'm intrigued by the immense scale of Französischer Dom in Sehenswuerdreg.,['Sehenswuerdreg'],['Französischer Dom']
Basic-area Query,What are the dimensions of Ruhlebener Altarm of WFlaechen?,['WFlaechen'],['Ruhlebener Altarm']
Basic-area Query,I'm wondering about the territorial area of Hubertussee in WFlaechen.,['WFlaechen'],['Hubertussee']
Basic-area Query,Please tell me the area of Spree in WFlaechen.,['WFlaechen'],['Spree']
Basic-area Query,Surface area of Langer See (Dahme) in WFlaechen?,['WFlaechen'],['Langer See (Dahme)']
Basic-area Query,I'm wondering about the territorial area of Staatsoper in Sehenswuerdreg.,['Sehenswuerdreg'],['Staatsoper']
Basic-area Query,I'm intrigued by the immense scale of Müggelsee in WFlaechen.,['WFlaechen'],['Müggelsee']
Basic-area Query,Could you reveal the immense scale of Großer Wannsee in WFlaechen?,['WFlaechen'],['Großer Wannsee']
Basic-area Query,Please enumerate the areal dimensions of Kleiner Wannsee in WFlaechen.,['WFlaechen'],['Kleiner Wannsee']
Basic-area Query,What is the area of Schloßpark Lichterfelde located in Flaechen?,['Flaechen'],['Schloßpark Lichterfelde']
Basic-area Query,Could you tell me the area of Springpfuhl in WFlaechen?,['WFlaechen'],['Springpfuhl']
Basic-area Query,Please tell me the area of Berliner Stadtforst Köpenick located in Flaechen.,['Flaechen'],['Berliner Stadtforst Köpenick']
Basic-area Query,Could you furnish the areal details of Dahme in WFlaechen?,['WFlaechen'],['Dahme']
Basic-area Query,What's the magnitude of Rudower Höhe in Flaechen?,['Flaechen'],['Rudower Höhe']
Basic-area Query,What is the total land area of Berliner Stadtforst Köpenick?,[],['Berliner Stadtforst Köpenick']
Basic-area Query,Can you reveal the immensity of Flughafensee in WFlaechen?,['WFlaechen'],['Flughafensee']
Basic-area Query,Could you please provide the area of Ernst-Thälmann-Park in Flaechen?,['Flaechen'],['Ernst-Thälmann-Park']
Basic-area Query,Please provide insights into the expanse of Wilhelm-Foerster-Sternwarte in Sehenswuerdreg.,['Sehenswuerdreg'],['Wilhelm-Foerster-Sternwarte']
Basic-area Query,Großer Zug's dimensions in WFlaechen?,['WFlaechen'],['Großer Zug']
Basic-area Query,Please tell me the surface area of Archenhold-Sternwarte in Sehenswuerdreg.,['Sehenswuerdreg'],['Archenhold-Sternwarte']
Basic-area Query,"Could you provide the area details for Berliner Stadtforst Köpenick, Flaechen?",['Flaechen'],['Berliner Stadtforst Köpenick']
Basic-area Query,What are the dimensions of Jungfernheideteich in WFlaechen?,['WFlaechen'],['Jungfernheideteich']
Basic-area Query,What is the approximate geographical spread of Arena in Sehenswuerdreg?,['Sehenswuerdreg'],['Arena']
Basic-area Query,What are the dimensions of Freie Universität Berlin in terms of geographical area?,[],['Freie Universität Berlin']
Basic-area Query,What's the size of Großer Kuhwall situated in Flaechen?,['Flaechen'],['Großer Kuhwall']
Basic-area Query,I'm seeking information on the areal extent of Böcklerpark in Flaechen.,['Flaechen'],['Böcklerpark']
Basic-area Query,Schloß Babelsberg's size in Sehenswuerdreg?,['Sehenswuerdreg'],['Schloß Babelsberg']
Basic-area Query,Could you please provide the geographical area of Charité-Krankenhaus?,[],['Charité-Krankenhaus']
Basic-area Query,Please provide the area of Landschaftspark Wuhletal situated in Flaechen.,['Flaechen'],['Landschaftspark Wuhletal']
Basic-area Query,How vast is Pechsee in WFlaechen?,['WFlaechen'],['Pechsee']
Basic-area Query,What are the grand dimensions of Tempodrom in Sehenswuerdreg?,['Sehenswuerdreg'],['Tempodrom']
Basic-area Query,What is the total land area of Krossinsee in WFlaechen?,['WFlaechen'],['Krossinsee']
Basic-area Query,Can you give me the size of Tiergarten in Flaechen?,['Flaechen'],['Tiergarten']
Basic-area Query,Area of Wilhelm-Foerster-Sternwarte in Sehenswuerdreg?,['Sehenswuerdreg'],['Wilhelm-Foerster-Sternwarte']
Basic-area Query,Could you please furnish the area specifications for St. Hedwigs-Kathedrale of Sehenswuerdreg?,['Sehenswuerdreg'],['St. Hedwigs-Kathedrale']
Basic-area Query,Could you tell me the area of Bauhaus-Archiv in Sehenswuerdreg?,['Sehenswuerdreg'],['Bauhaus-Archiv']
Basic-area Query,What are the dimensions of Thielpark in terms of geographical area?,[],['Thielpark']
Basic-area Query,What's the area of Berliner Forst Düppel in Flaechen?,['Flaechen'],['Berliner Forst Düppel']
Basic-area Query,I'm seeking the territorial spread of Bosepark in Flaechen.,['Flaechen'],['Bosepark']
Basic-area Query,Could you please clarify the territorial area of Flughafen Tegel?,[],['Flughafen Tegel']
Basic-area Query,I'm interested in the areal specifications of Wuhlheide (Volkspark und FEZ).,[],['Wuhlheide (Volkspark und FEZ)']
Basic-area Query,I'm interested in the expanse of Spree in WFlaechen. Could you furnish that information?,['WFlaechen'],['Spree']
Basic-area Query,I'm intrigued by the monumental size of Maselakekanal in WFlaechen.,['WFlaechen'],['Maselakekanal']
Basic-area Query,Can you provide the dimensions of Berliner Stadtforst Köpenick in Flaechen?,['Flaechen'],['Berliner Stadtforst Köpenick']
Basic-area Query,Could you illuminate me about the sheer scale of Fennsee in WFlaechen?,['WFlaechen'],['Fennsee']
Basic-area Query,Please provide the area of Gatower Heide in Flaechen.,['Flaechen'],['Gatower Heide']
Basic-area Query,What is the territorial spread of Elsensee in WFlaechen?,['WFlaechen'],['Elsensee']
Basic-area Query,What are the dimensions of Teufelssee located in WFlaechen?,['WFlaechen'],['Teufelssee']
Basic-area Query,What are the territorial dimensions of KaDeWe?,[],['KaDeWe']
Basic-area Query,"What are the dimensions of Martin-Gropius-Bau of Sehenswuerdreg, please?",['Sehenswuerdreg'],['Martin-Gropius-Bau']
Basic-area Query,What is the size of Grimnitzsee in WFlaechen?,['WFlaechen'],['Grimnitzsee']
Basic-area Query,Could you please provide the area of Kapellenberg in Flaechen?,['Flaechen'],['Kapellenberg']
Basic-area Query,What's the vast expanse covered by Maselakekanal?,[],['Maselakekanal']
Basic-area Query,How large is Bürgerpark in Flaechen?,['Flaechen'],['Bürgerpark']
Basic-area Query,Could you tell me the area of Jungfernheideteich in WFlaechen?,['WFlaechen'],['Jungfernheideteich']
Basic-area Query,Please tell me the area of Zeiss-Planetarium located in Sehenswuerdreg.,['Sehenswuerdreg'],['Zeiss-Planetarium']
Basic-area Query,What is the territorial spread of Philharmonie in Sehenswuerdreg?,['Sehenswuerdreg'],['Philharmonie']
Basic-area Query,Could you reveal the immense scale of Reichstag in Sehenswuerdreg?,['Sehenswuerdreg'],['Reichstag']
Basic-area Query,I'm interested in the territorial area of Abtei Zenner in Sehenswuerdreg.,['Sehenswuerdreg'],['Abtei Zenner']
Basic-area Query,What's the monumental scale of Planetarium in Sehenswuerdreg?,['Sehenswuerdreg'],['Planetarium']
Basic-area Query,Could you please provide the area of Thielpark in Flaechen?,['Flaechen'],['Thielpark']
Basic-area Query,What's the size of Der Obersee situated in WFlaechen?,['WFlaechen'],['Der Obersee']
Basic-area Query,What is the expanse of Heiligensee in WFlaechen?,['WFlaechen'],['Heiligensee']
Basic-area Query,Could you please detail the territorial extent of Stadtpark Steglitz in Flaechen?,['Flaechen'],['Stadtpark Steglitz']
Basic-area Query,Could you reveal the immense scale of Müggelsee in WFlaechen?,['WFlaechen'],['Müggelsee']
Basic-area Query,What is the approximate areal extent of Pohlesee in WFlaechen?,['WFlaechen'],['Pohlesee']
Basic-area Query,What are the dimensions of Kleiner Kuhwall in Flaechen?,['Flaechen'],['Kleiner Kuhwall']
Basic-area Query,What is the approximate geographical area of Die Banke in WFlaechen?,['WFlaechen'],['Die Banke']
Basic-area Query,I'm wondering about the territorial area of Berliner Stadtforst Köpenick in Flaechen.,['Flaechen'],['Berliner Stadtforst Köpenick']
Basic-area Query,What is the total land area of Wuhlebecken?,[],['Wuhlebecken']
Basic-area Query,Could you please provide the geographical area of Waldbühne?,[],['Waldbühne']
Basic-area Query,I'm interested in the areal specifications of Dämeritzsee.,[],['Dämeritzsee']
Basic-area Query,I'm wondering about the areal extent of Kammergericht in Sehenswuerdreg.,['Sehenswuerdreg'],['Kammergericht']
Basic-area Query,I'm wondering about the expanse of Prinz-Friedrich-Leopold-Kanal in WFlaechen.,['WFlaechen'],['Prinz-Friedrich-Leopold-Kanal']
Basic-area Query,Dimensions of Zitadelle in Sehenswuerdreg?,['Sehenswuerdreg'],['Zitadelle']
Basic-area Query,Kindly inform me about the areal extent of Tempodrom in Sehenswuerdreg.,['Sehenswuerdreg'],['Tempodrom']
Basic-area Query,Dimensions of Jungfernheide in Flaechen?,['Flaechen'],['Jungfernheide']
Basic-area Query,What is the total area of Schloß Britz in Sehenswuerdreg?,['Sehenswuerdreg'],['Schloß Britz']
Basic-area Query,Could you reveal the vast expanse of Finkenpark in Flaechen?,['Flaechen'],['Finkenpark']
Basic-area Query,I'm seeking the area measurement of Messelpark in Flaechen.,['Flaechen'],['Messelpark']
Basic-area Query,Please provide insights into the expansive scope of Thielpark in Flaechen.,['Flaechen'],['Thielpark']
Basic-area Query,What is the total area of Hochmeisterplatz in Flaechen?,['Flaechen'],['Hochmeisterplatz']
Basic-area Query,What is the total land area of Velodrom (Berlin Arena) in Sehenswuerdreg?,['Sehenswuerdreg'],['Velodrom (Berlin Arena)']
Basic-area Query,What is the total area of Alte Nationalgalerie in Sehenswuerdreg?,['Sehenswuerdreg'],['Alte Nationalgalerie']
Basic-area Query,What is the total area of Freie Universität Berlin situated in Sehenswuerdreg?,['Sehenswuerdreg'],['Freie Universität Berlin']
Basic-area Query,Could you furnish the areal details of Flughafen Tegel in Sehenswuerdreg?,['Sehenswuerdreg'],['Flughafen Tegel']
Basic-area Query,What are the dimensions of Große Krampe in terms of geographical area?,[],['Große Krampe']
Basic-area Query,Please enumerate the landmass dimensions of Freizeitpark Marienfelde in Flaechen.,['Flaechen'],['Freizeitpark Marienfelde']
Basic-area Query,Can you shed light on the proportions of Jungfernheideteich in WFlaechen?,['WFlaechen'],['Jungfernheideteich']
Basic-area Query,What is the area of Hasenheide located in Flaechen?,['Flaechen'],['Hasenheide']
Basic-area Query,Could you reveal the expansive dimensions of Europa-Center in Sehenswuerdreg?,['Sehenswuerdreg'],['Europa-Center']
Basic-area Query,Kindly furnish me with the surface area of Eisenbahn-Markthalle in Sehenswuerdreg.,['Sehenswuerdreg'],['Eisenbahn-Markthalle']
Basic-area Query,Der Faule See's dimensions in WFlaechen?,['WFlaechen'],['Der Faule See']
Basic-area Query,What's the size of Görlitzer Park in Flaechen?,['Flaechen'],['Görlitzer Park']
Basic-area Query,How large is Krankenhaus Am Urban in Sehenswuerdreg?,['Sehenswuerdreg'],['Krankenhaus Am Urban']
Basic-area Query,What are the dimensions of Abgeordnetenhaus located in Sehenswuerdreg?,['Sehenswuerdreg'],['Abgeordnetenhaus']
Basic-area Query,Could you tell me the area of Krossinsee in WFlaechen?,['WFlaechen'],['Krossinsee']
Basic-area Query,Please provide the area of Koenigssee situated in WFlaechen.,['WFlaechen'],['Koenigssee']
Basic-area Query,Can you enlighten me about the expansive scope of Großer Wannsee in WFlaechen?,['WFlaechen'],['Großer Wannsee']
Basic-area Query,I'm curious about the area of Sacrower Lanke in WFlaechen.,['WFlaechen'],['Sacrower Lanke']
Basic-area Query,Can you give me the area of Deutschlandhalle in Sehenswuerdreg?,['Sehenswuerdreg'],['Deutschlandhalle']
Basic-area Query,What's the size of Zitadelle in Sehenswuerdreg?,['Sehenswuerdreg'],['Zitadelle']
Basic-area Query,"What are the dimensions of Der Faule See of WFlaechen, please?",['WFlaechen'],['Der Faule See']
Basic-area Query,Can you give me the size of Großer Wannsee in WFlaechen?,['WFlaechen'],['Großer Wannsee']
Basic-area Query,What's the size of Renaissance-Theater situated in Sehenswuerdreg?,['Sehenswuerdreg'],['Renaissance-Theater']
Basic-area Query,What's the land size of Messelpark situated in Flaechen?,['Flaechen'],['Messelpark']
Basic-area Query,Could you clarify the land area encompassed by Holländisches Viertel of Sehenswuerdreg?,['Sehenswuerdreg'],['Holländisches Viertel']
Basic-area Query,Could you please elaborate on the geographical area of Palast der Republik?,[],['Palast der Republik']
Basic-area Query,I'm intrigued by the monumental size of Lietzensee in WFlaechen.,['WFlaechen'],['Lietzensee']
Basic-area Query,What's the vast expanse covered by Schauspielhaus?,[],['Schauspielhaus']
Basic-area Query,Please provide the area of Volkspark Mariendorf in Flaechen.,['Flaechen'],['Volkspark Mariendorf']
Basic-area Query,Can you shed light on the proportions of Akademie der Künste in Sehenswuerdreg?,['Sehenswuerdreg'],['Akademie der Künste']
Basic-area Query,I'm interested in the areal dimensions of Zeughaus in Sehenswuerdreg.,['Sehenswuerdreg'],['Zeughaus']
Basic-area Query,Please tell me the area of Grunewaldsee located in WFlaechen.,['WFlaechen'],['Grunewaldsee']
Basic-area Query,"Dimensions of Lessinghöhe in Flaechen, please?",['Flaechen'],['Lessinghöhe']
Basic-area Query,What are the dimensions of Halensee of WFlaechen?,['WFlaechen'],['Halensee']
Basic-area Query,I'm interested in the areal dimensions of Musical-Theater in Sehenswuerdreg.,['Sehenswuerdreg'],['Musical-Theater']
Basic-area Query,I'm interested in the geographical spread of Langer See (Dahme) in WFlaechen.,['WFlaechen'],['Langer See (Dahme)']
Basic-area Query,What's the towering scale of Preußenpark in Flaechen?,['Flaechen'],['Preußenpark']
Basic-area Query,I'm seeking the area measurement of Schlachtensee in WFlaechen.,['WFlaechen'],['Schlachtensee']
Basic-area Query,What's the land size of Landschaftspark Wuhletal (Ahrensfelder Berge) located in Flaechen?,['Flaechen'],['Landschaftspark Wuhletal (Ahrensfelder Berge)']
Basic-area Query,Please tell me the area of Henry-Ford-Bau (FU Berlin) in Sehenswuerdreg.,['Sehenswuerdreg'],['Henry-Ford-Bau (FU Berlin)']
Basic-area Query,What's the land size of Viktoriapark situated in Flaechen?,['Flaechen'],['Viktoriapark']
Basic-area Query,Please provide the area of Freilichtbühne Wuhlheide situated in Sehenswuerdreg.,['Sehenswuerdreg'],['Freilichtbühne Wuhlheide']
Basic-area Query,Could you reveal the monumental scale of St.-Josef-Krankenhaus in Sehenswuerdreg?,['Sehenswuerdreg'],['St.-Josef-Krankenhaus']
Basic-area Query,What is the area of Sony located in Sehenswuerdreg?,['Sehenswuerdreg'],['Sony']
Basic-area Query,Surface area of Fritz-Schloß-Park in Flaechen?,['Flaechen'],['Fritz-Schloß-Park']
Basic-area Query,What is the area of the Palace of St. Hedwigs-Kathedrale situated in Sehenswuerdreg?,['Sehenswuerdreg'],['St. Hedwigs-Kathedrale']
Basic-area Query,What is the size of Berliner Stadtforst Köpenick in Flaechen?,['Flaechen'],['Berliner Stadtforst Köpenick']
Basic-area Query,Can you reveal the immensity of Schloßpark Tegel in Flaechen?,['Flaechen'],['Schloßpark Tegel']
Basic-area Query,Can you give me the area of Columbiahalle in Sehenswuerdreg?,['Sehenswuerdreg'],['Columbiahalle']
Basic-area Query,Max-Schmelling-Halle's area in Sehenswuerdreg?,['Sehenswuerdreg'],['Max-Schmelling-Halle']
Basic-area Query,I'm intrigued by the immense scale of Karpfenteich in WFlaechen.,['WFlaechen'],['Karpfenteich']
Basic-area Query,Could you reveal the vast expanse of Sacrower Lanke in WFlaechen?,['WFlaechen'],['Sacrower Lanke']
Basic-area Query,What is the approximate geographical area of Volkspark Anton Saefkow in Flaechen?,['Flaechen'],['Volkspark Anton Saefkow']
Basic-area Query,What is the approximate areal extent of Rathaus Charlottenburg in Sehenswuerdreg?,['Sehenswuerdreg'],['Rathaus Charlottenburg']
Basic-area Query,Please provide insights into the expanse of NSG in Flaechen.,['Flaechen'],['NSG']
Basic-area Query,What's the land size of Rathaus Spandau situated in Sehenswuerdreg?,['Sehenswuerdreg'],['Rathaus Spandau']
Basic-area Query,What is the surface area of Gedenkstätte Plötzensee in Sehenswuerdreg?,['Sehenswuerdreg'],['Gedenkstätte Plötzensee']
Basic-area Query,Could you please provide the geographical area of Heinrich-von-Kleist-Park?,[],['Heinrich-von-Kleist-Park']
Basic-area Query,What's the area covered by Fennsee located in WFlaechen?,['WFlaechen'],['Fennsee']
Basic-area Query,What are the dimensions of Valentinswerder located in Flaechen?,['Flaechen'],['Valentinswerder']
Basic-area Query,I'm interested in the geographical area of Messegelände in Sehenswuerdreg.,['Sehenswuerdreg'],['Messegelände']
Basic-area Query,Can you provide the geographical area of Sony in Sehenswuerdreg?,['Sehenswuerdreg'],['Sony']
Basic-area Query,What is the expanse of Schloß Britz in Sehenswuerdreg?,['Sehenswuerdreg'],['Schloß Britz']
Basic-area Query,I'm seeking the territorial spread of Stölpchensee in WFlaechen.,['WFlaechen'],['Stölpchensee']
Basic-area Query,What's the monumental scale of St.-Josef-Krankenhaus in Sehenswuerdreg?,['Sehenswuerdreg'],['St.-Josef-Krankenhaus']
Basic-area Query,Could you please specify the surface area of Lilienthalpark?,[],['Lilienthalpark']
Basic-area Query,What is the total land area of Rehwiese?,[],['Rehwiese']
Basic-area Query,Please tell me the area of Pergamonmuseum in Sehenswuerdreg.,['Sehenswuerdreg'],['Pergamonmuseum']
Basic-area Query,"What is the expanse of Pichelsdorfer Gemünd, WFlaechen?",['WFlaechen'],['Pichelsdorfer Gemünd']
Basic-area Query,Could you please detail the territorial extent of Müggelsee in WFlaechen?,['WFlaechen'],['Müggelsee']
Basic-area Query,Volkspark Anton Saefkow's area in Flaechen?,['Flaechen'],['Volkspark Anton Saefkow']
Basic-area Query,What's the land size of Lietzensee located in WFlaechen?,['WFlaechen'],['Lietzensee']
Basic-area Query,I'm seeking the areal specifications of Bellevuepark in Flaechen.,['Flaechen'],['Bellevuepark']
Basic-area Query,Please advise me on the territorial area of Stößensee in WFlaechen.,['WFlaechen'],['Stößensee']
Basic-area Query,What are the vast dimensions of Staatsoper in Sehenswuerdreg?,['Sehenswuerdreg'],['Staatsoper']
Basic-area Query,Staatsoper's expanse in Sehenswuerdreg?,['Sehenswuerdreg'],['Staatsoper']
Basic-area Query,Dimensions of Gedenkstätte Haus d. Wanseekonferenz in Sehenswuerdreg?,['Sehenswuerdreg'],['Gedenkstätte Haus d. Wanseekonferenz']
Basic-area Query,What's the monumental scale of Stölpchensee in WFlaechen?,['WFlaechen'],['Stölpchensee']
Basic-area Query,Can you enlighten me about the expansive scope of Deutsche Oper Berlin in Sehenswuerdreg?,['Sehenswuerdreg'],['Deutsche Oper Berlin']
Basic-area Query,I'm seeking information on the areal extent of Zeughaus in Sehenswuerdreg.,['Sehenswuerdreg'],['Zeughaus']
Basic-area Query,Please provide the area of Postmuseum in Sehenswuerdreg.,['Sehenswuerdreg'],['Postmuseum']
Basic-area Query,Dahme's size in WFlaechen?,['WFlaechen'],['Dahme']
Basic-area Query,Can you reveal the immensity of Jungfernheide in Flaechen?,['Flaechen'],['Jungfernheide']
Basic-area Query,What is the approximate geographical area of Schmöckwitzer Werder in Flaechen?,['Flaechen'],['Schmöckwitzer Werder']
Basic-area Query,Could you please provide the area details of Museum für Naturkunde in Sehenswuerdreg?,['Sehenswuerdreg'],['Museum für Naturkunde']
Basic-area Query,Please tell me the area of Tierpark Friedrichsfelde located in Flaechen.,['Flaechen'],['Tierpark Friedrichsfelde']
Basic-area Query,Please advise me on the total acreage of Plötzensee|(Berlin-Wedding) in WFlaechen.,['WFlaechen'],['Plötzensee|(Berlin-Wedding)']
Basic-area Query,What is the total area of Havel situated in WFlaechen?,['WFlaechen'],['Havel']
Basic-area Query,What's the land size of Hufeisensiedlung in Sehenswuerdreg?,['Sehenswuerdreg'],['Hufeisensiedlung']
Basic-area Query,Could you please provide the geographical area of Gosener Kanal?,[],['Gosener Kanal']
Basic-area Query,What are the dimensions of Heiligensee in WFlaechen?,['WFlaechen'],['Heiligensee']
Basic-area Query,Could you reveal the monumental proportions of Maselakekanal in WFlaechen?,['WFlaechen'],['Maselakekanal']
Basic-area Query,What are the dimensions of Klinikum Benjamin Franklin located in Sehenswuerdreg?,['Sehenswuerdreg'],['Klinikum Benjamin Franklin']
Basic-area Query,What is the area of the Palace of Prinz-Friedrich-Leopold-Kanal in WFlaechen?,['WFlaechen'],['Prinz-Friedrich-Leopold-Kanal']
Basic-area Query,Werner-von-Siemens-Park's expanse in Flaechen?,['Flaechen'],['Werner-von-Siemens-Park']
Basic-area Query,I'm curious about the expansive dimensions of Rotes Rathaus in Sehenswuerdreg.,['Sehenswuerdreg'],['Rotes Rathaus']
Basic-area Query,Please advise me on the total area of Plänterwald in Flaechen.,['Flaechen'],['Plänterwald']
Basic-area Query,What is the area of Marstall in Sehenswuerdreg?,['Sehenswuerdreg'],['Marstall']
Basic-area Query,Can you give me the dimensions of Spree in WFlaechen?,['WFlaechen'],['Spree']
Basic-area Query,What is the total land area of Eissporthalle situated in Sehenswuerdreg?,['Sehenswuerdreg'],['Eissporthalle']
Basic-area Query,What are the dimensions of Märkisches Museum in terms of geographical area?,[],['Märkisches Museum']
Basic-area Query,Lietzenseepark's expanse in Flaechen?,['Flaechen'],['Lietzenseepark']
Basic-area Query,Thielpark's area in Flaechen?,['Flaechen'],['Thielpark']
Basic-area Query,Can you enlighten me about the expansive scope of Kleiner Tiergarten in Flaechen?,['Flaechen'],['Kleiner Tiergarten']
Basic-area Query,I'm intrigued by the spatial dimensions of Sacrower Lanke in WFlaechen.,['WFlaechen'],['Sacrower Lanke']
Basic-area Query,Please enumerate the landmass dimensions of Rathaus Köpenick in Sehenswuerdreg.,['Sehenswuerdreg'],['Rathaus Köpenick']
Basic-area Query,Please enumerate the areal dimensions of Schloß Charlottenburg in Sehenswuerdreg.,['Sehenswuerdreg'],['Schloß Charlottenburg']
Basic-area Query,Insel der Jugend's area in Flaechen?,['Flaechen'],['Insel der Jugend']
Basic-area Query,I'm fascinated by the vast expanse covered by Reichstag in Sehenswuerdreg.,['Sehenswuerdreg'],['Reichstag']
Basic-area Query,I'm curious about the area of Glienicker Lake in WFlaechen.,['WFlaechen'],['Glienicker Lake']
Basic-area Query,Please enumerate the geographical area of Spree in WFlaechen.,['WFlaechen'],['Spree']
Basic-area Query,"What is the expanse of Bellevuepark, Flaechen?",['Flaechen'],['Bellevuepark']
Basic-area Query,What's the magnitude of Volkspark Friedrichshain in Flaechen?,['Flaechen'],['Volkspark Friedrichshain']
Basic-area Query,I'm interested in the territorial area of Zeughaus in Sehenswuerdreg.,['Sehenswuerdreg'],['Zeughaus']
Basic-area Query,What is the areal spread of Der Weiße See in WFlaechen?,['WFlaechen'],['Der Weiße See']
Basic-area Query,What's the monumental scale of Gedenkstätte Haus d. Wanseekonferenz in Sehenswuerdreg?,['Sehenswuerdreg'],['Gedenkstätte Haus d. Wanseekonferenz']
Basic-area Query,Find all Bodemuseum that cover an area larger than 100 hectares.,[],['Bodemuseum']
Basic-area Query,Please tell me the area of ICC located in Sehenswuerdreg.,['Sehenswuerdreg'],['ICC']
Basic-area Query,Please tell me the surface area of Herthasee in WFlaechen.,['WFlaechen'],['Herthasee']
Basic-area Query,Can you provide the dimensions of (Insel im Habermannsee) in Flaechen?,['Flaechen'],['(Insel im Habermannsee)']
Basic-area Query,I'm interested in the expanse of Wilhelm-Foerster-Sternwarte in Sehenswuerdreg. Could you furnish that information?,['Sehenswuerdreg'],['Wilhelm-Foerster-Sternwarte']
Basic-area Query,What is the approximate geographical area of Griebnitzsee in WFlaechen?,['WFlaechen'],['Griebnitzsee']
Basic-area Query,Could you furnish the areal details of Universitäts-Bibliothek in Sehenswuerdreg?,['Sehenswuerdreg'],['Universitäts-Bibliothek']
Basic-area Query,What is the area of the Palace of Der Weiße See situated in WFlaechen?,['WFlaechen'],['Der Weiße See']
Basic-area Query,Area of Bezirksamt Kreuzberg in Sehenswuerdreg?,['Sehenswuerdreg'],['Bezirksamt Kreuzberg']
Basic-area Query,Auguste-Vikoria-Krankenhaus's expanse in Sehenswuerdreg?,['Sehenswuerdreg'],['Auguste-Vikoria-Krankenhaus']
Basic-area Query,I'm curious about the immense scale of Teufelssee in WFlaechen.,['WFlaechen'],['Teufelssee']
Basic-area Query,Please provide insights into the expansive scope of Bezirksamt Kreuzberg in Sehenswuerdreg.,['Sehenswuerdreg'],['Bezirksamt Kreuzberg']
Basic-area Query,Could you furnish the areal details of Plötzensee|(Berlin-Wedding) in WFlaechen?,['WFlaechen'],['Plötzensee|(Berlin-Wedding)']
Basic-area Query,Could you reveal the monumental proportions of Dammheide in Flaechen?,['Flaechen'],['Dammheide']
Basic-area Query,"Dimensions of Bürgerpark in Flaechen, please?",['Flaechen'],['Bürgerpark']
Basic-area Query,Dimensions of Neuer Garten in Flaechen?,['Flaechen'],['Neuer Garten']
Basic-area Query,Please provide insights into the expansive scope of Schloß Babelsberg in Sehenswuerdreg.,['Sehenswuerdreg'],['Schloß Babelsberg']
Basic-area Query,Can you give me the dimensions of Thielpark in Flaechen?,['Flaechen'],['Thielpark']
Basic-area Query,I'm wondering about the areal extent of Heiligensee in WFlaechen.,['WFlaechen'],['Heiligensee']
Basic-area Query,What's the vastness of Haus der Kulturen (Kongreßhalle) in Sehenswuerdreg?,['Sehenswuerdreg'],['Haus der Kulturen (Kongreßhalle)']
Basic-area Query,What is the surface area of Thielpark in Flaechen?,['Flaechen'],['Thielpark']
Basic-area Query,What's the grandeur of Volkspark Anton Saefkow in Flaechen?,['Flaechen'],['Volkspark Anton Saefkow']
Basic-area Query,St.-Josef-Krankenhaus's surface area in Sehenswuerdreg?,['Sehenswuerdreg'],['St.-Josef-Krankenhaus']
Basic-area Query,How vast is Bundesrat (?) in Sehenswuerdreg?,['Sehenswuerdreg'],['Bundesrat (?)']
Basic-area Query,I'm intrigued by the spatial dimensions of Herthasee in WFlaechen.,['WFlaechen'],['Herthasee']
Basic-area Query,Surface area of Südhafen in WFlaechen?,['WFlaechen'],['Südhafen']
Basic-area Query,Please enumerate the areal dimensions of Aquarium in Sehenswuerdreg.,['Sehenswuerdreg'],['Aquarium']
Basic-area Query,What's the area covered by Flughafen Tegel located in Sehenswuerdreg?,['Sehenswuerdreg'],['Flughafen Tegel']
Basic-area Query,I'm intrigued by the monumental size of Triestpark in Flaechen.,['Flaechen'],['Triestpark']
Basic-area Query,What is the areal spread of Gedenkstätte Deutscher Widerstand in Sehenswuerdreg?,['Sehenswuerdreg'],['Gedenkstätte Deutscher Widerstand']
Basic-area Query,I'm curious about the vast expanse of Haus der Kulturen (Kongreßhalle).,[],['Haus der Kulturen (Kongreßhalle)']
Basic-area Query,What's the area covered by Nordhafen Spandau in WFlaechen?,['WFlaechen'],['Nordhafen Spandau']
Basic-area Query,What is the surface area of Corbusier-Haus in Sehenswuerdreg?,['Sehenswuerdreg'],['Corbusier-Haus']
Basic-area Query,What's the towering scale of Alte Nationalgalerie in Sehenswuerdreg?,['Sehenswuerdreg'],['Alte Nationalgalerie']
Basic-area Query,"I'm fascinated by the sheer enormity of Springpfuhl, WFlaechen.",['WFlaechen'],['Springpfuhl']
Basic-area Query,How large is Springpfuhl in WFlaechen?,['WFlaechen'],['Springpfuhl']
Basic-area Query,I'm captivated by the sheer vastness of Südhafen in WFlaechen.,['WFlaechen'],['Südhafen']
Basic-area Query,What's the vast expanse covered by Villa Borsig?,[],['Villa Borsig']
Basic-area Query,Can you shed light on the proportions of Schloß Tegel (Humboldtschloß) in Sehenswuerdreg?,['Sehenswuerdreg'],['Schloß Tegel (Humboldtschloß)']
Basic-area Query,Schlachtensee's size in WFlaechen?,['WFlaechen'],['Schlachtensee']
Basic-area Query,What's the land size of Rotes Rathaus located in Sehenswuerdreg?,['Sehenswuerdreg'],['Rotes Rathaus']
Basic-area Query,I'm curious about the area of Schloßpark Niederschönhausen in Flaechen.,['Flaechen'],['Schloßpark Niederschönhausen']
Basic-area Query,Please provide the area of Teufelssee situated in WFlaechen.,['WFlaechen'],['Teufelssee']
Basic-area Query,Die Banke in WFlaechen's surface area?,['WFlaechen'],['Die Banke']
Basic-area Query,Can you provide the dimensions of Zoologischer Garten in Flaechen?,['Flaechen'],['Zoologischer Garten']
Basic-area Query,"Dimensions of Köllnische Heide in Flaechen, please?",['Flaechen'],['Köllnische Heide']
Basic-area Query,What are the grand dimensions of Neue Nationalgalerie in Sehenswuerdreg?,['Sehenswuerdreg'],['Neue Nationalgalerie']
Basic-area Query,I'm seeking the territorial area of Müggelsee in WFlaechen.,['WFlaechen'],['Müggelsee']
Basic-area Query,How large is Fritz-Schloß-Park in Flaechen?,['Flaechen'],['Fritz-Schloß-Park']
Basic-area Query,Find all Volkspark Anton Saefkow that cover an area larger than 100 hectares.,[],['Volkspark Anton Saefkow']
Basic-area Query,I'm curious about the immense scale of Gatower Heide in Flaechen.,['Flaechen'],['Gatower Heide']
Basic-area Query,Could you please provide the area details of Landschaftspark Wuhletal (Biesdorfer Berg) in Flaechen?,['Flaechen'],['Landschaftspark Wuhletal (Biesdorfer Berg)']
Basic-area Query,What's the vastness of Universitätsklinikum Rudolf Virchow in Sehenswuerdreg?,['Sehenswuerdreg'],['Universitätsklinikum Rudolf Virchow']
Basic-area Query,Please enumerate the geographical area of Badesee Arkenberge in WFlaechen.,['WFlaechen'],['Badesee Arkenberge']
Basic-area Query,I'm intrigued by the monumental size of Tegeler See in WFlaechen.,['WFlaechen'],['Tegeler See']
Basic-area Query,Could you reveal the immense scale of Rathaus Schöneberg in Sehenswuerdreg?,['Sehenswuerdreg'],['Rathaus Schöneberg']
Basic-area Query,I'm wondering about the expanse of Tegeler See in WFlaechen.,['WFlaechen'],['Tegeler See']
Basic-area Query,Please provide the area of Ruinenberg in Flaechen.,['Flaechen'],['Ruinenberg']
Basic-area Query,I'm interested in the dimensions of Berliner Forst Düppel in Flaechen.,['Flaechen'],['Berliner Forst Düppel']
Basic-area Query,Please advise me on the geographical area of Volkspark Wilmersdorf in Flaechen.,['Flaechen'],['Volkspark Wilmersdorf']
Basic-area Query,Could you reveal the expansive dimensions of Freizeit- und Erholungspark Lübars in Flaechen?,['Flaechen'],['Freizeit- und Erholungspark Lübars']
Basic-area Query,What are the vast dimensions of Schloßgarten Charlottenburg in Flaechen?,['Flaechen'],['Schloßgarten Charlottenburg']
Basic-area Query,What's the area covered by Stadtpark Biesdorf located in Flaechen?,['Flaechen'],['Stadtpark Biesdorf']
Basic-area Query,"Could you provide the area details for Forsthaus Nikolskoe, Sehenswuerdreg?",['Sehenswuerdreg'],['Forsthaus Nikolskoe']
Basic-area Query,What's the magnitude of Flughafen Tempelhof in Sehenswuerdreg?,['Sehenswuerdreg'],['Flughafen Tempelhof']
Basic-area Query,Could you reveal the expansive dimensions of Wilhelm-Foerster-Sternwarte in Sehenswuerdreg?,['Sehenswuerdreg'],['Wilhelm-Foerster-Sternwarte']
Basic-area Query,Expanse of Volkspark Schönholzer Heide in Flaechen?,['Flaechen'],['Volkspark Schönholzer Heide']
Basic-area Query,How large is Schloßpark Niederschönhausen in Flaechen?,['Flaechen'],['Schloßpark Niederschönhausen']
Basic-area Query,What are the dimensions of Freizeit- und Erholungszentrum (FEZ) in terms of geographical area?,[],['Freizeit- und Erholungszentrum (FEZ)']
Basic-area Query,What's the area of Grunewald in Flaechen?,['Flaechen'],['Grunewald']
Basic-area Query,I'm fascinated by the vast expanse of Müggelsee in WFlaechen.,['WFlaechen'],['Müggelsee']
Basic-area Query,"I'm fascinated by the sheer enormity of Park am Buschkrug, Flaechen.",['Flaechen'],['Park am Buschkrug']
Basic-area Query,Surface area of Rummelsburger See in WFlaechen?,['WFlaechen'],['Rummelsburger See']
Basic-area Query,What is the total area of Humboldt-Universität in Sehenswuerdreg?,['Sehenswuerdreg'],['Humboldt-Universität']
Basic-area Query,Could you tell me the area of Gutspark Britz in Flaechen?,['Flaechen'],['Gutspark Britz']
Basic-area Query,I'm seeking the territorial spread of Volkspark Schönholzer Heide in Flaechen.,['Flaechen'],['Volkspark Schönholzer Heide']
Basic-area Query,Can you give me the dimensions of Kleiner Wannsee in WFlaechen?,['WFlaechen'],['Kleiner Wannsee']
Basic-area Query,Orankesee's size in WFlaechen?,['WFlaechen'],['Orankesee']
Basic-area Query,Please advise me on the territorial area of Malchower See in WFlaechen.,['WFlaechen'],['Malchower See']
Basic-area Query,I'm interested in the territorial area of Barssee in WFlaechen.,['WFlaechen'],['Barssee']
Basic-area Query,What's the monumental scale of Habermannsee in WFlaechen?,['WFlaechen'],['Habermannsee']
Basic-area Query,Could you please provide the geographical area of Jürgenlanke?,[],['Jürgenlanke']
Basic-area Query,Please provide the area of Die Banke situated in WFlaechen.,['WFlaechen'],['Die Banke']
Basic-area Query,I'm curious about the area of Stadtpark Steglitz in Flaechen.,['Flaechen'],['Stadtpark Steglitz']
Basic-area Query,Could you reveal the vast expanse of Görlitzer Park in Flaechen?,['Flaechen'],['Görlitzer Park']
Basic-area Query,What is the area of Ruhlebener Altarm located in WFlaechen?,['WFlaechen'],['Ruhlebener Altarm']
Basic-area Query,Could you enlighten me about the dimensions of Klinikum Benjamin Franklin in Sehenswuerdreg?,['Sehenswuerdreg'],['Klinikum Benjamin Franklin']
Basic-area Query,Could you enlighten me about the dimensions of Stadtpark Biesdorf in Flaechen?,['Flaechen'],['Stadtpark Biesdorf']
Basic-area Query,How vast is Schloß Tegel (Humboldtschloß) in Sehenswuerdreg?,['Sehenswuerdreg'],['Schloß Tegel (Humboldtschloß)']
Basic-area Query,What is the area of Universitäts-Bibliothek within Sehenswuerdreg?,['Sehenswuerdreg'],['Universitäts-Bibliothek']
Basic-area Query,I'm interested in the territorial area of Volkspark Humboldthain in Flaechen.,['Flaechen'],['Volkspark Humboldthain']
Basic-area Query,What's the towering scale of Holländisches Viertel in Sehenswuerdreg?,['Sehenswuerdreg'],['Holländisches Viertel']
Basic-area Query,I'm curious about the expansive dimensions of Sacrower Lanke in WFlaechen.,['WFlaechen'],['Sacrower Lanke']
Basic-area Query,Please advise me on the territorial area of Kongreßhalle in Sehenswuerdreg.,['Sehenswuerdreg'],['Kongreßhalle']
Basic-area Query,Surface area of Zitadelle in Sehenswuerdreg?,['Sehenswuerdreg'],['Zitadelle']
Basic-area Query,I'm interested in the areal specifications of Schloßpark Niederschönhausen.,[],['Schloßpark Niederschönhausen']
Basic-area Query,Could you please specify the surface area of Köllnische Heide?,[],['Köllnische Heide']
Basic-area Query,What's the area of Schloß Bellevue in Sehenswuerdreg?,['Sehenswuerdreg'],['Schloß Bellevue']
Basic-area Query,What is the expanse of Koenigssee in WFlaechen?,['WFlaechen'],['Koenigssee']
Basic-area Query,What's the land size of Volkspark Humboldthain in Flaechen?,['Flaechen'],['Volkspark Humboldthain']
Basic-area Query,I'm intrigued by the immense scale of Columbiahalle in Sehenswuerdreg.,['Sehenswuerdreg'],['Columbiahalle']
Basic-area Query,What is the territorial spread of Halensee in WFlaechen?,['WFlaechen'],['Halensee']
Basic-area Query,"What are the dimensions of Griebnitzsee of WFlaechen, please?",['WFlaechen'],['Griebnitzsee']
Basic-area Query,I'm seeking information on the areal extent of Theater des Westens in Sehenswuerdreg.,['Sehenswuerdreg'],['Theater des Westens']
Basic-area Query,What is the total land area of Schauspielhaus?,[],['Schauspielhaus']
Basic-area Query,Can you provide the area of Gosener Kanal in WFlaechen?,['WFlaechen'],['Gosener Kanal']
Basic-area Query,Kindly inform me about the geographical area of Schloßpark Tegel in Flaechen.,['Flaechen'],['Schloßpark Tegel']
Basic-area Query,Please provide the area of Zitadelle situated in Flaechen.,['Flaechen'],['Zitadelle']
Basic-area Query,What's the size of Gutspark Marienfelde in Flaechen?,['Flaechen'],['Gutspark Marienfelde']
Basic-area Query,I'm wondering about the areal extent of Schloß Britz in Sehenswuerdreg.,['Sehenswuerdreg'],['Schloß Britz']
Basic-area Query,"What is the expanse of Fischtalpark, Flaechen?",['Flaechen'],['Fischtalpark']
Basic-area Query,What is the total area of Schloß Friedrichsfelde in Sehenswuerdreg?,['Sehenswuerdreg'],['Schloß Friedrichsfelde']
Basic-area Query,I'm interested in the territorial area of Spree in WFlaechen.,['WFlaechen'],['Spree']
Basic-area Query,How vast is Ruinenberg in Flaechen?,['Flaechen'],['Ruinenberg']
Basic-area Query,I'm wondering about the areal extent of Berliner Stadtforst Köpenick in Flaechen.,['Flaechen'],['Berliner Stadtforst Köpenick']
Basic-area Query,I'm wondering about the areal extent of Stölpchensee in WFlaechen.,['WFlaechen'],['Stölpchensee']
Basic-area Query,Can you shed light on the proportions of Pfingstberg in Flaechen?,['Flaechen'],['Pfingstberg']
Basic-area Query,I'm fascinated by the vast expanse covered by Haus Zenner in Sehenswuerdreg.,['Sehenswuerdreg'],['Haus Zenner']
Basic-area Query,How large is Stadtpark Biesdorf in Flaechen?,['Flaechen'],['Stadtpark Biesdorf']
Basic-area Query,"Could you provide the area details for Herthasee, WFlaechen?",['WFlaechen'],['Herthasee']
Basic-area Query,What are the dimensions of Theater des Westens in terms of geographical area?,[],['Theater des Westens']
Basic-area Query,What's the towering scale of Kleiner Müggelsee in WFlaechen?,['WFlaechen'],['Kleiner Müggelsee']
Basic-area Query,Surface area of Schloßpark Tegel in Flaechen?,['Flaechen'],['Schloßpark Tegel']
Basic-area Query,What is the total land area of Finkenpark?,[],['Finkenpark']
Basic-area Query,Surface area of Elsensee in WFlaechen?,['WFlaechen'],['Elsensee']
Basic-area Query,Can you reveal the immensity of Berliner Stadtforst Köpenick in Flaechen?,['Flaechen'],['Berliner Stadtforst Köpenick']
Basic-area Query,What is the total land area of Deutschlandhalle situated in Sehenswuerdreg?,['Sehenswuerdreg'],['Deutschlandhalle']
Basic-area Query,Can you provide the geographical area of Krankenhaus Neukölln in Sehenswuerdreg?,['Sehenswuerdreg'],['Krankenhaus Neukölln']
Basic-area Query,Could you please detail the geographical area of Tiergarten?,[],['Tiergarten']
Basic-area Query,What are the celestial dimensions of Französischer Dom in Sehenswuerdreg?,['Sehenswuerdreg'],['Französischer Dom']
Basic-area Query,What's the size of Mendelssohn-Bartholdy-Park situated in Flaechen?,['Flaechen'],['Mendelssohn-Bartholdy-Park']
Basic-area Query,What is the size of Stößensee in WFlaechen?,['WFlaechen'],['Stößensee']
Basic-area Query,I'm intrigued by the spatial dimensions of Ruhlebener Altarm in WFlaechen.,['WFlaechen'],['Ruhlebener Altarm']
Basic-area Query,"What are the dimensions of Prinz-Friedrich-Leopold-Kanal of WFlaechen, please?",['WFlaechen'],['Prinz-Friedrich-Leopold-Kanal']
Basic-area Query,Could you please detail the territorial extent of Wuhlheide in Flaechen?,['Flaechen'],['Wuhlheide']
Basic-area Query,I'm interested in the geographical spread of Schloß Pfaueninsel in Sehenswuerdreg.,['Sehenswuerdreg'],['Schloß Pfaueninsel']
Basic-area Query,I'm seeking information on the areal extent of Grimnitzsee in WFlaechen.,['WFlaechen'],['Grimnitzsee']
Basic-area Query,What is the areal spread of Schloßpark Tegel in Flaechen?,['Flaechen'],['Schloßpark Tegel']
Basic-area Query,What is the total land area of Ziegeleisee situated in WFlaechen?,['WFlaechen'],['Ziegeleisee']
Basic-area Query,"What are the dimensions of Bodemuseum of Sehenswuerdreg, please?",['Sehenswuerdreg'],['Bodemuseum']
Basic-area Query,What is the total area of Volkspark Wilmersdorf in Flaechen?,['Flaechen'],['Volkspark Wilmersdorf']
Basic-area Query,Please advise me on the territorial spread of Jungfernheideteich in WFlaechen.,['WFlaechen'],['Jungfernheideteich']
Basic-area Query,What's the land size of Havel in WFlaechen?,['WFlaechen'],['Havel']
Basic-area Query,I'm fascinated by the vast expanse of Stölpchensee in WFlaechen.,['WFlaechen'],['Stölpchensee']
Basic-area Query,"Could you provide the area details for Wuhlheide (Volkspark und FEZ), Flaechen?",['Flaechen'],['Wuhlheide (Volkspark und FEZ)']
Basic-area Query,Could you please provide the area details of Hundekehlesee in WFlaechen?,['WFlaechen'],['Hundekehlesee']
Basic-area Query,Can you provide the geographical area of debis in Sehenswuerdreg?,['Sehenswuerdreg'],['debis']
Basic-area Query,I'm wondering about the territorial area of Die Banke in WFlaechen.,['WFlaechen'],['Die Banke']
Basic-area Query,What is the size of Kapellenberg in Flaechen?,['Flaechen'],['Kapellenberg']
Basic-area Query,What are the celestial dimensions of Berliner Forst Tegel in Flaechen?,['Flaechen'],['Berliner Forst Tegel']
Basic-area Query,Please enumerate the areal dimensions of Goethepark in Flaechen.,['Flaechen'],['Goethepark']
Basic-area Query,What is the area of Bosepark in Flaechen?,['Flaechen'],['Bosepark']
Basic-area Query,What's the vast expanse covered by Rathaus Köpenick in Sehenswuerdreg?,['Sehenswuerdreg'],['Rathaus Köpenick']
Basic-area Query,"Could you provide the area details for Valentinswerder, Flaechen?",['Flaechen'],['Valentinswerder']
Basic-area Query,"What is the surface area of Freizeitpark Marienfelde, Flaechen?",['Flaechen'],['Freizeitpark Marienfelde']
Basic-area Query,I'm interested in the areal dimensions of Freizeit- und Erholungszentrum (FEZ) in Sehenswuerdreg.,['Sehenswuerdreg'],['Freizeit- und Erholungszentrum (FEZ)']
Basic-area Query,What is the territorial spread of Brosepark in Flaechen?,['Flaechen'],['Brosepark']
Basic-area Query,Find all Zoologischer Garten that cover an area larger than 100 hectares.,[],['Zoologischer Garten']
Basic-area Query,What are the dimensions of Insel der Jugend of Flaechen?,['Flaechen'],['Insel der Jugend']
Basic-area Query,What's the magnitude of Sony in Sehenswuerdreg?,['Sehenswuerdreg'],['Sony']
Basic-area Query,Can you reveal the immensity of Spree in WFlaechen?,['WFlaechen'],['Spree']
Basic-area Query,Kindly furnish me with the surface area of Berliner Forst Düppel in Flaechen.,['Flaechen'],['Berliner Forst Düppel']
Basic-area Query,What are the dimensions of Neue Nationalgalerie in Sehenswuerdreg?,['Sehenswuerdreg'],['Neue Nationalgalerie']
Basic-area Query,Zeughaus's surface area in Sehenswuerdreg?,['Sehenswuerdreg'],['Zeughaus']
Basic-area Query,Please enumerate the dimensions of Jungfernheide in Flaechen.,['Flaechen'],['Jungfernheide']
Basic-area Query,I'm captivated by the vast expanse of Schloßpark Tegel in Flaechen.,['Flaechen'],['Schloßpark Tegel']
Basic-area Query,I'm seeking the territorial spread of East-Side-Gallery in Sehenswuerdreg.,['Sehenswuerdreg'],['East-Side-Gallery']
Basic-area Query,Europa-Center's surface area in Sehenswuerdreg?,['Sehenswuerdreg'],['Europa-Center']
Basic-area Query,Could you furnish the areal details of Bodemuseum in Sehenswuerdreg?,['Sehenswuerdreg'],['Bodemuseum']
Basic-area Query,What's the land size of Tempodrom situated in Sehenswuerdreg?,['Sehenswuerdreg'],['Tempodrom']
Basic-area Query,Kindly inform me about the territorial extent of Jungfernheideteich in WFlaechen.,['WFlaechen'],['Jungfernheideteich']
Basic-area Query,Find all Springpfuhl that cover an area larger than 100 hectares.,[],['Springpfuhl']
Basic-area Query,Could you reveal the expansive dimensions of Preußenpark in Flaechen?,['Flaechen'],['Preußenpark']
Basic-area Query,Surface area of Rehwiese in Flaechen?,['Flaechen'],['Rehwiese']
Basic-area Query,Could you tell me the area of Spree in WFlaechen?,['WFlaechen'],['Spree']
Basic-area Query,Could you please detail the territorial extent of Volkspark Prenzlauer Berg in Flaechen?,['Flaechen'],['Volkspark Prenzlauer Berg']
Basic-area Query,I'm interested in the areal dimensions of (Insel im Habermannsee) in Flaechen.,['Flaechen'],['(Insel im Habermannsee)']
Basic-area Query,Please advise me on the total area of Lindwerder in Flaechen.,['Flaechen'],['Lindwerder']
Basic-area Query,What are the vast dimensions of Staatsbibliothek in Sehenswuerdreg?,['Sehenswuerdreg'],['Staatsbibliothek']
Basic-area Query,Please enumerate the dimensions of Griebnitzsee in WFlaechen.,['WFlaechen'],['Griebnitzsee']
Basic-area Query,"Dimensions of Potsdamer Platz Arkaden in Sehenswuerdreg, please?",['Sehenswuerdreg'],['Potsdamer Platz Arkaden']
Basic-area Query,I'm wondering about the expanse of Brosepark in Flaechen.,['Flaechen'],['Brosepark']
Basic-area Query,What is the approximate geographical spread of Großer Wannsee in WFlaechen?,['WFlaechen'],['Großer Wannsee']
Basic-area Query,What is the areal spread of Renaissance-Theater in Sehenswuerdreg?,['Sehenswuerdreg'],['Renaissance-Theater']
Basic-area Query,Wuhlheide (Volkspark und FEZ)'s expanse in Flaechen?,['Flaechen'],['Wuhlheide (Volkspark und FEZ)']
Basic-area Query,I'm seeking the territorial spread of Badesee Arkenberge in WFlaechen.,['WFlaechen'],['Badesee Arkenberge']
Basic-area Query,What are the celestial dimensions of Wuhlheide in Flaechen?,['Flaechen'],['Wuhlheide']
Basic-area Query,What is the surface area of Berliner Forst Düppel in Flaechen?,['Flaechen'],['Berliner Forst Düppel']
Basic-area Query,What's the area covered by Butzer See in WFlaechen?,['WFlaechen'],['Butzer See']
Basic-area Query,Can you provide the area of Reiswerder in Flaechen?,['Flaechen'],['Reiswerder']
Basic-area Query,I'm wondering about the territorial area of Fennsee in WFlaechen.,['WFlaechen'],['Fennsee']
Basic-area Query,Could you provide the geographical area of Freie Universität Berlin?,[],['Freie Universität Berlin']
Basic-area Query,What is the area of Maienwerder within Flaechen?,['Flaechen'],['Maienwerder']
Basic-area Query,Provide an overview of the geographical area encompassed by Volkspark Wilmersdorf in Flaechen.,['Flaechen'],['Volkspark Wilmersdorf']
Basic-area Query,I'm seeking information on the areal extent of Thielpark in Flaechen.,['Flaechen'],['Thielpark']
Basic-area Query,Klinikum Benjamin Franklin's size in Sehenswuerdreg?,['Sehenswuerdreg'],['Klinikum Benjamin Franklin']
Basic-direction Query,What's the broad compass heading when traveling from Ketzin - Roskow to Lessingstr. (Eberswalde)?,[],"['Ketzin - Roskow', 'Lessingstr. (Eberswalde)']"
Basic-direction Query,"What is the course from Niegripp to Hasenheide (Kreuzberg, Neukölln)?",[],"['Niegripp', 'Hasenheide (Kreuzberg, Neukölln)']"
Basic-direction Query,Can you tell me the direction from Neuendorf to Hohengörsdorf?,[],"['Neuendorf', 'Hohengörsdorf']"
Basic-direction Query,What route should I take from Gotenstr. (Schöneberg) to Longquan Temple?,[],"['Gotenstr. (Schöneberg)', 'Longquan Temple']"
Basic-direction Query,Please tell me the direction to go from Stadtmitte (U6) to Diesterwegstr..,[],"['Stadtmitte (U6)', 'Diesterwegstr.']"
Basic-direction Query,How do I follow the designated way from Ulmenstr. (Kaulsdorf) to Stendal?,[],"['Ulmenstr. (Kaulsdorf)', 'Stendal']"
Basic-direction Query,"If I start at Dorfstr. (Schöneiche), what would be the bearing to Shuangtang Road?",[],"['Dorfstr. (Schöneiche)', 'Shuangtang Road']"
Basic-direction Query,Could you please suggest the directional path from Yorckstr. (Potsdam) to Güstow - Gollmitz?,[],"['Yorckstr. (Potsdam)', 'Güstow - Gollmitz']"
Basic-direction Query,What's the broad heading from Lindenstr. (Kaulsdorf) to Dallgow-Döberitz?,[],"['Lindenstr. (Kaulsdorf)', 'Dallgow-Döberitz']"
Basic-direction Query,Can you provide navigational route details from Hegemeisterweg to Lilienthalstr.?,[],"['Hegemeisterweg', 'Lilienthalstr.']"
Basic-direction Query,Can you provide directional instructions from Jialing River East Street to Jägerallee (B2) (Potsdam)?,[],"['Jialing River East Street', 'Jägerallee (B2) (Potsdam)']"
Basic-direction Query,Head toward Friedrich-Ebert-Str. (B1) (Potsdam) from Yorckstr. (Großgörschenstr.).,[],"['Friedrich-Ebert-Str. (B1) (Potsdam)', 'Yorckstr. (Großgörschenstr.)']"
Basic-direction Query,"What's the simplest way to determine the directional heading from S41,S42,S8 to Keplerstr. (Mahlow-Waldblick)?",[],"['S41,S42,S8', 'Keplerstr. (Mahlow-Waldblick)']"
Basic-direction Query,What's the approximate heading from Oschersleben to Mahlow - Birkholz?,[],"['Oschersleben', 'Mahlow - Birkholz']"
Basic-direction Query,"Generally, how do I head towards Havel from Gongyuan Street?",[],"['Havel', 'Gongyuan Street']"
Basic-direction Query,Could you advise me on the best route from Schulzendorf - Steinbeck to Haselhorst?,[],"['Schulzendorf - Steinbeck', 'Haselhorst']"
Basic-direction Query,Can you provide an overall orientation from Drittes Ohr to Priesterweg (Schöneberg)?,[],"['Drittes Ohr', 'Priesterweg (Schöneberg)']"
Basic-direction Query,Can you provide advice on the route from Rüdesheimer Platz to Damme - Grenz?,[],"['Rüdesheimer Platz', 'Damme - Grenz']"
Basic-direction Query,Find your way from Kummersdorf (b Storkow) to Buckow - Damsdorf.,[],"['Kummersdorf (b Storkow)', 'Buckow - Damsdorf']"
Basic-direction Query,What route should I take from Marquardter Damm (Marquardt) to Michaelkirchplatz?,[],"['Marquardter Damm (Marquardt)', 'Michaelkirchplatz']"
Basic-direction Query,"Compass point from Grenzstr. (Wedding) to Fasanenstr. (Charlottenburg, Wilmersdorf).",[],"['Grenzstr. (Wedding)', 'Fasanenstr. (Charlottenburg, Wilmersdorf)']"
Basic-direction Query,What's the approximate direction between Vierraden and Shengli Road?,[],"['Vierraden', 'Shengli Road']"
Basic-direction Query,How do I follow the route guidance from Zhenghe South Road to Schmidt-Ott-Str.?,[],"['Zhenghe South Road', 'Schmidt-Ott-Str.']"
Basic-direction Query,What is the preferred heading from Neverin to MuLackritze?,[],"['Neverin', 'MuLackritze']"
Basic-direction Query,Determine the compass point Schmiljanstr. to Solmsstr..,[],"['Schmiljanstr.', 'Solmsstr.']"
Basic-direction Query,"Can you provide guidance on the direction from Zhengde Road to RE5,RB49?",[],"['Zhengde Road', 'RE5,RB49']"
Basic-direction Query,Can you assist with wayfinding from Residenzstr. to Luolang Lane?,[],"['Residenzstr.', 'Luolang Lane']"
Basic-direction Query,Which way should I head from Prenzlauer Promenade to Scotch Malt Embassy?,[],"['Prenzlauer Promenade', 'Scotch Malt Embassy']"
Basic-direction Query,Please tell me the direction to go from Insel to Café Istoria.,[],"['Insel', 'Café Istoria']"
Basic-direction Query,What direction should I take from Weydingerstr. to Linow - Zechlinerhütte?,[],"['Weydingerstr.', 'Linow - Zechlinerhütte']"
Basic-direction Query,What is the way to follow from Humannplatz to Robert-Koch-Platz?,[],"['Humannplatz', 'Robert-Koch-Platz']"
Basic-direction Query,How can I determine the compass heading from Rüdigerstr. (Lichtenberg) to Diemitz - Mirow?,[],"['Rüdigerstr. (Lichtenberg)', 'Diemitz - Mirow']"
Basic-direction Query,"How do I follow the route guidance from Filmpalast Berlin to S8,S9,S46?",[],"['Filmpalast Berlin', 'S8,S9,S46']"
Basic-direction Query,"In a general sense, what's the travel direction from Danziger Str. to S2?",[],"['Danziger Str.', 'S2']"
Basic-direction Query,What is the recommended wayfinding route from Tempelherrenstr. to Lettberger Str.?,[],"['Tempelherrenstr.', 'Lettberger Str.']"
Basic-direction Query,Can you provide guidance on the route from Leopoldplatz to Schmölln - ehem. Bahnhof (- Wallmow)?,[],"['Leopoldplatz', 'Schmölln - ehem. Bahnhof (- Wallmow)']"
Basic-direction Query,Can you tell me the direction from Rennbahnstr. to Elcknerplatz?,[],"['Rennbahnstr.', 'Elcknerplatz']"
Basic-direction Query,Give me the direction from Deutsche Oper Berlin to Storch.,[],"['Deutsche Oper Berlin', 'Storch']"
Basic-direction Query,How would you generally chart the course from Gondel to (Wuhlewanderweg)?,[],"['Gondel', '(Wuhlewanderweg)']"
Basic-direction Query,"In a general sense, what's the travel direction from Augustastr. (Lichterfelde) to Prenzlauer Promenade?",[],"['Augustastr. (Lichterfelde)', 'Prenzlauer Promenade']"
Basic-direction Query,Can you provide the direction I should take from Mündesee to (Durchgang Warschauer Platz - Warschauer Str.)?,[],"['Mündesee', '(Durchgang Warschauer Platz - Warschauer Str.)']"
Basic-direction Query,Friedrichstr. (Erkner) to Fenghuang West Street travel direction.,[],"['Friedrichstr. (Erkner)', 'Fenghuang West Street']"
Basic-direction Query,Head toward DuXing Road from Görzig.,[],"['DuXing Road', 'Görzig']"
Basic-direction Query,What's the compass point from Ulitzkastr. (Bernau) to Luhme - Diemitz?,[],"['Ulitzkastr. (Bernau)', 'Luhme - Diemitz']"
Basic-direction Query,Give me the direction from Schubertstr. (Köpenick) to B112: Frankfurt - Guben.,[],"['Schubertstr. (Köpenick)', 'B112: Frankfurt - Guben']"
Basic-direction Query,Which way is it from Priort - Karpzow to Kremmen - Fehrbellin?,[],"['Priort - Karpzow', 'Kremmen - Fehrbellin']"
Basic-direction Query,I'm at (Görlitzer Park) and want to reach Transvaalstr.. What direction should I head in?,[],"['(Görlitzer Park)', 'Transvaalstr.']"
Basic-direction Query,How should I navigate from Gugelhof Restaurant to B104: Pasewalk - Szeczin?,[],"['Gugelhof Restaurant', 'B104: Pasewalk - Szeczin']"
Basic-direction Query,What is the bearing between Weinmeisterstr. and Karl-Kunger-Str.?,[],"['Weinmeisterstr.', 'Karl-Kunger-Str.']"
Basic-direction Query,Direction from Krankenhaus Am Urban to Wallmow - Carmzow.,[],"['Krankenhaus Am Urban', 'Wallmow - Carmzow']"
Basic-direction Query,"What's the approximate pathway between Ackerstr. (Mitte, Wedding) and Parkstr. (Hennigsdorf)?",[],"['Ackerstr. (Mitte, Wedding)', 'Parkstr. (Hennigsdorf)']"
Basic-direction Query,"In a general sense, what's the orientation from Klausdorf - Sperenberg to (Verbindung ISIS - Humboldtring) (Potsdam)?",[],"['Klausdorf - Sperenberg', '(Verbindung ISIS - Humboldtring) (Potsdam)']"
Basic-direction Query,How would you describe the directional path between Grimmstr. (Kreuzberg) and Caputh - Michendorf?,[],"['Grimmstr. (Kreuzberg)', 'Caputh - Michendorf']"
Basic-direction Query,How do I navigate from Haus der Kulturen (Kongreßhalle) to Warschauer Str.?,[],"['Haus der Kulturen (Kongreßhalle)', 'Warschauer Str.']"
Basic-direction Query,How do I follow the designated way from Woldegk - Friedland to Wieck?,[],"['Woldegk - Friedland', 'Wieck']"
Basic-direction Query,What's the broad bearing between Albrechtstr. (Mitte) and Wolziger Zeile?,[],"['Albrechtstr. (Mitte)', 'Wolziger Zeile']"
Basic-direction Query,What is the recommended orientation from Walther-Schreiber-Platz to Motzstr.?,[],"['Walther-Schreiber-Platz', 'Motzstr.']"
Basic-direction Query,Determine the orientation (Kolonie Havelmathen) to Mosigkau (Dessau).,[],"['(Kolonie Havelmathen)', 'Mosigkau (Dessau)']"
Basic-direction Query,Can you provide an overall travel direction from Neuendorf A - Bugenitz to Pasewalk?,[],"['Neuendorf A - Bugenitz', 'Pasewalk']"
Basic-direction Query,Directional bearing between Dessau - Oranienbaum and Biscotti?,[],"['Dessau - Oranienbaum', 'Biscotti']"
Basic-direction Query,Can you tell me the heading from Biesenthal - Finow to Rudolph-Wilde-Park?,[],"['Biesenthal - Finow', 'Rudolph-Wilde-Park']"
Basic-direction Query,Can you provide assistance on finding the direction from Kiboko to Blönsdorf?,[],"['Kiboko', 'Blönsdorf']"
Basic-direction Query,What's the approximate directional heading from Rebenweg to Madonna?,[],"['Rebenweg', 'Madonna']"
Basic-direction Query,How would you generally chart the course bearing from Hugo-Cassirer-Str. to Priesterweg (Schöneberg)?,[],"['Hugo-Cassirer-Str.', 'Priesterweg (Schöneberg)']"
Basic-direction Query,Please indicate the orientation if I start at RE3 and head towards Glass-Haus.,[],"['RE3', 'Glass-Haus']"
Basic-direction Query,Show me the direction from Trebbin - Brück to Nanjing Geological Museum.,[],"['Trebbin - Brück', 'Nanjing Geological Museum']"
Basic-direction Query,Point me in the right direction from Bärenklau to Schönermark|Uckermark.,[],"['Bärenklau', 'Schönermark|Uckermark']"
Basic-direction Query,Compass heading Tiandi travel agency to Kostrzyn - Slubice (Polen).,[],"['Tiandi travel agency', 'Kostrzyn - Slubice (Polen)']"
Basic-direction Query,What's the simplest way to determine the directional heading from Schwarzes Café to Kaulbachstr. (Lankwitz)?,[],"['Schwarzes Café', 'Kaulbachstr. (Lankwitz)']"
Basic-direction Query,What's the compass direction to follow from Dessow (Mark) to Suckow - Warthe?,[],"['Dessow (Mark)', 'Suckow - Warthe']"
Basic-direction Query,Determine the orientation Nunsdorf - Thyrow to Schönholz.,[],"['Nunsdorf - Thyrow', 'Schönholz']"
Basic-direction Query,How do I discover the direction from Kangju Road to Danfeng Street?,[],"['Kangju Road', 'Danfeng Street']"
Basic-direction Query,Compass heading from Steubenplatz to In den Ministergärten?,[],"['Steubenplatz', 'In den Ministergärten']"
Basic-direction Query,What's the heading from Nikolsburger Platz to Lindow?,[],"['Nikolsburger Platz', 'Lindow']"
Basic-direction Query,Find your way from Bismarckstr. (Steglitz) to Lichtenrader Damm.,[],"['Bismarckstr. (Steglitz)', 'Lichtenrader Damm']"
Basic-direction Query,What would be the recommended direction from Kaiserstuben to Lüdersdorf - Wriezen?,[],"['Kaiserstuben', 'Lüdersdorf - Wriezen']"
Basic-direction Query,How would you generally navigate from Ückeritz to Neuendorf?,[],"['Ückeritz', 'Neuendorf']"
Basic-direction Query,Give me the direction from Carl-Herz-Ufer to Brandenburg - Marzahne.,[],"['Carl-Herz-Ufer', 'Brandenburg - Marzahne']"
Basic-direction Query,How do I follow the designated way from Wulkau - Rathenow to Piesteritz|(Wittenberg)?,[],"['Wulkau - Rathenow', 'Piesteritz|(Wittenberg)']"
Basic-direction Query,How do I locate the best compass bearing from Laifeng Road to Abtei Zenner?,[],"['Laifeng Road', 'Abtei Zenner']"
Basic-direction Query,I need to find the direction from Caputh (Havel) to Jingye Road.,[],"['Caputh (Havel)', 'Jingye Road']"
Basic-direction Query,What is the compass direction from Bundesallee to Schöneicher Str. (Friedrichshagen)?,[],"['Bundesallee', 'Schöneicher Str. (Friedrichshagen)']"
Basic-direction Query,Can you provide the orientation from Platz der Vereinten Nationen to Briesen - Treplin?,[],"['Platz der Vereinten Nationen', 'Briesen - Treplin']"
Basic-direction Query,What direction should I take from Haarlemer Str. to Nonnendammallee?,[],"['Haarlemer Str.', 'Nonnendammallee']"
Basic-direction Query,How should I navigate from Neuer Feldweg to Wühlischstr.?,[],"['Neuer Feldweg', 'Wühlischstr.']"
Basic-direction Query,What's the compass heading when heading towards Burg|a. Fehmarn from Wesendahl - Hirschfelde?,[],"['Burg|a. Fehmarn', 'Wesendahl - Hirschfelde']"
Basic-direction Query,What's the basic heading to reach Linkstr. from Hecklingen?,[],"['Linkstr.', 'Hecklingen']"
Basic-direction Query,Can you give a sense of the travel direction from Linienstr. to U6?,[],"['Linienstr.', 'U6']"
Basic-direction Query,Can you provide a broad sense of the way to follow from Baruther Str. to Twernsee?,[],"['Baruther Str.', 'Twernsee']"
Basic-direction Query,In what compass point should I head when traveling from Böckenberg to Rummelsburger Str. (Friedrichsfelde)?,[],"['Böckenberg', 'Rummelsburger Str. (Friedrichsfelde)']"
Basic-direction Query,How do I find the compass direction from Drewensee to Opera Italiana?,[],"['Drewensee', 'Opera Italiana']"
Basic-direction Query,What is the bearing from Changjiang Road to Teltower Str. (Mahlow)?,[],"['Changjiang Road', 'Teltower Str. (Mahlow)']"
Basic-direction Query,What direction should I take from Donglong line to Gongyuan Street?,[],"['Donglong line', 'Gongyuan Street']"
Basic-direction Query,"Can you offer a general sense of navigation route from Richard-Wagner-Platz to Scharnweberstr. (Reinickendorf, Wedding)?",[],"['Richard-Wagner-Platz', 'Scharnweberstr. (Reinickendorf, Wedding)']"
Basic-direction Query,Navigate from Falkenberg - Wilmersdorf to (Müggelturm - Dahme). Show me the way.,[],"['Falkenberg - Wilmersdorf', '(Müggelturm - Dahme)']"
Basic-direction Query,August-Froehlich-Str. to Cavalcanti cardinal direction.,[],"['August-Froehlich-Str.', 'Cavalcanti']"
Basic-direction Query,How do I find the compass bearing for the route from Reiswerder to Wegedornstr.?,[],"['Reiswerder', 'Wegedornstr.']"
Basic-direction Query,I'm looking for directions from George-Grosz-Platz to Veteranenstr..,[],"['George-Grosz-Platz', 'Veteranenstr.']"
Basic-direction Query,What's the general direction to reach Grünow - Mönchehof from Zanderstr. (B1/B102) (Brandenburg)?,[],"['Grünow - Mönchehof', 'Zanderstr. (B1/B102) (Brandenburg)']"
Basic-direction Query,Could you please tell me the direction from Yancang Bridge to Paul-Löbe-Haus?,[],"['Yancang Bridge', 'Paul-Löbe-Haus']"
Basic-direction Query,Please tell me the direction to go from Liangjiang West Road to Gehrenseestr..,[],"['Liangjiang West Road', 'Gehrenseestr.']"
Basic-direction Query,What is the suggested pathfinding route from Calbe - Förderstedt to Flaeming Skate RK1?,[],"['Calbe - Förderstedt', 'Flaeming Skate RK1']"
Basic-direction Query,What is the suggested pathfinding route from Terzo Mondo to Wustrow?,[],"['Terzo Mondo', 'Wustrow']"
Basic-direction Query,What is the compass heading from Pfarrer-Heß-Weg to Leipziger Str.?,[],"['Pfarrer-Heß-Weg', 'Leipziger Str.']"
Basic-direction Query,I'm at Schloß Glienicke and need to get to Cinematograph (auch Max). What's the basic direction?,[],"['Schloß Glienicke', 'Cinematograph (auch Max)']"
Basic-direction Query,Can you guide me on the course bearing from Wampe to Rosenthaler Platz?,[],"['Wampe', 'Rosenthaler Platz']"
Basic-direction Query,"Generally, how do I head towards Botanischer Garten from Café Uebereck?",[],"['Botanischer Garten', 'Café Uebereck']"
Basic-direction Query,How do I navigate from Senftenhütte to Mandrellaplatz?,[],"['Senftenhütte', 'Mandrellaplatz']"
Basic-direction Query,Can you provide the direction from Bergiusstr. to Bierhimmel?,[],"['Bergiusstr.', 'Bierhimmel']"
Basic-direction Query,What's the approximate heading from Niebendorf-Heinsdorf to Anatre?,[],"['Niebendorf-Heinsdorf', 'Anatre']"
Basic-direction Query,Can you provide the pathway from Dewichow - Neppermin to Zwölf Apostel - Friedrichshain?,[],"['Dewichow - Neppermin', 'Zwölf Apostel - Friedrichshain']"
Basic-direction Query,Can you advise me on the best route from the Badenscher Hof to Buchholz (Zauche)?,[],"['Badenscher Hof', 'Buchholz (Zauche)']"
Basic-direction Query,Can you provide navigational route details from Diemitz - Mirow to Residenzstr.?,[],"['Diemitz - Mirow', 'Residenzstr.']"
Basic-direction Query,What's the orientation from Karstädt to Roseggerstr. (Neukölln)?,[],"['Karstädt', 'Roseggerstr. (Neukölln)']"
Basic-direction Query,What's the direction from Yunkong Road to Radis?,[],"['Yunkong Road', 'Radis']"
Basic-direction Query,I'm looking for directions from Welsickendorf - Zellendorf to Rossija.,[],"['Welsickendorf - Zellendorf', 'Rossija']"
Basic-direction Query,Could you please tell me the direction from Wallstr. (Mitte) to Hauptstr. (Rosenthal)?,[],"['Wallstr. (Mitte)', 'Hauptstr. (Rosenthal)']"
Basic-direction Query,Pathfinding Herzfelde - Erkner to Finsterwalde.,[],"['Herzfelde - Erkner', 'Finsterwalde']"
Basic-direction Query,What is the suggested travel direction from Valentinswerder - Tegelort to Albrechtshof?,[],"['Valentinswerder - Tegelort', 'Albrechtshof']"
Basic-direction Query,How do I follow the compass heading for the route from Crellestr. to Eickstedt - Wallmow?,[],"['Crellestr.', 'Eickstedt - Wallmow']"
Basic-direction Query,Directional heading Auguste-Vikoria-Krankenhaus to Germaniastr..,[],"['Auguste-Vikoria-Krankenhaus', 'Germaniastr.']"
Basic-direction Query,How do I navigate the course from mrainline to S2?,[],"['mrainline', 'S2']"
Basic-direction Query,Could you give me the directional bearing from Badenscher Hof to Käbelich - Bargendorf?,[],"['Badenscher Hof', 'Käbelich - Bargendorf']"
Basic-direction Query,What's the general compass point towards Nahmitzer Damm from Dongmenqian Street?,[],"['Nahmitzer Damm', 'Dongmenqian Street']"
Basic-direction Query,What's the compass bearing between Binz - Saßnitz and Edd´s Thailändische Spezialitäten?,[],"['Binz - Saßnitz', 'Edd´s Thailändische Spezialitäten']"
Basic-direction Query,How can I determine the compass heading if I start at Dietzgenstr. and head towards Odenwaldstr.?,[],"['Dietzgenstr.', 'Odenwaldstr.']"
Basic-direction Query,I'm at Innsbrucker Str. and need to get to Schmöckwitzwerdersteg. What's the basic direction?,[],"['Innsbrucker Str.', 'Schmöckwitzwerdersteg']"
Basic-direction Query,Please tell me the direction to go from Fenghuang South Road to Weydingerstr..,[],"['Fenghuang South Road', 'Weydingerstr.']"
Basic-direction Query,Longxi Road to U6 pathway.,[],"['Longxi Road', 'U6']"
Basic-direction Query,Determine the orientation Westhafenkanal to Hoppegarten (Mark).,[],"['Westhafenkanal', 'Hoppegarten (Mark)']"
Basic-direction Query,"Can you provide me with the compass heading for Zhushan Bridge to Bhf. Satzkorn, Übergang?",[],"['Zhushan Bridge', 'Bhf. Satzkorn, Übergang']"
Basic-direction Query,Can you provide route guidance for the journey from Marie-Elisabeth-Lüders-Str. to Prützke - Brandenburg?,[],"['Marie-Elisabeth-Lüders-Str.', 'Prützke - Brandenburg']"
Basic-direction Query,Can you give me a sense of direction from Medebacher Weg to (Waldweg an der S-Bahn)?,[],"['Medebacher Weg', '(Waldweg an der S-Bahn)']"
Basic-direction Query,Can you guide me on the course bearing from Ernst-Thälmann-Str. (Frankfurt) to Mölschow - Zecherin?,[],"['Ernst-Thälmann-Str. (Frankfurt)', 'Mölschow - Zecherin']"
Basic-direction Query,What's the broad bearing between Gaokang Road and Bootshausweg?,[],"['Gaokang Road', 'Bootshausweg']"
Basic-direction Query,Can you provide guidance on the route from Martin-Luther-Str. (Schöneberg) to Falkenhagener Str. (Falkensee)?,[],"['Martin-Luther-Str. (Schöneberg)', 'Falkenhagener Str. (Falkensee)']"
Basic-direction Query,Can you provide wayfinding route details from Hirzerweg to B246a?,[],"['Hirzerweg', 'B246a']"
Basic-direction Query,I want to know the direction from Nudow to Osdorfer Str..,[],"['Nudow', 'Osdorfer Str.']"
Basic-direction Query,Could you give me the directional bearing from Gebrüder Katz to Ahrensfelde?,[],"['Gebrüder Katz', 'Ahrensfelde']"
Basic-direction Query,What's the approximate heading from Löwenberg (Mark) to Rodelbergweg?,[],"['Löwenberg (Mark)', 'Rodelbergweg']"
Basic-direction Query,What is the course between Görlitzer Bhf. and Chengzuo camp?,[],"['Görlitzer Bhf.', 'Chengzuo camp']"
Basic-direction Query,Could you provide assistance on finding the direction from Universitätsklinikum Rudolf Virchow to Stralauer Allee?,[],"['Universitätsklinikum Rudolf Virchow', 'Stralauer Allee']"
Basic-direction Query,"Generally, how do I head towards Beelitz-Heilstätten from Grenzallee?",[],"['Beelitz-Heilstätten', 'Grenzallee']"
Basic-direction Query,Can you provide a rough directional bearing between Hoffmannstr. (Treptow) and Brüssow?,[],"['Hoffmannstr. (Treptow)', 'Brüssow']"
Basic-direction Query,Directional route from Im Grund (Dahlwitz-Hoppegarten) to U6.,[],"['Im Grund (Dahlwitz-Hoppegarten)', 'U6']"
Basic-direction Query,How do I locate the path from Drewitzer Str. (Potsdam) to Dankmarsteig?,[],"['Drewitzer Str. (Potsdam)', 'Dankmarsteig']"
Basic-direction Query,"How would you generally chart the course from Fasanenstr. (Charlottenburg, Wilmersdorf) to Xingwu Road?",[],"['Fasanenstr. (Charlottenburg, Wilmersdorf)', 'Xingwu Road']"
Basic-direction Query,Could you provide advice on the route from Behmstr. to Schönfließer Str. (Frohnau)?,[],"['Behmstr.', 'Schönfließer Str. (Frohnau)']"
Basic-direction Query,How do I follow the designated way from Thuner Platz to Riesaer Str.?,[],"['Thuner Platz', 'Riesaer Str.']"
Basic-direction Query,Compass point from Wernesgrüner Bierstube to Yingao Lane.,[],"['Wernesgrüner Bierstube', 'Yingao Lane']"
Basic-direction Query,"What is the suggested navigational route from Labüskesee to Markgrafenstr. (Kreuzberg, Mitte)?",[],"['Labüskesee', 'Markgrafenstr. (Kreuzberg, Mitte)']"
Basic-direction Query,What's the compass bearing between Christstr. and Hilbertstr.?,[],"['Christstr.', 'Hilbertstr.']"
Basic-direction Query,What is the compass bearing between Buchholz - Steinhöfel and International?,[],"['Buchholz - Steinhöfel', 'International']"
Basic-direction Query,How do I navigate the direction from Moritzstr. (Spandau) to Havelchaussee?,[],"['Moritzstr. (Spandau)', 'Havelchaussee']"
Basic-direction Query,What's the broad compass heading from Nanjing travel agency to Petersburger Str.?,[],"['Nanjing travel agency', 'Petersburger Str.']"
Basic-direction Query,What is the compass point from Samâdhi to Bellevue?,[],"['Samâdhi', 'Bellevue']"
Basic-direction Query,What's the basic directional guidance for traveling from Priesterweg (Schöneberg) to Gitschiner Str.?,[],"['Priesterweg (Schöneberg)', 'Gitschiner Str.']"
Basic-direction Query,Find the way to Kulisse from Templin Fährkrug.,[],"['Kulisse', 'Templin Fährkrug']"
Basic-direction Query,Can you give me the directional heading from Humboldtallee (Falkensee) to Gädebehn - Wolkow?,[],"['Humboldtallee (Falkensee)', 'Gädebehn - Wolkow']"
Basic-direction Query,What's the broad bearing between 13503 and Berliner Stadtforst Köpenick?,[],"['13503', 'Berliner Stadtforst Köpenick']"
Basic-direction Query,Any sense of a route from Lichterfelde to Nola?,[],"['Lichterfelde', 'Nola']"
Basic-direction Query,Can you give a sense of orientation from NSG to Longbin Road?,[],"['NSG', 'Longbin Road']"
Basic-direction Query,What's the approximate directional bearing between Griebnitzstr. (Potsdam) and Ganlu Lane?,[],"['Griebnitzstr. (Potsdam)', 'Ganlu Lane']"
Basic-direction Query,How should I determine the compass heading from Messedamm to Daming Road?,[],"['Messedamm', 'Daming Road']"
Basic-direction Query,Can you provide assistance on finding the direction from Orangerie im Radisson SAS Hotel Berlin to Ankogelweg?,[],"['Orangerie im Radisson SAS Hotel Berlin', 'Ankogelweg']"
Basic-direction Query,Can you provide the direction from Gerlinger Str. to Salzgitter-Bad?,[],"['Gerlinger Str.', 'Salzgitter-Bad']"
Basic-direction Query,Determine the heading UCI Kinowelt Friedrichshain to Leonhardyweg.,[],"['UCI Kinowelt Friedrichshain', 'Leonhardyweg']"
Basic-direction Query,Can you provide an overall heading from Tabuna to Lankwitzer Str. (Mariendorf)?,[],"['Tabuna', 'Lankwitzer Str. (Mariendorf)']"
Basic-direction Query,What's the simplest way to determine the directional heading from Chorin - Brodowin to Jolesch?,[],"['Chorin - Brodowin', 'Jolesch']"
Basic-direction Query,Can you provide the compass heading between Berliner Str. (Woltersdorf) and Nauener Tor?,[],"['Berliner Str. (Woltersdorf)', 'Nauener Tor']"
Basic-direction Query,Travel direction Lange Str. [vor Kaufhof] to Kluckstr..,[],"['Lange Str. [vor Kaufhof]', 'Kluckstr.']"
Basic-direction Query,Can you offer a general sense of navigation route from Au Lac im Hotel Seehof Berlin to Wusterwitz?,[],"['Au Lac im Hotel Seehof Berlin', 'Wusterwitz']"
Basic-direction Query,Can you give a heading from Miedzyzdroje to Gleiwitzer Str.?,[],"['Miedzyzdroje', 'Gleiwitzer Str.']"
Basic-direction Query,How can I determine the compass heading if I start at Rohrdamm and head towards Joachimstr. (Mitte)?,[],"['Rohrdamm', 'Joachimstr. (Mitte)']"
Basic-direction Query,Can you provide the directional path between Der Obersee and De Koekepan?,[],"['Der Obersee', 'De Koekepan']"
Basic-direction Query,What's the azimuth between zoogarten and Vockerode - Dessau?,[],"['zoogarten', 'Vockerode - Dessau']"
Basic-direction Query,Map the direction from Pottensteiner Weg to Calbe - Förderstedt.,[],"['Pottensteiner Weg', 'Calbe - Förderstedt']"
Basic-direction Query,Navigate from Ostseebad Prerow to Rhenaniastr..,[],"['Ostseebad Prerow', 'Rhenaniastr.']"
Basic-direction Query,What is the heading to Pudong Road from Böhmische Str.?,[],"['Pudong Road', 'Böhmische Str.']"
Basic-direction Query,Lerchensteig (Potsdam) to Seeburger Weg compass bearing.,[],"['Lerchensteig (Potsdam)', 'Seeburger Weg']"
Basic-direction Query,What is the compass point when traveling from Labüskesee to Kähnert - Gladau?,[],"['Labüskesee', 'Kähnert - Gladau']"
Basic-direction Query,Point me from Angerweg in the direction of Union Jack..,[],"['Angerweg', 'Union Jack']"
Basic-direction Query,"In a general sense, what's the compass heading when traveling from Knesebeckstr. (Charlottenburg, Wilmersdorf) to Samoastr.?",[],"['Knesebeckstr. (Charlottenburg, Wilmersdorf)', 'Samoastr.']"
Basic-direction Query,Could you provide advice on the route from Eichwalder Str. (Gosen) to Fürstenberg?,[],"['Eichwalder Str. (Gosen)', 'Fürstenberg']"
Basic-direction Query,How do I follow the compass heading for the route from Dahlem-Dorf to S26?,[],"['Dahlem-Dorf', 'S26']"
Basic-direction Query,"Can you provide the directional instructions from Altdorfer Str. to Aschaffenburger Str. (Schöneberg, Wilmersdorf)?",[],"['Altdorfer Str.', 'Aschaffenburger Str. (Schöneberg, Wilmersdorf)']"
Basic-direction Query,"Can you provide the compass direction from Jiangqiao line to (Wuhlewanderweg, westliches Ufer)?",[],"['Jiangqiao line', '(Wuhlewanderweg, westliches Ufer)']"
Basic-direction Query,How would you generally reach Hedwigstr. (Friedenau) from Hohenzollernkanal?,[],"['Hedwigstr. (Friedenau)', 'Hohenzollernkanal']"
Basic-direction Query,Could you please suggest the directional path from Genthin to Hauptstr. (Brandenburg)?,[],"['Genthin', 'Hauptstr. (Brandenburg)']"
Basic-direction Query,Can you provide an overall travel direction from Klick to RB35?,[],"['Klick', 'RB35']"
Basic-direction Query,Schillerpromenade (Neukölln) to B198: Neustrelitz - Woldegk route map.,[],"['Schillerpromenade (Neukölln)', 'B198: Neustrelitz - Woldegk']"
Basic-direction Query,What is the travel direction from Jüdisches Museum to Pilatusweg?,[],"['Jüdisches Museum', 'Pilatusweg']"
Basic-direction Query,How do I get from Zossener Str. (Kreuzberg) to Taiying Road?,[],"['Zossener Str. (Kreuzberg)', 'Taiying Road']"
Basic-direction Query,What's the approximate bearing between Ihleburg - Hohenseeden and Wangnitzsee?,[],"['Ihleburg - Hohenseeden', 'Wangnitzsee']"
Basic-direction Query,What's the broad compass heading when traveling from Eichwalder Str. (Gosen) to Longyang Road?,[],"['Eichwalder Str. (Gosen)', 'Longyang Road']"
Basic-direction Query,In which direction should I head towards U4 from Hackescher Markt?,[],"['U4', 'Hackescher Markt']"
Basic-direction Query,What's the cardinal direction between Shuangtang Garden and Wernsdorf?,[],"['Shuangtang Garden', 'Wernsdorf']"
Basic-direction Query,Map the direction from Edd´s Thailändische Spezialitäten to Dornacher Str..,[],"['Edd´s Thailändische Spezialitäten', 'Dornacher Str.']"
Basic-direction Query,"Generally, how do I head towards Hubertussiedlung - Kienberg from Kade?",[],"['Hubertussiedlung - Kienberg', 'Kade']"
Basic-direction Query,How do I find the compass direction from Café Kö to Schmankerl Wilmersdorf?,[],"['Café Kö', 'Schmankerl Wilmersdorf']"
Basic-direction Query,Navigate the way to Drebkau from Castros.,[],"['Drebkau', 'Castros']"
Basic-direction Query,What is the compass direction from Zur Historischen Mühle (Potsdam) to Röbel?,[],"['Zur Historischen Mühle (Potsdam)', 'Röbel']"
Basic-direction Query,"If I start at La Pignata, what route should I take to Pappelallee (Potsdam)?",[],"['La Pignata', 'Pappelallee (Potsdam)']"
Basic-direction Query,What is the direction if I travel from Berliner Str. (B1) (Potsdam) to RB27?,[],"['Berliner Str. (B1) (Potsdam)', 'RB27']"
Basic-direction Query,Could you guide me on the compass direction from Badesee Arkenberge to Fengnan Street?,[],"['Badesee Arkenberge', 'Fengnan Street']"
Basic-direction Query,Give me the direction from Wenguang Road to Odenwaldstr..,[],"['Wenguang Road', 'Odenwaldstr.']"
Basic-direction Query,"If I start at Theodor-Heuss-Platz, what route should I take to Breeger Bodden?",[],"['Theodor-Heuss-Platz', 'Breeger Bodden']"
Basic-direction Query,"Guide me on the route from Mehrower Allee to Altensteiner Krug, please.",[],"['Mehrower Allee', 'Altensteiner Krug']"
Basic-direction Query,What's the recommended compass bearing from Wilder Eber to Kemberger Str.?,[],"['Wilder Eber', 'Kemberger Str.']"
Basic-direction Query,I'm curious about the direction from Brückenstr. (Steglitz) to Else-Lasker-Schüler-Str..,[],"['Brückenstr. (Steglitz)', 'Else-Lasker-Schüler-Str.']"
Basic-direction Query,How do I find the correct compass point for the route from Ty Breizh to KIT KAT Club?,[],"['Ty Breizh', 'KIT KAT Club']"
Basic-direction Query,"Guide me on the route from Shengxiu Road to Bergstr. (Steglitz), please.",[],"['Shengxiu Road', 'Bergstr. (Steglitz)']"
Basic-direction Query,Is there a simple way to find the compass bearing from Tremmen - Gohlitz to André-Pican-Str. (Oranienburg)?,[],"['Tremmen - Gohlitz', 'André-Pican-Str. (Oranienburg)']"
Basic-direction Query,Heading to Regattastr. from Magdeburger Str. (Brandenburg).,[],"['Regattastr.', 'Magdeburger Str. (Brandenburg)']"
Basic-direction Query,Could you please tell me the direction from Siedenbrünzow - Loitz to Müggelheimer Str.?,[],"['Siedenbrünzow - Loitz', 'Müggelheimer Str.']"
Basic-direction Query,How would you describe the course bearing from Orangerie im Radisson SAS Hotel Berlin to Berlinickeplatz?,[],"['Orangerie im Radisson SAS Hotel Berlin', 'Berlinickeplatz']"
Basic-direction Query,What would be the orientation if I travel from Pingjiangfu Road to Statthaus Böcklerpark?,[],"['Pingjiangfu Road', 'Statthaus Böcklerpark']"
Basic-direction Query,Please tell me the direction to go from Friedland|(Vorpommern) to Lynow.,[],"['Friedland|(Vorpommern)', 'Lynow']"
Basic-direction Query,Find the way to Kieler Str. (Steglitz) from Treptower Park.,[],"['Kieler Str. (Steglitz)', 'Treptower Park']"
Basic-direction Query,Can you provide route guidance for the journey from B320: Lübben - Lieberose to (Rangowbruch)?,[],"['B320: Lübben - Lieberose', '(Rangowbruch)']"
Basic-direction Query,"In a general sense, what's the overall orientation from Eisenacher Str. (Mariendorf) to Einsteinturm (Potsdam)?",[],"['Eisenacher Str. (Mariendorf)', 'Einsteinturm (Potsdam)']"
Basic-direction Query,I'm looking for directions from Blissestr. to Anjiang Road.,[],"['Blissestr.', 'Anjiang Road']"
Basic-direction Query,What direction should I take from Gerbstedt to Nauener Str.?,[],"['Gerbstedt', 'Nauener Str.']"
Basic-direction Query,Can you guide me on the course bearing from Richard-Wagner-Platz to Yunlianghedong Road?,[],"['Richard-Wagner-Platz', 'Yunlianghedong Road']"
Basic-direction Query,What is the compass point when traveling from Georgenstr. (Mitte) to Eickstedt?,[],"['Georgenstr. (Mitte)', 'Eickstedt']"
Basic-direction Query,I'm planning a trip from Maselake to Hohen Neuendorf - Hennigsdorf. What direction should I take?,[],"['Maselake', 'Hohen Neuendorf - Hennigsdorf']"
Basic-direction Query,Can you give me a sense of direction from Bernau to Guchenghu North Road?,[],"['Bernau', 'Guchenghu North Road']"
Basic-direction Query,Can you give a sense of orientation from Helgolandstr. to Krausenstr.?,[],"['Helgolandstr.', 'Krausenstr.']"
Basic-direction Query,Point me in the right direction from Neverin to Tauentzienstr..,[],"['Neverin', 'Tauentzienstr.']"
Basic-direction Query,How do I chart the course from Fergitzer Mühle - Fergitz to Plätlinsee?,[],"['Fergitzer Mühle - Fergitz', 'Plätlinsee']"
Basic-direction Query,"General route from U1,U12,U15,U2 to Blönsdorf?",[],"['U1,U12,U15,U2', 'Blönsdorf']"
Basic-direction Query,What is the compass heading from Altentreptow - Stavenhagen to Garnisonkirchplatz?,[],"['Altentreptow - Stavenhagen', 'Garnisonkirchplatz']"
Basic-direction Query,Route advice from Yongfu Lane to Grabow|b. Burg?,[],"['Yongfu Lane', 'Grabow|b. Burg']"
Basic-direction Query,Could you provide advice on the route from Bad Sülze - Ravenhorst to Brüssow - Hammelstall?,[],"['Bad Sülze - Ravenhorst', 'Brüssow - Hammelstall']"
Basic-direction Query,Can you provide a broad sense of the way to follow from Körnerstr. (Steglitz) to B2a?,[],"['Körnerstr. (Steglitz)', 'B2a']"
Basic-direction Query,How do I find the orientation from Neuhaus - Friedrichsfelde to Rost?,[],"['Neuhaus - Friedrichsfelde', 'Rost']"
Basic-direction Query,What's the cardinal direction between Erich-Weinert-Str. and Luisenbräu?,[],"['Erich-Weinert-Str.', 'Luisenbräu']"
Basic-direction Query,What's the orientation when traveling from Frankfurter Tor to (Am Jüdischen Museum)?,[],"['Frankfurter Tor', '(Am Jüdischen Museum)']"
Basic-direction Query,Can you please guide me on the directional path to Marienthal from Shangshu Lane?,[],"['Marienthal', 'Shangshu Lane']"
Basic-direction Query,"In a general sense, what's the orientation from Karpfenteich to Kottbusser Damm?",[],"['Karpfenteich', 'Kottbusser Damm']"
Basic-direction Query,Cardinal direction between Boddinstr. and Schermen?,[],"['Boddinstr.', 'Schermen']"
Basic-direction Query,What's the compass direction to follow from Fengshui Road to Grottkauer Str.?,[],"['Fengshui Road', 'Grottkauer Str.']"
Basic-direction Query,How should I determine the compass heading from Shuangbaigang Road to Konrad-Wolf-Str.?,[],"['Shuangbaigang Road', 'Konrad-Wolf-Str.']"
Basic-direction Query,Is there a simple way to find the compass bearing from Flottwellstr. to Warmensteinacher Str.?,[],"['Flottwellstr.', 'Warmensteinacher Str.']"
Basic-direction Query,What is the course from Alte Hellersdorfer Str. to Sachtlebenstr.?,[],"['Alte Hellersdorfer Str.', 'Sachtlebenstr.']"
Basic-direction Query,What's the broad compass point when traveling from Prieros - Friedersdorf to Guangning Street?,[],"['Prieros - Friedersdorf', 'Guangning Street']"
Basic-direction Query,How do I navigate from Café Uebereck to Nikolaikirche (Potsdam)?,[],"['Café Uebereck', 'Nikolaikirche (Potsdam)']"
Basic-direction Query,What's the broad heading from (Am Langen See) to Gottow?,[],"['(Am Langen See)', 'Gottow']"
Basic-direction Query,What is the heading when traveling from Huangshanling Road to Flaischlenstr.?,[],"['Huangshanling Road', 'Flaischlenstr.']"
Basic-direction Query,How would you describe the directional path between Lichterfelder Ring and Anklam?,[],"['Lichterfelder Ring', 'Anklam']"
Basic-direction Query,Tell me the direction from RE3 to Filmbühne Am Steinplatz.,[],"['RE3', 'Filmbühne Am Steinplatz']"
Basic-direction Query,Directional heading from Pujiang Road to Holzmarkstr. (Potsdam).,[],"['Pujiang Road', 'Holzmarkstr. (Potsdam)']"
Basic-direction Query,Can you provide advice on the route from Kruggasse to Nienburg?,[],"['Kruggasse', 'Nienburg']"
Basic-direction Query,Can you provide advice on the route from Songshan Road to Otto-Sidow-Str. (B1/B102) (Brandenburg)?,[],"['Songshan Road', 'Otto-Sidow-Str. (B1/B102) (Brandenburg)']"
Basic-direction Query,"In a general sense, what's the orientation from Jiqinglu Xinqiao to Archibaldweg?",[],"['Jiqinglu Xinqiao', 'Archibaldweg']"
Basic-direction Query,Can you provide me with the compass heading for Schönower Str. to Klingsorstr.?,[],"['Schönower Str.', 'Klingsorstr.']"
Basic-direction Query,What is the travel direction from Gebrüder Salomon to Supamolly?,[],"['Gebrüder Salomon', 'Supamolly']"
Basic-direction Query,Navigate from Messelpark to Dongfang Road.,[],"['Messelpark', 'Dongfang Road']"
Basic-direction Query,"What is the cardinal direction from Calbe - Förderstedt to RE5,RE6,RB20?",[],"['Calbe - Förderstedt', 'RE5,RE6,RB20']"
Basic-direction Query,How do I plan the route from Nordbahnhof to Bahnsdorf?,[],"['Nordbahnhof', 'Bahnsdorf']"
Basic-direction Query,What's the compass heading when heading towards Torgauer Str. (Schöneberg) from (Mauerweg)?,[],"['Torgauer Str. (Schöneberg)', '(Mauerweg)']"
Basic-direction Query,What's the basic directional guidance for traveling from Klasdorf to Intertank?,[],"['Klasdorf', 'Intertank']"
Basic-direction Query,"If I start at Rehsen, what route should I take to Schwedt Mitte?",[],"['Rehsen', 'Schwedt Mitte']"
Basic-direction Query,Give me the direction from Braustübl to Bausdorfstr..,[],"['Braustübl', 'Bausdorfstr.']"
Basic-direction Query,How do I follow the designated way from Mauerstr. (Mitte) to Talsperre Spremberg?,[],"['Mauerstr. (Mitte)', 'Talsperre Spremberg']"
Basic-direction Query,What would be the recommended direction from Schulzendorf to Conradstr. (Wannsee)?,[],"['Schulzendorf', 'Conradstr. (Wannsee)']"
Basic-direction Query,I'm at Elster and need to get to Wittenbergplatz. What's the basic direction?,[],"['Elster', 'Wittenbergplatz']"
Basic-direction Query,What's the approximate direction to find the way from Ruhwaldweg to Im Domstift?,[],"['Ruhwaldweg', 'Im Domstift']"
Basic-direction Query,Find the way to Schönborn from Zhongyang Avenue.,[],"['Schönborn', 'Zhongyang Avenue']"
Basic-direction Query,What's the basic directional guidance for traveling from Shilang Road to Heinrich?,[],"['Shilang Road', 'Heinrich']"
Basic-direction Query,"Can you guide me on the course bearing from Rotes Rathaus to Parkweg (Treptow, Friedrichshain)?",[],"['Rotes Rathaus', 'Parkweg (Treptow, Friedrichshain)']"
Basic-direction Query,What's the basic direction to reach SO 36 from Weichselstr. (Friedrichshain)?,[],"['SO 36', 'Weichselstr. (Friedrichshain)']"
Basic-direction Query,I'm trying to find my way from Brodauer Str. to Ihleburg - Hohenseeden. Can you assist me with the compass direction?,[],"['Brodauer Str.', 'Ihleburg - Hohenseeden']"
Basic-direction Query,Could you please tell me the direction from Karl-Bonhoeffer-Nervenklinik to Jingxin Road?,[],"['Karl-Bonhoeffer-Nervenklinik', 'Jingxin Road']"
Basic-direction Query,What's the overall directional heading from Otto-von-Bismarck-Str. to Friedrichsfelde|Steinhöfel?,[],"['Otto-von-Bismarck-Str.', 'Friedrichsfelde|Steinhöfel']"
Basic-direction Query,How do I determine the compass direction for the route between Eckstein and Will?,[],"['Eckstein', 'Will']"
Basic-direction Query,Can you provide wayfinding route details from Ankogelweg to Nienburg?,[],"['Ankogelweg', 'Nienburg']"
Basic-direction Query,I need to find the direction from Greifswalder Str. to Märkisches Ufer.,[],"['Greifswalder Str.', 'Märkisches Ufer']"
Basic-direction Query,Which way should I head from Albrechtstr. (Tempelhof) to Thymensee?,[],"['Albrechtstr. (Tempelhof)', 'Thymensee']"
Basic-direction Query,Find the way to Braunschweiger Ufer from Wangshu Road.,[],"['Braunschweiger Ufer', 'Wangshu Road']"
Basic-direction Query,Navigation route Tasdorf - Altlandsberg to Schubertstr. (Lichterfelde).,[],"['Tasdorf - Altlandsberg', 'Schubertstr. (Lichterfelde)']"
Basic-direction Query,How would you generally navigate from Kurzlipsdorf - Kaltenborn to Wrangelstr. (Steglitz)?,[],"['Kurzlipsdorf - Kaltenborn', 'Wrangelstr. (Steglitz)']"
Basic-direction Query,Directional bearing between Nangong Road and Pudagla?,[],"['Nangong Road', 'Pudagla']"
Basic-direction Query,Can you guide me from B105 towards Domäne Dahlem?,[],"['B105', 'Domäne Dahlem']"
Basic-direction Query,I need to find the direction from JoJo to Tongxin Road.,[],"['JoJo', 'Tongxin Road']"
Basic-direction Query,"In a general sense, what's the heading from Koppenplatz to Schulzestr.?",[],"['Koppenplatz', 'Schulzestr.']"
Basic-direction Query,Map the direction from Schlesisches Tor to Meilenstein.,[],"['Schlesisches Tor', 'Meilenstein']"
Basic-direction Query,How would you describe the overall wayfinding from Königsbrück to Tribsees - Franzburg?,[],"['Königsbrück', 'Tribsees - Franzburg']"
Basic-direction Query,"Determine the orientation Auguste-Viktoria-Str. (Grunewald, Schmargendorf) to Königsweg (Zehlendorf).",[],"['Auguste-Viktoria-Str. (Grunewald, Schmargendorf)', 'Königsweg (Zehlendorf)']"
Basic-direction Query,What is the course from (Waldweg an der S-Bahn) to Heesestr. (Biesdorf)?,[],"['(Waldweg an der S-Bahn)', 'Heesestr. (Biesdorf)']"
Basic-direction Query,Navigation route Kopfstr. to Schlieben.,[],"['Kopfstr.', 'Schlieben']"
Basic-direction Query,What is the bearing between Schöneicher Str. (Schöneiche) and Mühlenstr. (Eggersdorf)?,[],"['Schöneicher Str. (Schöneiche)', 'Mühlenstr. (Eggersdorf)']"
Basic-direction Query,What is the charted course from G104 to Wegedornstr.?,[],"['G104', 'Wegedornstr.']"
Basic-direction Query,What's the bearing from Dolgen to (Zinnowitz)?,[],"['Dolgen', '(Zinnowitz)']"
Basic-direction Query,What is the cardinal direction from Luckenwalde to Tempelhofer Damm?,[],"['Luckenwalde', 'Tempelhofer Damm']"
Basic-direction Query,"In a general sense, what's the orientation from Liebesinsel to B246: Beeskow - Eisenhüttenstadt?",[],"['Liebesinsel', 'B246: Beeskow - Eisenhüttenstadt']"
Basic-direction Query,What's the compass bearing if I travel from Bauernweg to Reinberg?,[],"['Bauernweg', 'Reinberg']"
Basic-direction Query,What's the general heading from Café Kö to Salomon?,[],"['Café Kö', 'Salomon']"
Basic-direction Query,What's the approximate directional route from Archivstr. to Prösen Ost?,[],"['Archivstr.', 'Prösen Ost']"
Basic-direction Query,What's the broad route map from Kaicheng Road to Westfälische Str.?,[],"['Kaicheng Road', 'Westfälische Str.']"
Basic-direction Query,Can you give a sense of the compass point when traveling from Pinnow|Uckermark to Ziekowstr.?,[],"['Pinnow|Uckermark', 'Ziekowstr.']"
Basic-direction Query,Direct me from Lino towards Lindow - Rheinsberg (Radwanderweg).,[],"['Lino', 'Lindow - Rheinsberg (Radwanderweg)']"
Basic-direction Query,I need to find the direction from Krefelder Str. to Phillip-Müller-Str. (Strausberg).,[],"['Krefelder Str.', 'Phillip-Müller-Str. (Strausberg)']"
Basic-direction Query,What's the general direction to reach Marzahner Chaussee from Joseph-Haydn-Str.?,[],"['Marzahner Chaussee', 'Joseph-Haydn-Str.']"
Basic-direction Query,What's the compass direction to follow from Begonienplatz to Hermannplatz?,[],"['Begonienplatz', 'Hermannplatz']"
Basic-direction Query,Can you provide an overall orientation from Alt-Friedrichsfelde to Morusstr.?,[],"['Alt-Friedrichsfelde', 'Morusstr.']"
Basic-direction Query,What's the orientation when traveling from Maxwell to Yingchun Street?,[],"['Maxwell', 'Yingchun Street']"
Basic-direction Query,How would you describe the overall navigation route from Dallgow - Falkensee to Götschendorf - Böckenberg?,[],"['Dallgow - Falkensee', 'Götschendorf - Böckenberg']"
Basic-direction Query,Putbus - Binz to Xingzhi Road orientation.,[],"['Putbus - Binz', 'Xingzhi Road']"
Basic-direction Query,"Can you give a sense of directional route from RE1,RE2,RE3,RE4,RE5 to Bruno-Taut-Str.?",[],"['RE1,RE2,RE3,RE4,RE5', 'Bruno-Taut-Str.']"
Basic-direction Query,Could you please suggest the compass direction from Treuenbrietzener Str. to Blockdammweg?,[],"['Treuenbrietzener Str.', 'Blockdammweg']"
Basic-direction Query,Which way is it from Tangzi Street to Grieben (b Gransee)?,[],"['Tangzi Street', 'Grieben (b Gransee)']"
Basic-direction Query,Bearing from Jiqingmen Street to Kemperplatz.,[],"['Jiqingmen Street', 'Kemperplatz']"
Basic-direction Query,Route guidance from Teltowkanal to Güterfelder Damm (Stahnsdorf)?,[],"['Teltowkanal', 'Güterfelder Damm (Stahnsdorf)']"
Basic-direction Query,Directional instructions Wolletzsee to Arsenal.,[],"['Wolletzsee', 'Arsenal']"
Basic-direction Query,What's the compass bearing from Pekrunstr. to Haßleben?,[],"['Pekrunstr.', 'Haßleben']"
Basic-direction Query,What's the compass direction to follow from Schillerpark to Str. der Jugend (Schönwalde)?,[],"['Schillerpark', 'Str. der Jugend (Schönwalde)']"
Basic-direction Query,Route advice from Green Door to Saarstr.?,[],"['Green Door', 'Saarstr.']"
Basic-direction Query,Can you advise me on the best route from the Hohensaaten - Neuendorf to Carmerstr.?,[],"['Hohensaaten - Neuendorf', 'Carmerstr.']"
Basic-direction Query,I'm at Potzlow and want to reach Centro Sud. What direction should I head in?,[],"['Potzlow', 'Centro Sud']"
Basic-direction Query,What is the preferred heading from Trave to Berlin Bar?,[],"['Trave', 'Berlin Bar']"
Basic-direction Query,Can you give a heading from An der Wuhle to Puschkinallee?,[],"['An der Wuhle', 'Puschkinallee']"
Basic-direction Query,What is the directional route between Königsweg (Zehlendorf) and Prinz-Friedrich-Leopold-Kanal?,[],"['Königsweg (Zehlendorf)', 'Prinz-Friedrich-Leopold-Kanal']"
Basic-direction Query,Please tell me the direction to go from Bruno-Taut-Str. to Neuendorf.,[],"['Bruno-Taut-Str.', 'Neuendorf']"
Basic-direction Query,Pathfinding Hubertusallee to Jiqingmen Street.,[],"['Hubertusallee', 'Jiqingmen Street']"
Basic-direction Query,Can you provide the orientation from Sacrow - Glienicker Brücke to Leopoldplatz?,[],"['Sacrow - Glienicker Brücke', 'Leopoldplatz']"
Basic-direction Query,Navigate the way to Warnitz from August-Bebel-Str. (Bernau).,[],"['Warnitz', 'August-Bebel-Str. (Bernau)']"
Basic-direction Query,What would be the direction if I start at B109/B110 and head to Hüttenweg?,[],"['B109/B110', 'Hüttenweg']"
Basic-direction Query,Can you guide me on the route from Seegefelder Weg to Marheinekeplatz?,[],"['Seegefelder Weg', 'Marheinekeplatz']"
Basic-direction Query,How do I determine the compass direction from Magdeburger Str. (Brandenburg) to Trebbin - Brück?,[],"['Magdeburger Str. (Brandenburg)', 'Trebbin - Brück']"
Basic-direction Query,How do I navigate the direction from Allgäuer Weg to Prenden - Klosterfelde?,[],"['Allgäuer Weg', 'Prenden - Klosterfelde']"
Basic-direction Query,Directional bearing between Rosefinch Bridge and (Neuer Garten) (Potsdam)?,[],"['Rosefinch Bridge', '(Neuer Garten) (Potsdam)']"
Basic-direction Query,How can I determine the compass heading from (Moorlake - Pfaueninsel) to Herthastr. (Grunewald)?,[],"['(Moorlake - Pfaueninsel)', 'Herthastr. (Grunewald)']"
Basic-direction Query,Which way is it from Malchow to RE4?,[],"['Malchow', 'RE4']"
Basic-direction Query,Could you guide me on the navigation route from B115: Jüterbog - Baruth to Charité-Krankenhaus?,[],"['B115: Jüterbog - Baruth', 'Charité-Krankenhaus']"
Basic-direction Query,"What's the basic heading to reach Turmstr. from Gartenstr. (Mitte, Wedding)?",[],"['Turmstr.', 'Gartenstr. (Mitte, Wedding)']"
Basic-direction Query,Determine the orientation Satzkorn - B273 to Krielow - Deetz.,[],"['Satzkorn - B273', 'Krielow - Deetz']"
Basic-direction Query,"Head toward B185 from (Am Teltowkanal, nördl. Ufer).",[],"['B185', '(Am Teltowkanal, nördl. Ufer)']"
Basic-direction Query,What is the azimuth from Giesensdorfer Str. to Bierpinsel?,[],"['Giesensdorfer Str.', 'Bierpinsel']"
Basic-direction Query,"In a general sense, what's the compass point when traveling from Stadtpark Steglitz to Drewensee?",[],"['Stadtpark Steglitz', 'Drewensee']"
Basic-direction Query,"How would I determine the compass heading from Hermsdorfer Damm to RE1,RB60?",[],"['Hermsdorfer Damm', 'RE1,RB60']"
Basic-direction Query,I'm planning a trip from Liepgarten to Wilmersdorfer Str.. What direction should I take?,[],"['Liepgarten', 'Wilmersdorfer Str.']"
Basic-direction Query,Can you assist with wayfinding from Müllerstr. (Wedding) to Jägertor?,[],"['Müllerstr. (Wedding)', 'Jägertor']"
Basic-direction Query,Can you guide me on the optimal orientation from (zum Tempelhofer Weg) to B122?,[],"['(zum Tempelhofer Weg)', 'B122']"
Basic-direction Query,Can you advise me on the best route from the Schloßallee to Gosch?,[],"['Schloßallee', 'Gosch']"
Basic-direction Query,How do I navigate the course from Trebuser Str. (Fürstenwalde) to Allee nach Glienicke (Potsdam)?,[],"['Trebuser Str. (Fürstenwalde)', 'Allee nach Glienicke (Potsdam)']"
Basic-direction Query,"How do I locate the best compass bearing from Ackerstr. (Mitte, Wedding) to Nippon?",[],"['Ackerstr. (Mitte, Wedding)', 'Nippon']"
Basic-direction Query,How do I find the correct compass point for the route from Wünsdorf-Waldstadt to Bismarcksfelder Str.?,[],"['Wünsdorf-Waldstadt', 'Bismarcksfelder Str.']"
Basic-direction Query,"If I start at Geraer Str., what would be the direction to Prenzlauer Allee?",[],"['Geraer Str.', 'Prenzlauer Allee']"
Basic-direction Query,Can you please guide me on the directional path to (B110) - Suckow from Oelsig?,[],"['(B110) - Suckow', 'Oelsig']"
Basic-direction Query,What is the course between Hennigsdorf and Prenzlauer Promenade?,[],"['Hennigsdorf', 'Prenzlauer Promenade']"
Basic-direction Query,What is the best course for traveling from Plaue to Dorfstr. (Malchow)?,[],"['Plaue', 'Dorfstr. (Malchow)']"
Basic-direction Query,Head in the direction of Ganglong line from Bad Saarow - Wendisch Rietz.,[],"['Ganglong line', 'Bad Saarow - Wendisch Rietz']"
Basic-direction Query,Can you provide wayfinding route details from Neue Kulmer Str. to Lessingstr. (Lichtenrade)?,[],"['Neue Kulmer Str.', 'Lessingstr. (Lichtenrade)']"
Basic-direction Query,Heading from Speck to Langhuan Road?,[],"['Speck', 'Langhuan Road']"
Basic-direction Query,"Could you please suggest the directional path from RE4,RB21 to Teplitzer Str.?",[],"['RE4,RB21', 'Teplitzer Str.']"
Basic-direction Query,How do I determine the compass direction from Ketzin - Uetz to Skales?,[],"['Ketzin - Uetz', 'Skales']"
Basic-direction Query,I'm looking for directions from Trebnitz (Mark) to Der Obersee.,[],"['Trebnitz (Mark)', 'Der Obersee']"
Basic-direction Query,Can you provide the compass heading between Wirtschaftswunder and Rudolf-Breitscheid-Str. (Eberswalde)?,[],"['Wirtschaftswunder', 'Rudolf-Breitscheid-Str. (Eberswalde)']"
Basic-direction Query,General route from Altlandsberg - Strausberg to Schulplatz (Potsdam)?,[],"['Altlandsberg - Strausberg', 'Schulplatz (Potsdam)']"
Basic-direction Query,Pathway from Biedenkopfer Str. to Xingxue Road?,[],"['Biedenkopfer Str.', 'Xingxue Road']"
Basic-direction Query,Can you give me directions from Koenigsallee to RB55?,[],"['Koenigsallee', 'RB55']"
Basic-direction Query,What is the compass heading from Marquardt to Waldbühne?,[],"['Marquardt', 'Waldbühne']"
Basic-direction Query,Bearing from Flughafenstr. to Seefeld.,[],"['Flughafenstr.', 'Seefeld']"
Basic-direction Query,Can you please advise me on the compass bearing from S25 to Melzow?,[],"['S25', 'Melzow']"
Basic-direction Query,What's the orientation when traveling from Website - Internet Café to An der Spandauer Brücke?,[],"['Website - Internet Café', 'An der Spandauer Brücke']"
Basic-direction Query,What is the compass point from Zalew Kamienski to Schlesischer Busch?,[],"['Zalew Kamienski', 'Schlesischer Busch']"
Basic-direction Query,I need to know the general direction from Ystader Str. to Litani.,[],"['Ystader Str.', 'Litani']"
Basic-direction Query,Can you provide directional instructions from Oderberger Str. to Siedenbrünzow - Loitz?,[],"['Oderberger Str.', 'Siedenbrünzow - Loitz']"
Basic-direction Query,Navigation from Verl. Waldowallee to Alarichplatz?,[],"['Verl. Waldowallee', 'Alarichplatz']"
Basic-direction Query,What is the way to follow from Kettinger Str. to Kurt-Schumacher-Damm?,[],"['Kettinger Str.', 'Kurt-Schumacher-Damm']"
Basic-direction Query,"Generally, how do I head towards zoogarten from B166?",[],"['zoogarten', 'B166']"
Basic-direction Query,Direct me from Rotherstr. to Planitzstr..,[],"['Rotherstr.', 'Planitzstr.']"
Basic-direction Query,Orientation from Heinrich-Mann-Allee (Potsdam) to (S-Bahnbrücke Wartenberg).,[],"['Heinrich-Mann-Allee (Potsdam)', '(S-Bahnbrücke Wartenberg)']"
Basic-direction Query,What's the compass bearing between Mettmannplatz and B110: Rostock - Gnoien?,[],"['Mettmannplatz', 'B110: Rostock - Gnoien']"
Basic-direction Query,Can you please guide me on the directional path to Pantry from Heinrich-Grüber-Str.?,[],"['Pantry', 'Heinrich-Grüber-Str.']"
Basic-direction Query,Salzhof to Olympiastadion pathway.,[],"['Salzhof', 'Olympiastadion']"
Basic-direction Query,Any guidance on wayfinding from Abendmahl to Bunsenstr.?,[],"['Abendmahl', 'Bunsenstr.']"
Basic-direction Query,What is the orientation when traveling from Hönower Weg (Dahlwitz-Hoppegarten) to Straße am Schaltwerk?,[],"['Hönower Weg (Dahlwitz-Hoppegarten)', 'Straße am Schaltwerk']"
Basic-direction Query,What is the direction if I travel from Gormannstr. to Alt-Heiligensee?,[],"['Gormannstr.', 'Alt-Heiligensee']"
Basic-direction Query,How would you generally chart the course bearing from Zeltinger Platz to RB49?,[],"['Zeltinger Platz', 'RB49']"
Basic-direction Query,I need to find the direction from Fabeckstr. to Yard.,[],"['Fabeckstr.', 'Yard']"
Basic-direction Query,How do I navigate from Brandenburger Tor to Oranienburger Chaussee?,[],"['Brandenburger Tor', 'Oranienburger Chaussee']"
Basic-direction Query,How would you generally chart the course bearing from Templin - Boitzenburg to RB36?,[],"['Templin - Boitzenburg', 'RB36']"
Basic-direction Query,How would you describe the overall route map from Großer Lychensee to CineStar 3-D-IMAX Potsdamer Platz?,[],"['Großer Lychensee', 'CineStar 3-D-IMAX Potsdamer Platz']"
Basic-direction Query,What is the charted course from (zum Elsengrund) to Pritzier?,[],"['(zum Elsengrund)', 'Pritzier']"
Basic-direction Query,General route from Wintersteinstr. to RB35?,[],"['Wintersteinstr.', 'RB35']"
Basic-direction Query,Follow the route from Marzahner Chaussee to Andrea & Carlo.,[],"['Marzahner Chaussee', 'Andrea & Carlo']"
Basic-direction Query,How do I determine the directional heading from Nangao North Road to Buckow (b Beeskow)?,[],"['Nangao North Road', 'Buckow (b Beeskow)']"
Basic-direction Query,What's the approximate directional heading from Lutherstr. (Hessenwinkel) to Fähre nach Lindwerder?,[],"['Lutherstr. (Hessenwinkel)', 'Fähre nach Lindwerder']"
Basic-direction Query,Can you provide route guidance from Havelchaussee to Heilbronner Str. (Wilmersdorf)?,[],"['Havelchaussee', 'Heilbronner Str. (Wilmersdorf)']"
Basic-direction Query,What is the direction if I travel from Wildenbruch - Michendorf to Falkenwalde|Uckermark?,[],"['Wildenbruch - Michendorf', 'Falkenwalde|Uckermark']"
Basic-direction Query,How do I determine the compass direction for the route between Yongfeng Avenue and Töpchiner Weg?,[],"['Yongfeng Avenue', 'Töpchiner Weg']"
Basic-direction Query,Route assistance from Görs to Fenghuang South Road?,[],"['Görs', 'Fenghuang South Road']"
Basic-direction Query,How do I chart the course from Dianjiangtai Road to Bredenfelde - Dewitz?,[],"['Dianjiangtai Road', 'Bredenfelde - Dewitz']"
Basic-direction Query,How do I find the waypoints for the journey from Zionskirche to Löhleinstr.?,[],"['Zionskirche', 'Löhleinstr.']"
Basic-direction Query,Can you provide an overall compass heading from Liangjiang North Road to Blandikow?,[],"['Liangjiang North Road', 'Blandikow']"
Basic-direction Query,Can you provide the route map details from Alt-Kladow to Hennigsdorf?,[],"['Alt-Kladow', 'Hennigsdorf']"
Basic-direction Query,What's the approximate direction between Astor and Sieversufer?,[],"['Astor', 'Sieversufer']"
Basic-direction Query,How do I find the waypoints for the journey from Gaoke 3rd road to Friedrichshagener Str. (Schöneiche)?,[],"['Gaoke 3rd road', 'Friedrichshagener Str. (Schöneiche)']"
Basic-direction Query,"Navigate from Bergmannstr. (Kreuzberg) to RE1,RB49.",[],"['Bergmannstr. (Kreuzberg)', 'RE1,RB49']"
Basic-direction Query,What's the broad compass point when traveling from Luhme - Diemitz to Neudecker Weg?,[],"['Luhme - Diemitz', 'Neudecker Weg']"
Basic-direction Query,"In a general sense, what's the travel direction from Café Swing to Hohenziatz?",[],"['Café Swing', 'Hohenziatz']"
Basic-direction Query,Could you provide assistance on finding the direction from Außenweg to Teupitz - Märkisch Buchholz?,[],"['Außenweg', 'Teupitz - Märkisch Buchholz']"
Basic-direction Query,How would you navigate the general way from Walfisch to Rembrandtstr. (Friedenau)?,[],"['Walfisch', 'Rembrandtstr. (Friedenau)']"
Basic-direction Query,What's the broad compass heading from Melbourne to Museum für Verkehr und Technik?,[],"['Melbourne', 'Museum für Verkehr und Technik']"
Basic-direction Query,Can you provide the directional path from Usti|nad Labem to Postmuseum?,[],"['Usti|nad Labem', 'Postmuseum']"
Basic-direction Query,What is the suggested travel direction from Invalidenstr. to Apollofalterallee?,[],"['Invalidenstr.', 'Apollofalterallee']"
Basic-direction Query,Tell me the direction from Insel to Rosa-Luxemburg-Str. (Frankfurt).,[],"['Insel', 'Rosa-Luxemburg-Str. (Frankfurt)']"
Basic-direction Query,Can you provide a general sense of the compass heading from Wiesenau to Warnitz - Blankenburg?,[],"['Wiesenau', 'Warnitz - Blankenburg']"
Basic-direction Query,What's the heading from Wilmersdorf to Geschwister-Scholl-Str. (Potsdam)?,[],"['Wilmersdorf', 'Geschwister-Scholl-Str. (Potsdam)']"
Basic-direction Query,Can you provide an overall compass heading from (am Havellandkanal) to Spreeweg?,[],"['(am Havellandkanal)', 'Spreeweg']"
Basic-direction Query,Can you provide a rough directional bearing between Märkische Allee -- Landsberger Allee and B112: Manschnow - Lebus - Frankfurt?,[],"['Märkische Allee -- Landsberger Allee', 'B112: Manschnow - Lebus - Frankfurt']"
Basic-direction Query,I need to know the general direction from Admiralstr. to Eissporthalle.,[],"['Admiralstr.', 'Eissporthalle']"
Basic-direction Query,What's the compass bearing between Potsdamer Str. (Zehlendorf) and Maxstr. (Wedding)?,[],"['Potsdamer Str. (Zehlendorf)', 'Maxstr. (Wedding)']"
Basic-direction Query,What is the heading from (Uferweg) to Halenseestr.?,[],"['(Uferweg)', 'Halenseestr.']"
Basic-direction Query,What's the general heading to reach Wollin - Görzke mall from Xinzhuang Road?,[],"['Wollin - Görzke', 'Xinzhuang Road']"
Basic-direction Query,Can you advise me on the best route from the (Zinnowitz) to Dingshan Street?,[],"['(Zinnowitz)', 'Dingshan Street']"
Basic-direction Query,I'm planning a trip from Johanniterstr. to Alt-Tegel. What direction should I take?,[],"['Johanniterstr.', 'Alt-Tegel']"
Basic-direction Query,Could you please suggest the compass direction from Köpenicker Allee to B101: Berlin - Jüterbog?,[],"['Köpenicker Allee', 'B101: Berlin - Jüterbog']"
Basic-direction Query,I need to know the general direction from Schloß Charlottenburg to Cosmarweg.,[],"['Schloß Charlottenburg', 'Cosmarweg']"
Basic-direction Query,What direction should I head in to travel from westl. von Wörlitz to Tempelhofer Ufer?,[],"['westl. von Wörlitz', 'Tempelhofer Ufer']"
Basic-direction Query,Course bearing from Zieko to Kuhblank.,[],"['Zieko', 'Kuhblank']"
Basic-direction Query,Could you give me the directional bearing between Wuhletal and Xingdao Street?,[],"['Wuhletal', 'Xingdao Street']"
Basic-direction Query,What's the heading from Herzfelde - Erkner to Pergamonmuseum?,[],"['Herzfelde - Erkner', 'Pergamonmuseum']"
Basic-direction Query,How would you describe the overall navigation route from Laifeng Street to Finkenkrug?,[],"['Laifeng Street', 'Finkenkrug']"
Basic-direction Query,Map the direction from Mehrower Allee to B156.,[],"['Mehrower Allee', 'B156']"
Basic-direction Query,Course bearing from Bergmannstr. (Kreuzberg) to Ciao Ciao.,[],"['Bergmannstr. (Kreuzberg)', 'Ciao Ciao']"
Basic-direction Query,What is the compass point when traveling from Großer Binnensee to Panyang Road?,[],"['Großer Binnensee', 'Panyang Road']"
Basic-direction Query,What's the orientation from Ganglong line to Garz|(Rügen)?,[],"['Ganglong line', 'Garz|(Rügen)']"
Basic-direction Query,What's the general direction between Changwei Street and Moritzstr. (Spandau)?,[],"['Changwei Street', 'Moritzstr. (Spandau)']"
Basic-direction Query,What's the approximate direction to find the way from Abtei Zenner to Michaelkirchplatz?,[],"['Abtei Zenner', 'Michaelkirchplatz']"
Basic-direction Query,What is the ideal pathway from Longqi line to Heinersdorfer Str. (Lichterfelde)?,[],"['Longqi line', 'Heinersdorfer Str. (Lichterfelde)']"
Basic-direction Query,Can you provide the orientation from Alexanderplatz (U5/U8) to Gedenkstätte Plötzensee?,[],"['Alexanderplatz (U5/U8)', 'Gedenkstätte Plötzensee']"
Basic-direction Query,Give me the direction from Eberswalder Str. to Maying Road.,[],"['Eberswalder Str.', 'Maying Road']"
Basic-direction Query,What's the heading from Weinmeisterhornweg to Hennickendorf - Rehfelde?,[],"['Weinmeisterhornweg', 'Hennickendorf - Rehfelde']"
Basic-direction Query,Navigate from Orankestrand to Am Schillertheater. Show me the way.,[],"['Orankestrand', 'Am Schillertheater']"
Basic-direction Query,"What's the approximate directional heading from Drebkau to Auguste-Viktoria-Str. (Grunewald, Schmargendorf)?",[],"['Drebkau', 'Auguste-Viktoria-Str. (Grunewald, Schmargendorf)']"
Basic-direction Query,How do I plan the route between DuXing Road and Albrechtstr. (Steglitz)?,[],"['DuXing Road', 'Albrechtstr. (Steglitz)']"
Basic-direction Query,Can you give a sense of directional route from Foyer to Nordgraben?,[],"['Foyer', 'Nordgraben']"
Basic-direction Query,Can you give a sense of the directional heading from Groß Dölln to Buschallee?,[],"['Groß Dölln', 'Buschallee']"
Basic-direction Query,Can you guide me on the recommended orientation for Gonglei Lane to Katschow?,[],"['Gonglei Lane', 'Katschow']"
Basic-direction Query,Could you provide advice on the route from Sowohlalsauch to Hammer - Liebenthal?,[],"['Sowohlalsauch', 'Hammer - Liebenthal']"
Basic-direction Query,What's the broad compass heading when traveling from Kudamm-Karree to Hotel Imperial - Brasserie Vintage?,[],"['Kudamm-Karree', 'Hotel Imperial - Brasserie Vintage']"
Basic-direction Query,What's the approximate bearing between Spatenweg and Ribbeck?,[],"['Spatenweg', 'Ribbeck']"
Basic-direction Query,Can you provide wayfinding route details from Orankeweg to Bodestr.?,[],"['Orankeweg', 'Bodestr.']"
Basic-direction Query,Can you provide an overall orientation from Fehrbellin - Herzberg to Rominter Allee?,[],"['Fehrbellin - Herzberg', 'Rominter Allee']"
Basic-direction Query,What's the compass point from Porst (Köthen) to Blankenburg - Quast?,[],"['Porst (Köthen)', 'Blankenburg - Quast']"
Basic-direction Query,Can you give a sense of the directional heading from Ritterstr. (Brandenburg) to Nuhnenstr. (Frankfurt)?,[],"['Ritterstr. (Brandenburg)', 'Nuhnenstr. (Frankfurt)']"
Basic-direction Query,Heading to UCI Kinowelt Friedrichshain from Goerdelersteg.,[],"['UCI Kinowelt Friedrichshain', 'Goerdelersteg']"
Basic-direction Query,How can I navigate from Schlesischer Busch to Hohengüstow?,[],"['Schlesischer Busch', 'Hohengüstow']"
Basic-direction Query,Can you provide the directional path between Kaicheng Road and Gräfenhainichen?,[],"['Kaicheng Road', 'Gräfenhainichen']"
Basic-direction Query,Directional instructions Großer Wannsee to Biesenthal - Lanke.,[],"['Großer Wannsee', 'Biesenthal - Lanke']"
Basic-direction Query,I need directions from Eichhornstr. (Tiergarten) to Schöneweide.,[],"['Eichhornstr. (Tiergarten)', 'Schöneweide']"
Basic-direction Query,"In a general sense, what's the travel direction from Bundesplatz-Studio to Blankenburg|/Harz?",[],"['Bundesplatz-Studio', 'Blankenburg|/Harz']"
Basic-direction Query,"What's the approximate directional heading from RB12,RE3 to Tanglong Road?",[],"['RB12,RE3', 'Tanglong Road']"
Basic-direction Query,Find your way from Preysingstr. to Exerzierstr..,[],"['Preysingstr.', 'Exerzierstr.']"
Basic-direction Query,Corbusier-Haus to Ägyptisches Museum route planner.,[],"['Corbusier-Haus', 'Ägyptisches Museum']"
Basic-direction Query,Could you provide assistance on finding the direction from Marienkirche to Krausenstr.?,[],"['Marienkirche', 'Krausenstr.']"
Basic-direction Query,Bearing from Stavanger Str. to Pillgram.,[],"['Stavanger Str.', 'Pillgram']"
Basic-direction Query,What's the broad compass heading when traveling from Yunkong Road to Edisonstr.?,[],"['Yunkong Road', 'Edisonstr.']"
Basic-direction Query,Can you provide directional instructions from Ägyptisches Museum to Hennickendorf - Ahrensdorf?,[],"['Ägyptisches Museum', 'Hennickendorf - Ahrensdorf']"
Basic-direction Query,Head toward Seddin from Café Cinema.,[],"['Seddin', 'Café Cinema']"
Basic-direction Query,Can you assist with wayfinding from Suckow - Dewichow to Xiaodongmen Street?,[],"['Suckow - Dewichow', 'Xiaodongmen Street']"
Basic-direction Query,Route advice from Wichmannsdorf|bei Boitzenburg to Stendal?,[],"['Wichmannsdorf|bei Boitzenburg', 'Stendal']"
Basic-direction Query,What direction should I take from Klein Friedenwalde - Groß Friedenwalde to Bautzen?,[],"['Klein Friedenwalde - Groß Friedenwalde', 'Bautzen']"
Basic-direction Query,Schloß Pfaueninsel to Maharadscha route guidance.,[],"['Schloß Pfaueninsel', 'Maharadscha']"
Basic-direction Query,How do I travel in a general sense from Seefeld to Littenstr.?,[],"['Seefeld', 'Littenstr.']"
Basic-direction Query,"In a general sense, how would you discover the direction from Coma to Zeltinger Str.?",[],"['Coma', 'Zeltinger Str.']"
Basic-direction Query,Can you indicate the direction from Neustädtische Kirchstr. to Neunzig Grad?,[],"['Neustädtische Kirchstr.', 'Neunzig Grad']"
Basic-direction Query,Can you provide wayfinding route details from Museum für Naturkunde to Pankstr. (Wedding)?,[],"['Museum für Naturkunde', 'Pankstr. (Wedding)']"
Basic-distance Query,What's the span from Florastr. (Hohen Neuendorf) to Buddestr. (Tegel)?,[],"['Florastr. (Hohen Neuendorf)', 'Buddestr. (Tegel)']"
Basic-distance Query,Find the spatial separation between Edwin Bistro-Café and Yingao Lane.,[],"['Edwin Bistro-Café', 'Yingao Lane']"
Basic-distance Query,Distance in meters from Friedrich-Engels-Allee (Falkensee) to Klingsorstr..,[],"['Friedrich-Engels-Allee (Falkensee)', 'Klingsorstr.']"
Basic-distance Query,Can you give me a rough estimate of the distance from Ostseebad Graal-Müritz to Hongyun Road?,[],"['Ostseebad Graal-Müritz', 'Hongyun Road']"
Basic-distance Query,Find the range between Maselakekanal and Humboldtring (Potsdam).,[],"['Maselakekanal', 'Humboldtring (Potsdam)']"
Basic-distance Query,Miles from Erkner to (am Havellandkanal).,[],"['Erkner', '(am Havellandkanal)']"
Basic-distance Query,Estimate the distance between B96 - Klein Kienitz and Pinnow|Uckermark.,[],"['B96 - Klein Kienitz', 'Pinnow|Uckermark']"
Basic-distance Query,Distance query: Mianxieying to Kulmer Str..,[],"['Mianxieying', 'Kulmer Str.']"
Basic-distance Query,Calculate the space between Ordensmeisterstr. and Jörsstr..,[],"['Ordensmeisterstr.', 'Jörsstr.']"
Basic-distance Query,Compute the distance between Dieselstr. and Lichtensteinallee for me.,[],"['Dieselstr.', 'Lichtensteinallee']"
Basic-distance Query,How far is it from Spilstr. to Lange Str.?,[],"['Spilstr.', 'Lange Str.']"
Basic-distance Query,Distance measurement for Jeßnitz and Basdorf - B273 (Ost).,[],"['Jeßnitz', 'Basdorf - B273 (Ost)']"
Basic-distance Query,Direct me from (Am Malchower See) to F21 (Krampe).,[],"['(Am Malchower See)', 'F21 (Krampe)']"
Basic-distance Query,What's the span from RB25 to B71?,[],"['RB25', 'B71']"
Basic-distance Query,Miles from Lebuser Str. to Jungfernheideteich.,[],"['Lebuser Str.', 'Jungfernheideteich']"
Basic-distance Query,What's the distance in kilometers between Changjin Road and Heidelberger Str.?,[],"['Changjin Road', 'Heidelberger Str.']"
Basic-distance Query,Measure the separation between Miraustr. and Glasower Damm (Mahlow).,[],"['Miraustr.', 'Glasower Damm (Mahlow)']"
Basic-distance Query,Direct me from Grabow|b. Burg to Lichterfelder Allee (Teltow).,[],"['Grabow|b. Burg', 'Lichterfelder Allee (Teltow)']"
Basic-distance Query,Determine the spatial distance between Kremmin and Freie Universität Berlin.,[],"['Kremmin', 'Freie Universität Berlin']"
Basic-distance Query,Calculate the space between Longshan North Road and Nauen - Pausin.,[],"['Longshan North Road', 'Nauen - Pausin']"
Basic-distance Query,Can you tell me the mileage between Gehsener Str. and Lloyd-G.-Wells-Str.?,[],"['Gehsener Str.', 'Lloyd-G.-Wells-Str.']"
Basic-distance Query,Distance between Berlin-Karow and Philharmonie.,[],"['Berlin-Karow', 'Philharmonie']"
Basic-distance Query,What's the rough distance from Gaststätte'Zur kleinen Markthalle'to Mellensee - Nächst Neuendorf?,[],"[""Gaststätte 'Zur kleinen Markthalle'"", 'Mellensee - Nächst Neuendorf']"
Basic-distance Query,Can you give me a rough estimate of the distance from Semmelländerweg to Jägerallee (B2) (Potsdam)?,[],"['Semmelländerweg', 'Jägerallee (B2) (Potsdam)']"
Basic-distance Query,"What's the distance between Lettberger Str. and (zur Alemannenstr.), measured in kilometers?",[],"['Lettberger Str.', '(zur Alemannenstr.)']"
Basic-distance Query,What's the span from Steinhöfel - (Greiffenberg) to Ruanzheng line-1?,[],"['Steinhöfel - (Greiffenberg)', 'Ruanzheng line-1']"
Basic-distance Query,What is the rough distance between Altenhofer Str. and Rathaus Schmargendorf?,[],"['Altenhofer Str.', 'Rathaus Schmargendorf']"
Basic-distance Query,Determine the spatial distance between Schillerstr. (Niederschönhausen) and (Mauerweg).,[],"['Schillerstr. (Niederschönhausen)', '(Mauerweg)']"
Basic-distance Query,Distance query: Annenstr. (Mitte) to Grunewaldstr. (Spandau).,[],"['Annenstr. (Mitte)', 'Grunewaldstr. (Spandau)']"
Basic-distance Query,Measure the gap between Herrensee and Friedenstr. (Mariendorf).,[],"['Herrensee', 'Friedenstr. (Mariendorf)']"
Basic-distance Query,Calculate distance from Zitz to Moltkestr..,[],"['Zitz', 'Moltkestr.']"
Basic-distance Query,What is the rough distance between Ringenwalde (b Templin) and Ferch-Lienewitz?,[],"['Ringenwalde (b Templin)', 'Ferch-Lienewitz']"
Basic-distance Query,Can you tell me the mileage between Frida Kahlo and Petershagen - Bruchmühle?,[],"['Frida Kahlo', 'Petershagen - Bruchmühle']"
Basic-distance Query,What's the distance in miles between Qingliangmen Street and (Privatstr.)?,[],"['Qingliangmen Street', '(Privatstr.)']"
Basic-distance Query,Find the spatial separation between Tiergarten and Fischtalpark.,[],"['Tiergarten', 'Fischtalpark']"
Basic-distance Query,What's the approximate distance from Wiltbergstr. to Prenzlauer Berg?,[],"['Wiltbergstr.', 'Prenzlauer Berg']"
Basic-distance Query,How far is St.-Annen-Str. (Brandenburg) from Soltauer Str.?,[],"['St.-Annen-Str. (Brandenburg)', 'Soltauer Str.']"
Basic-distance Query,Measure the separation between Vietnam-Imbiß and (Privatstr.).,[],"['Vietnam-Imbiß', '(Privatstr.)']"
Basic-distance Query,What's the mileage between Gottsdorf - Berkenbrück and Lukiluki?,[],"['Gottsdorf - Berkenbrück', 'Lukiluki']"
Basic-distance Query,Measure the distance from Kreuzbergstr. to Olympiastadion.,[],"['Kreuzbergstr.', 'Olympiastadion']"
Basic-distance Query,Distance in kilometers from Utopia to Am Kanal (Potsdam).,[],"['Utopia', 'Am Kanal (Potsdam)']"
Basic-distance Query,How many feet from Wilhelm-Foerster-Sternwarte to Britz?,[],"['Wilhelm-Foerster-Sternwarte', 'Britz']"
Basic-distance Query,Could you estimate the distance from Chausseestr. (Mitte) to Königin-Elisabeth-Str.?,[],"['Chausseestr. (Mitte)', 'Königin-Elisabeth-Str.']"
Basic-distance Query,Approximately how far is it from Derwitz - Phöben to Bad Saarow-Pieskow Süd?,[],"['Derwitz - Phöben', 'Bad Saarow-Pieskow Süd']"
Basic-distance Query,What's the span from B180 to Lutherstr. (Hessenwinkel)?,[],"['B180', 'Lutherstr. (Hessenwinkel)']"
Basic-distance Query,Calculate the distance from Dujiang Road to Lynow.,[],"['Dujiang Road', 'Lynow']"
Basic-distance Query,Distance measurement between Tianwang Road and Rigaer Str..,[],"['Tianwang Road', 'Rigaer Str.']"
Basic-distance Query,Measure the separation between Gebrüder Katz and Askanierring.,[],"['Gebrüder Katz', 'Askanierring']"
Basic-distance Query,Compute the distance between Eisenbahnstr. and Schönhauser 20 for me.,[],"['Eisenbahnstr.', 'Schönhauser 20']"
Basic-distance Query,Distance measurement for Waltersdorf - Diepensee and Qingshuitang Road.,[],"['Waltersdorf - Diepensee', 'Qingshuitang Road']"
Basic-distance Query,Compute the distance between Leopoldplatz and S2 for me.,[],"['Leopoldplatz', 'S2']"
Basic-distance Query,Distance in meters from Yingjiang Road to Gräfenhainichen.,[],"['Yingjiang Road', 'Gräfenhainichen']"
Basic-distance Query,What's the distance in miles between Grüntal - Trampe and Ruhleben?,[],"['Grüntal - Trampe', 'Ruhleben']"
Basic-distance Query,What's the mileage between Am Wildpark (Falkensee) and Thai Stube?,[],"['Am Wildpark (Falkensee)', 'Thai Stube']"
Basic-distance Query,Distance measurement for Zeuthener Str. (Eichwalde) and Irish Pub.,[],"['Zeuthener Str. (Eichwalde)', 'Irish Pub']"
Basic-distance Query,Measure the distance between Titania Palast and Brandenburger Str. (Werder).,[],"['Titania Palast', 'Brandenburger Str. (Werder)']"
Basic-distance Query,Can you tell me the distance from Horstwalde to Rotes Rathaus?,[],"['Horstwalde', 'Rotes Rathaus']"
Basic-distance Query,Direct me from (entlang der Buga) (Potsdam) to Haewererweg.,[],"['(entlang der Buga) (Potsdam)', 'Haewererweg']"
Basic-distance Query,The distance between Mussehlstr. and Reinickendorfer Str. is what?,[],"['Mussehlstr.', 'Reinickendorfer Str.']"
Basic-distance Query,Measure the distance between Kaiser-Wilhelm-Gedächtniskirche and Jezero Koprowo.,[],"['Kaiser-Wilhelm-Gedächtniskirche', 'Jezero Koprowo']"
Basic-distance Query,Can you provide the distance from Neuhof - Kolzenburg to Breitscheidplatz?,[],"['Neuhof - Kolzenburg', 'Breitscheidplatz']"
Basic-distance Query,The distance between Nossener Str. and Longkou Road is what?,[],"['Nossener Str.', 'Longkou Road']"
Basic-distance Query,Distance in meters from Jaczostr. to Trabener Steg.,[],"['Jaczostr.', 'Trabener Steg']"
Basic-distance Query,Compute the distance between Grimmen - Bad Sülze and Kwang-Ju-Grill for me.,[],"['Grimmen - Bad Sülze', 'Kwang-Ju-Grill']"
Basic-distance Query,What's the distance in kilometers between Pankow-Heinersdorf and Ystader Str.?,[],"['Pankow-Heinersdorf', 'Ystader Str.']"
Basic-distance Query,What's the approximate distance from Will to Lichterfelder Ring?,[],"['Will', 'Lichterfelder Ring']"
Basic-distance Query,Distance from Müllerstr. (Wedding) to Großer Kronsee.,[],"['Müllerstr. (Wedding)', 'Großer Kronsee']"
Basic-distance Query,Can you give me a rough estimate of the distance from Tietzowsee to Briesensee|bei Poratz?,[],"['Tietzowsee', 'Briesensee|bei Poratz']"
Basic-distance Query,Distance in meters from Karnin to Saarmund.,[],"['Karnin', 'Saarmund']"
Basic-distance Query,Kilometers from Freßco to Lindower Str..,[],"['Freßco', 'Lindower Str.']"
Basic-distance Query,"Can you provide a rough estimate of the distance from Kurfürstenstr. (Tiergarten, Schöneberg) to Café Berio?",[],"['Kurfürstenstr. (Tiergarten, Schöneberg)', 'Café Berio']"
Basic-distance Query,Calculate the distance between Kurfürstendamm and Geqiao.,[],"['Kurfürstendamm', 'Geqiao']"
Basic-distance Query,Distance calculation between Schönermark|Uckermark and Auguststr. (Mitte).,[],"['Schönermark|Uckermark', 'Auguststr. (Mitte)']"
Basic-distance Query,Can you give me a rough estimate of the distance from Lindenberger Weg (Ahrensfelde) to Zankynthos?,[],"['Lindenberger Weg (Ahrensfelde)', 'Zankynthos']"
Basic-distance Query,Distance query: Laohongyun Avenue to Piesteritz|(Wittenberg).,[],"['Laohongyun Avenue', 'Piesteritz|(Wittenberg)']"
Basic-distance Query,Distance measurement between Mönchmühler Str. and Prellerweg.,[],"['Mönchmühler Str.', 'Prellerweg']"
Basic-distance Query,Can you tell me the distance from Eiswerderstr. to Ruhlebener Str.?,[],"['Eiswerderstr.', 'Ruhlebener Str.']"
Basic-distance Query,What's the distance between Windry Bridge and Weidenweg (Spandau)?,[],"['Windry Bridge', 'Weidenweg (Spandau)']"
Basic-distance Query,Distance in nautical miles from Parnemannweg to Falkenhagener Str. (Falkensee).,[],"['Parnemannweg', 'Falkenhagener Str. (Falkensee)']"
Basic-distance Query,Distance measurement between Staaken and Jägerstr. (Mitte).,[],"['Staaken', 'Jägerstr. (Mitte)']"
Basic-distance Query,Measure the distance between Advokatensteig and Rathaus Reinickendorf.,[],"['Advokatensteig', 'Rathaus Reinickendorf']"
Basic-distance Query,What's the mileage between Tempelhofer Weg (Schöneberg) and Wittestr.?,[],"['Tempelhofer Weg (Schöneberg)', 'Wittestr.']"
Basic-distance Query,Distance query: Waldstr. (Bohnsdorf) to Theodor Tucher.,[],"['Waldstr. (Bohnsdorf)', 'Theodor Tucher']"
Basic-distance Query,Distance in nautical miles from Wintersteinstr. to Wedding.,[],"['Wintersteinstr.', 'Wedding']"
Basic-distance Query,Measure the separation between Treppeln - Neuzelle and Alboinplatz.,[],"['Treppeln - Neuzelle', 'Alboinplatz']"
Basic-distance Query,What is the estimated distance between Saarmund and Zeitzer Str.?,[],"['Saarmund', 'Zeitzer Str.']"
Basic-distance Query,Distance measurement for Helene-Weigel-Platz and Eichborndamm.,[],"['Helene-Weigel-Platz', 'Eichborndamm']"
Basic-distance Query,Distance in meters between Police and Potsdamer Platz.,[],"['Police', 'Potsdamer Platz']"
Basic-distance Query,What's the distance in miles between Kaakstedt - Pinnow and Fredersdorf (bei Berlin)?,[],"['Kaakstedt - Pinnow', 'Fredersdorf (bei Berlin)']"
Basic-distance Query,About how far is it from Rote Harfe to Kurfürstendamm?,[],"['Rote Harfe', 'Kurfürstendamm']"
Basic-distance Query,What's the distance in kilometers from Hauptgebäude der TU to Schönfließer Str. (Glienicke)?,[],"['Hauptgebäude der TU', 'Schönfließer Str. (Glienicke)']"
Basic-distance Query,Approximately how far is it from Konstanzer Str. to Qidong line?,[],"['Konstanzer Str.', 'Qidong line']"
Basic-distance Query,Find the spatial separation between Nanxiu Village and Biesenbrow.,[],"['Nanxiu Village', 'Biesenbrow']"
Basic-distance Query,Determine the spatial distance between Orankestr. and RB12.,[],"['Orankestr.', 'RB12']"
Basic-distance Query,Can you give me a rough estimate of the distance from Kastanienallee (Hellersdorf) to Arneburg?,[],"['Kastanienallee (Hellersdorf)', 'Arneburg']"
Basic-distance Query,Can you give me a rough estimate of the distance from Am Bahnhof (Fürstenwalde) to Mingchun Road?,[],"['Am Bahnhof (Fürstenwalde)', 'Mingchun Road']"
Basic-distance Query,Calculate the distance between B192 and Jungfernheide.,[],"['B192', 'Jungfernheide']"
Basic-distance Query,What is the rough distance between Welzin and T-Base?,[],"['Welzin', 'T-Base']"
Basic-distance Query,Compute the distance between (Bahnhofstr.?) (Werder) and Longqun Road for me.,[],"['(Bahnhofstr.?) (Werder)', 'Longqun Road']"
Basic-distance Query,What's the approximate distance from RB63 to Haldensleben?,[],"['RB63', 'Haldensleben']"
Basic-distance Query,Can you provide the distance from Falkenseer Chaussee to Bar Tolucci?,[],"['Falkenseer Chaussee', 'Bar Tolucci']"
Basic-distance Query,Distance in meters from Königsheide to Jingyi Road.,[],"['Königsheide', 'Jingyi Road']"
Basic-distance Query,Miles between Zyankali-Bar and August-Bebel-Str. (Strausberg).,[],"['Zyankali-Bar', 'August-Bebel-Str. (Strausberg)']"
Basic-distance Query,Direct me from Hänselstr. to Hohenleipisch.,[],"['Hänselstr.', 'Hohenleipisch']"
Basic-distance Query,Which way should I head from Xingwu Road to (Verbindung) (Woltersdorf)?,[],"['Xingwu Road', '(Verbindung) (Woltersdorf)']"
Basic-distance Query,Measure the distance from Warnemünde to Seddiner Str..,[],"['Warnemünde', 'Seddiner Str.']"
Basic-distance Query,Calculate the spatial separation between Anhalter Bhf. and Kremmin - Mölschow.,[],"['Anhalter Bhf.', 'Kremmin - Mölschow']"
Basic-distance Query,How far apart are Zehdenick and Ruhwaldweg?,[],"['Zehdenick', 'Ruhwaldweg']"
Basic-distance Query,About how far is it from Gaoke 10th Road to Weixdorf?,[],"['Gaoke 10th Road', 'Weixdorf']"
Basic-distance Query,Find the spatial separation between B185 and Köthener Str. (Marzahn).,[],"['B185', 'Köthener Str. (Marzahn)']"
Basic-distance Query,Find the range between Burg - Ihleburg and Siping Road.,[],"['Burg - Ihleburg', 'Siping Road']"
Basic-distance Query,Miles between Schreiberhauer Str. and Wilhelm-Kuhr-Str..,[],"['Schreiberhauer Str.', 'Wilhelm-Kuhr-Str.']"
Basic-distance Query,Calculate the distance between Alboinstr. and Walther-Schreiber-Platz.,[],"['Alboinstr.', 'Walther-Schreiber-Platz']"
Basic-distance Query,Which way should I head from Usti|nad Labem to Garzau - Gladowshöhe - Hohenstein?,[],"['Usti|nad Labem', 'Garzau - Gladowshöhe - Hohenstein']"
Basic-distance Query,Distance in meters from Anklam to Schopenhauer Str. (B273) (Potsdam).,[],"['Anklam', 'Schopenhauer Str. (B273) (Potsdam)']"
Basic-distance Query,What's the rough distance from Groß Rietz - Neubrück to Sommersdorf - Wartin?,[],"['Groß Rietz - Neubrück', 'Sommersdorf - Wartin']"
Basic-distance Query,Get the distance in miles between Speck - Waren and (Straße 54).,[],"['Speck - Waren', '(Straße 54)']"
Basic-distance Query,Calculate the spatial separation between Kahuna Lounge and Krausenstr..,[],"['Kahuna Lounge', 'Krausenstr.']"
Basic-distance Query,Approximately how far is it from Metzer Str. (Prenzlauer Berg) to Kruggasse?,[],"['Metzer Str. (Prenzlauer Berg)', 'Kruggasse']"
Basic-distance Query,Find the spatial separation between Kienbergstr. and Provinz.,[],"['Kienbergstr.', 'Provinz']"
Basic-distance Query,Measure the gap between Ebersstr. and Baruther Str..,[],"['Ebersstr.', 'Baruther Str.']"
Basic-distance Query,Distance in nautical miles from Calau (Niederlausitz) to Wehrhain.,[],"['Calau (Niederlausitz)', 'Wehrhain']"
Basic-distance Query,Distance measurement for Schmidt-Knobelsdorf-Str. and Black Bar.,[],"['Schmidt-Knobelsdorf-Str.', 'Black Bar']"
Basic-distance Query,What's the approximate distance from Hoppegarten (Mark) to Am Kleinen Wannsee?,[],"['Hoppegarten (Mark)', 'Am Kleinen Wannsee']"
Basic-distance Query,Distance in meters between An der Schillingbrücke and Goldener Hahn.,[],"['An der Schillingbrücke', 'Goldener Hahn']"
Basic-distance Query,What's the distance in miles between Stößensee and Schlesisches Tor?,[],"['Stößensee', 'Schlesisches Tor']"
Basic-distance Query,Distance between Schierke and Koselower See.,[],"['Schierke', 'Koselower See']"
Basic-distance Query,Distance measurement for Fangzhuang Road and Lutter & Wegner.,[],"['Fangzhuang Road', 'Lutter & Wegner']"
Basic-distance Query,Can you give me a rough estimate of the distance from Zenssee to Guanjiang Road?,[],"['Zenssee', 'Guanjiang Road']"
Basic-distance Query,Can you tell me the mileage between Tautenburger Str. and Marzahne - Pritzerbe?,[],"['Tautenburger Str.', 'Marzahne - Pritzerbe']"
Basic-distance Query,Measure the distance from Teufelsseekanal to B183.,[],"['Teufelsseekanal', 'B183']"
Basic-distance Query,What's the mileage between Gleuensee and Café Esscapade?,[],"['Gleuensee', 'Café Esscapade']"
Basic-distance Query,Estimate the distance between Junnong Road and Ludwigkirchplatz.,[],"['Junnong Road', 'Ludwigkirchplatz']"
Basic-distance Query,What's the distance in miles between Müritz-Havel-Kanal and Shengxiu Road?,[],"['Müritz-Havel-Kanal', 'Shengxiu Road']"
Basic-distance Query,The distance between Xingpu Road and Birkholzer Weg is what?,[],"['Xingpu Road', 'Birkholzer Weg']"
Basic-distance Query,How lengthy is the path from Wulongshan Road to Dassow?,[],"['Wulongshan Road', 'Dassow']"
Basic-distance Query,Determine the spatial distance between RB13 and Immanuelkirchstr..,[],"['RB13', 'Immanuelkirchstr.']"
Basic-distance Query,"How far is it from Jiangyi Road to Nunsdorf - Thyrow, measured in kilometers?",[],"['Jiangyi Road', 'Nunsdorf - Thyrow']"
Basic-distance Query,How far apart are Brandis|(b. Schönewalde) and Haasestr.?,[],"['Brandis|(b. Schönewalde)', 'Haasestr.']"
Basic-distance Query,Measure the gap between Dongda Road and Jerusalemer Str..,[],"['Dongda Road', 'Jerusalemer Str.']"
Basic-distance Query,Miles from Stallschreiberstr. to Xingzhou Street.,[],"['Stallschreiberstr.', 'Xingzhou Street']"
Basic-distance Query,Distance between Golgatha and Gänsemarkt.,[],"['Golgatha', 'Gänsemarkt']"
Basic-distance Query,What is the estimated distance between Caspar-Theyß-Str. and Streitstr.?,[],"['Caspar-Theyß-Str.', 'Streitstr.']"
Basic-distance Query,Can you estimate the distance between B5: Berlin - Hamburg and Zabel-Krüger-Damm?,[],"['B5: Berlin - Hamburg', 'Zabel-Krüger-Damm']"
Basic-distance Query,Measure the gap between Badenscher Hof and Fritz-Schloß-Park.,[],"['Badenscher Hof', 'Fritz-Schloß-Park']"
Basic-distance Query,Can you give me a rough estimate of the distance from Suckow|am Oberückersee to B101?,[],"['Suckow|am Oberückersee', 'B101']"
Basic-distance Query,"Calculate the distance between Aschaffenburger Str. (Schöneberg, Wilmersdorf) and August-Bebel-Str. (B102) (Brandenburg).",[],"['Aschaffenburger Str. (Schöneberg, Wilmersdorf)', 'August-Bebel-Str. (B102) (Brandenburg)']"
Basic-distance Query,Kilometers from B115: Jüterbog - Cottbus to Memory I.,[],"['B115: Jüterbog - Cottbus', 'Memory I']"
Basic-distance Query,Could you please tell me the approximate distance between Stadtbibliothek and Hoherlehme - Miersdorf?,[],"['Stadtbibliothek', 'Hoherlehme - Miersdorf']"
Basic-distance Query,What's the distance in kilometers between (Efeuweg - Lipschitzallee) and Hohenleipisch?,[],"['(Efeuweg - Lipschitzallee)', 'Hohenleipisch']"
Basic-distance Query,Can you tell me the distance from Hellersdorfer Weg to Hohenstaufenstr.?,[],"['Hellersdorfer Weg', 'Hohenstaufenstr.']"
Basic-distance Query,Distance calculation between Zum Hechtgraben and Appenzeller Str..,[],"['Zum Hechtgraben', 'Appenzeller Str.']"
Basic-distance Query,How lengthy is the path from Bölschestr. to Lindenberg-Glienicke?,[],"['Bölschestr.', 'Lindenberg-Glienicke']"
Basic-distance Query,What's the distance in kilometers between Hafenplatz and Karl-August-Platz?,[],"['Hafenplatz', 'Karl-August-Platz']"
Basic-distance Query,Calculate distance from Loburg to Fuxing Bridge.,[],"['Loburg', 'Fuxing Bridge']"
Basic-distance Query,Can you tell me the distance from Löbnitz|(Sachsen) to B196a?,[],"['Löbnitz|(Sachsen)', 'B196a']"
Basic-distance Query,Distance from Geesthacht to Groß Dölln - Templin.,[],"['Geesthacht', 'Groß Dölln - Templin']"
Basic-distance Query,How far is Märkische Allee -- Allee der Kosmonauten from Lukiluki?,[],"['Märkische Allee -- Allee der Kosmonauten', 'Lukiluki']"
Basic-distance Query,What's the span from Deutsches Theater to (Wuhlheide/FEZ)?,[],"['Deutsches Theater', '(Wuhlheide/FEZ)']"
Basic-distance Query,How far is it from Kiehlufer to Café am Heinrichplatz?,[],"['Kiehlufer', 'Café am Heinrichplatz']"
Basic-distance Query,What's the distance between Glienicker Str. (Wannsee) and Schillerstr. (Rosenthal)?,[],"['Glienicker Str. (Wannsee)', 'Schillerstr. (Rosenthal)']"
Basic-distance Query,Find the distance between Neue Schönhauser Str. and Röbel - Sietow.,[],"['Neue Schönhauser Str.', 'Röbel - Sietow']"
Basic-distance Query,Could you provide an estimate of the distance between Frankenfelde - Gottsdorf and Bad Saarow-Pieskow?,[],"['Frankenfelde - Gottsdorf', 'Bad Saarow-Pieskow']"
Basic-distance Query,What's the distance in kilometers from Diepensee - Rotberg to Knaackstr.?,[],"['Diepensee - Rotberg', 'Knaackstr.']"
Basic-distance Query,Could you please tell me the approximate distance between Schloß Friedrichsfelde and Zhujiang Road?,[],"['Schloß Friedrichsfelde', 'Zhujiang Road']"
Basic-distance Query,What's the distance in kilometers from Gontardstr. to Prieros - Streganz Zieglerei?,[],"['Gontardstr.', 'Prieros - Streganz Zieglerei']"
Basic-distance Query,Measure the distance from Baumgartenbrück (Geltow) to Altentreptower Str..,[],"['Baumgartenbrück (Geltow)', 'Altentreptower Str.']"
Basic-distance Query,Measure the distance from Hongxing Street to Altdöbern.,[],"['Hongxing Street', 'Altdöbern']"
Basic-distance Query,How many kilometers is it from Seesen to Szczecin?,[],"['Seesen', 'Szczecin']"
Basic-distance Query,Which way should I head from Auerbachtunnel to Coswig?,[],"['Auerbachtunnel', 'Coswig']"
Basic-distance Query,What's the distance between Wartenberg and Blow Up?,[],"['Wartenberg', 'Blow Up']"
Basic-distance Query,Miles from Schleusenkanal to Karl-Liebknecht-Str. (Falkensee).,[],"['Schleusenkanal', 'Karl-Liebknecht-Str. (Falkensee)']"
Basic-distance Query,Measure the distance between Zehdenick - Templin and Rosenthaler Weg.,[],"['Zehdenick - Templin', 'Rosenthaler Weg']"
Basic-distance Query,What's the span from Neppermin - Bansin to Werlseestr.?,[],"['Neppermin - Bansin', 'Werlseestr.']"
Basic-distance Query,Distance in meters between Olympiastadion and Guanjiang Road.,[],"['Olympiastadion', 'Guanjiang Road']"
Basic-distance Query,Find the spatial separation between Röbellweg and Halligweg.,[],"['Röbellweg', 'Halligweg']"
Basic-distance Query,What's the distance from Neuendorf to Klinikum Benjamin Franklin?,[],"['Neuendorf', 'Klinikum Benjamin Franklin']"
Basic-distance Query,How many miles is it from Marzahner Str. to Werder - Schmergow?,[],"['Marzahner Str.', 'Werder - Schmergow']"
Basic-distance Query,What's the rough distance from Neustrelitz to Gutang West Road?,[],"['Neustrelitz', 'Gutang West Road']"
Basic-distance Query,Could you please tell me the approximate distance between Rosenthaler Str. (Mitte) and 13591?,[],"['Rosenthaler Str. (Mitte)', '13591']"
Basic-distance Query,What's the rough distance from Morsbronner Weg to Zahna?,[],"['Morsbronner Weg', 'Zahna']"
Basic-distance Query,Measure the distance from Jungfernmühle to Rathaus Friedenau.,[],"['Jungfernmühle', 'Rathaus Friedenau']"
Basic-distance Query,Distance in meters from Cinematograph (auch Max) to Karlshorster Str. (Lichtenberg).,[],"['Cinematograph (auch Max)', 'Karlshorster Str. (Lichtenberg)']"
Basic-distance Query,What's the distance in kilometers between Gothensee and Eiswerderstr.?,[],"['Gothensee', 'Eiswerderstr.']"
Basic-distance Query,Kilometers between Ida-Wolff-Platz and Elsterwerdaer Platz.,[],"['Ida-Wolff-Platz', 'Elsterwerdaer Platz']"
Basic-distance Query,What is the rough distance between Küsel and Fergitz - Potzlow?,[],"['Küsel', 'Fergitz - Potzlow']"
Basic-distance Query,Distance measurement between Scheuder and Fürstenwalde - Steinhöfel.,[],"['Scheuder', 'Fürstenwalde - Steinhöfel']"
Basic-distance Query,Can you estimate the distance between Gontermannstr. and Kienberge?,[],"['Gontermannstr.', 'Kienberge']"
Basic-distance Query,"What's the distance between Taoliwang Lane and Spree, measured in kilometers?",[],"['Taoliwang Lane', 'Spree']"
Basic-distance Query,Can you tell me the distance from Deutsches Theater to Yanling Road?,[],"['Deutsches Theater', 'Yanling Road']"
Basic-distance Query,How far is Durlacher Str. (Wilmersdorf) from Jahnstr. (Kreuzberg)?,[],"['Durlacher Str. (Wilmersdorf)', 'Jahnstr. (Kreuzberg)']"
Basic-distance Query,"Miles between Tangshan Road and Anklam, Peendedamm.",[],"['Tangshan Road', 'Anklam, Peendedamm']"
Basic-distance Query,What's the mileage between Ostseebad Boltenhagen and Spreeau - Hartmannsdorf?,[],"['Ostseebad Boltenhagen', 'Spreeau - Hartmannsdorf']"
Basic-distance Query,Calculate the distance from Rathaus Steglitz to Veitstr..,[],"['Rathaus Steglitz', 'Veitstr.']"
Basic-distance Query,Get the distance in miles between Saßnitz and Braunschweiger Ufer.,[],"['Saßnitz', 'Braunschweiger Ufer']"
Basic-distance Query,What's the distance from Genthin - Mahlenzien to Schloß Niederschönhausen?,[],"['Genthin - Mahlenzien', 'Schloß Niederschönhausen']"
Basic-distance Query,"How many nautical miles from RB13,RB51 to Hufeisensiedlung?",[],"['RB13,RB51', 'Hufeisensiedlung']"
Basic-distance Query,"Approximately how far is it from RE2,RB13 to Jinianguan East Road?",[],"['RE2,RB13', 'Jinianguan East Road']"
Basic-distance Query,Find the distance between Birkholzer Weg and Reinickendorfer Str..,[],"['Birkholzer Weg', 'Reinickendorfer Str.']"
Basic-distance Query,Can you provide the distance from Gabow - Altglietzen to Krielow - Deetz?,[],"['Gabow - Altglietzen', 'Krielow - Deetz']"
Basic-distance Query,How lengthy is the path from Jikang Road to Oranienburger Chaussee?,[],"['Jikang Road', 'Oranienburger Chaussee']"
Basic-distance Query,Can you provide the distance from Dorfstr. (Wartenberg) to Zeuthener See?,[],"['Dorfstr. (Wartenberg)', 'Zeuthener See']"
Basic-distance Query,Kilometers between Hirschgarten and Milmersdorf.,[],"['Hirschgarten', 'Milmersdorf']"
Basic-distance Query,Find the spatial separation between Groß-Glienicker See and Seehausen|am Ober-Ueckersee.,[],"['Groß-Glienicker See', 'Seehausen|am Ober-Ueckersee']"
Basic-distance Query,Kilometers from Kulturbrauerei to Neuhof|(Warnitz).,[],"['Kulturbrauerei', 'Neuhof|(Warnitz)']"
Basic-distance Query,Get the distance in miles between TGI Friday (Thank God and Jiujingchang Road.,[],"['TGI Friday (Thank God', 'Jiujingchang Road']"
Basic-distance Query,Approximately how far is it from Müritz-Havel-Kanal to Havel?,[],"['Müritz-Havel-Kanal', 'Havel']"
Basic-distance Query,Could you estimate the distance from Gallun - Motzen to Stargarder Str.?,[],"['Gallun - Motzen', 'Stargarder Str.']"
Basic-distance Query,Can you estimate the distance between Schildow - Glienicke and Franz-Künstler-Str. (Neuruppin)?,[],"['Schildow - Glienicke', 'Franz-Künstler-Str. (Neuruppin)']"
Basic-distance Query,Distance from Luftbrückendenkmal to Schulzendorf - Steinbeck.,[],"['Luftbrückendenkmal', 'Schulzendorf - Steinbeck']"
Basic-distance Query,"What's the distance between Dorfstr. (Schöneiche) and Savo, measured in kilometers?",[],"['Dorfstr. (Schöneiche)', 'Savo']"
Basic-distance Query,Could you estimate the distance from Hubertusallee to Wolgastsee?,[],"['Hubertusallee', 'Wolgastsee']"
Basic-distance Query,Can you provide an estimate of the distance between Wismarplatz and Friedrich-Wilhelm-Platz?,[],"['Wismarplatz', 'Friedrich-Wilhelm-Platz']"
Basic-distance Query,Can you provide the distance from Alt-Lübars to Wühlischplatz?,[],"['Alt-Lübars', 'Wühlischplatz']"
Basic-distance Query,Distance between Buchholz (Zauche) and Yingjiang Road.,[],"['Buchholz (Zauche)', 'Yingjiang Road']"
Basic-distance Query,How many miles is it from Spatenweg to RE3?,[],"['Spatenweg', 'RE3']"
Basic-distance Query,How many feet from Strasburg to Adlergestell?,[],"['Strasburg', 'Adlergestell']"
Basic-distance Query,Calculate distance from Mövenpick to Neuruppin - Herzsprung.,[],"['Mövenpick', 'Neuruppin - Herzsprung']"
Basic-distance Query,Distance in nautical miles from Lessingstr. (Lichtenrade) to Siegessäule.,[],"['Lessingstr. (Lichtenrade)', 'Siegessäule']"
Basic-distance Query,Miles from Kaicheng Road to Krumminer Wiek.,[],"['Kaicheng Road', 'Krumminer Wiek']"
Basic-distance Query,Kilometers between Hoeppnerstr. and (Insel im Habermannsee).,[],"['Hoeppnerstr.', '(Insel im Habermannsee)']"
Basic-distance Query,What's the span from Nackel - Wildberg to Yingchun Street?,[],"['Nackel - Wildberg', 'Yingchun Street']"
Basic-distance Query,Distance calculation between Beiersdorf - Beerbaum and Terra Anatolia.,[],"['Beiersdorf - Beerbaum', 'Terra Anatolia']"
Basic-distance Query,Which way should I head from Gugelhof Restaurant to Zhongxiu Street?,[],"['Gugelhof Restaurant', 'Zhongxiu Street']"
Basic-distance Query,Find the distance between Robbengatter and Haveleck.,[],"['Robbengatter', 'Haveleck']"
Basic-distance Query,How many feet from Alboinstr. to Warnitz - Quast?,[],"['Alboinstr.', 'Warnitz - Quast']"
Basic-distance Query,"Distance in meters between Lehrter Str. and RE1,RB21.",[],"['Lehrter Str.', 'RE1,RB21']"
Basic-distance Query,"Kilometers between Rathenower Str. (Brandenburg) and S41,S42,S8.",[],"['Rathenower Str. (Brandenburg)', 'S41,S42,S8']"
Basic-distance Query,Find the spatial separation between Thymensee and Morena.,[],"['Thymensee', 'Morena']"
Basic-distance Query,"What's the distance between Gottsdorf - Berkenbrück and Ahrensfelde Friedhof, measured in kilometers?",[],"['Gottsdorf - Berkenbrück', 'Ahrensfelde Friedhof']"
Basic-distance Query,"What is the estimated distance between RE5,RB14 and Nea Knosso?",[],"['RE5,RB14', 'Nea Knosso']"
Basic-distance Query,What's the approximate distance from Landecker Str. to Erban Bridge?,[],"['Landecker Str.', 'Erban Bridge']"
Basic-distance Query,Distance in meters between Kanapee and Straße C.,[],"['Kanapee', 'Straße C']"
Basic-distance Query,Can you give me a rough estimate of the distance from Nordbahnstr. (Wedding) to B320: Lübben - Lieberose?,[],"['Nordbahnstr. (Wedding)', 'B320: Lübben - Lieberose']"
Basic-distance Query,Calculate the distance between Birkenwerder - Kolonie Briese and Neunzig Grad.,[],"['Birkenwerder - Kolonie Briese', 'Neunzig Grad']"
Basic-distance Query,Compute the distance between Weisen and Yunkong Road for me.,[],"['Weisen', 'Yunkong Road']"
Basic-distance Query,Miles between Alfred-Jung-Str. and Teupitz-Groß Köris.,[],"['Alfred-Jung-Str.', 'Teupitz-Groß Köris']"
Basic-distance Query,What's the distance in kilometers from Lotte-Pulewka-Str. (Potsdam) to Friedrich-Olbricht-Damm?,[],"['Lotte-Pulewka-Str. (Potsdam)', 'Friedrich-Olbricht-Damm']"
Basic-distance Query,What is the estimated distance between Hertelstr. and Loerkesteig?,[],"['Hertelstr.', 'Loerkesteig']"
Basic-distance Query,What's the rough distance from Grabensprung to Rotkelchenweg (Krampnitz)?,[],"['Grabensprung', 'Rotkelchenweg (Krampnitz)']"
Basic-distance Query,How many kilometers is it from S25 to Weisen?,[],"['S25', 'Weisen']"
Basic-distance Query,Kilometers between Parkstr. (Weißensee) and Lenzen.,[],"['Parkstr. (Weißensee)', 'Lenzen']"
Basic-distance Query,Can you provide the distance from Wuthenow - Wustrow-Altfriesack to Blankenfelder Chaussee (Lübars)?,[],"['Wuthenow - Wustrow-Altfriesack', 'Blankenfelder Chaussee (Lübars)']"
Basic-distance Query,How many miles is it from Thomas-Weissbecker-Haus to U9?,[],"['Thomas-Weissbecker-Haus', 'U9']"
Basic-distance Query,Distance in meters between Hotel Imperial - Brasserie Vintage and Dannenwalde|bei Gransee.,[],"['Hotel Imperial - Brasserie Vintage', 'Dannenwalde|bei Gransee']"
Basic-distance Query,Distance in kilometers from Naturtheater Hasenheide to Waldeckpark.,[],"['Naturtheater Hasenheide', 'Waldeckpark']"
Basic-distance Query,What's the distance in miles between Crellestr. and Tegeler Fließ?,[],"['Crellestr.', 'Tegeler Fließ']"
Basic-distance Query,Can you tell me the mileage between Parkhaus Treptow and Beiersdorf - Werftpfuhl?,[],"['Parkhaus Treptow', 'Beiersdorf - Werftpfuhl']"
Basic-distance Query,How many kilometers is it from Wasserturm Prenzlauer Berg to Wuding Bridge?,[],"['Wasserturm Prenzlauer Berg', 'Wuding Bridge']"
Basic-distance Query,Distance measurement for Neutrebbin and Arada.,[],"['Neutrebbin', 'Arada']"
Basic-distance Query,How lengthy is the path from Bahnhofstr. (Wünsdorf) to Düsseldorfer Str.?,[],"['Bahnhofstr. (Wünsdorf)', 'Düsseldorfer Str.']"
Basic-distance Query,How far is it from Leuenberg - Beiersdorf to Lindenberger Str. (Ahrensfelde)?,[],"['Leuenberg - Beiersdorf', 'Lindenberger Str. (Ahrensfelde)']"
Basic-distance Query,"How far is it from Saale to Punta Lago Blanco, measured in kilometers?",[],"['Saale', 'Punta Lago Blanco']"
Basic-distance Query,Can you provide an estimate of the distance between Labussee and Garbatyplatz?,[],"['Labussee', 'Garbatyplatz']"
Basic-distance Query,Can you give me a rough estimate of the distance from Fujiachang Street to Friedersdorf (b Königs Wusterhausen)?,[],"['Fujiachang Street', 'Friedersdorf (b Königs Wusterhausen)']"
Basic-distance Query,Distance in meters from Mianxieying to Intimes.,[],"['Mianxieying', 'Intimes']"
Basic-distance Query,Could you please tell me the approximate distance between Quellendorf and Village Voice?,[],"['Quellendorf', 'Village Voice']"
Basic-distance Query,What's the distance in miles between Kaulbachstr. (Lankwitz) and Elsterwerdaer Platz?,[],"['Kaulbachstr. (Lankwitz)', 'Elsterwerdaer Platz']"
Basic-distance Query,"Calculate the spatial separation between S1,S2,S25,S26 and Tiergartenufer.",[],"['S1,S2,S25,S26', 'Tiergartenufer']"
Basic-distance Query,Distance in meters from RE5 to Willi-Sänger-Str. (Brandenburg).,[],"['RE5', 'Willi-Sänger-Str. (Brandenburg)']"
Basic-distance Query,Find the distance between Pratau - Wörlitz and Pinnow|bei Anklam.,[],"['Pratau - Wörlitz', 'Pinnow|bei Anklam']"
Basic-distance Query,What's the distance in miles between Gri Gri and Café LebensArt?,[],"['Gri Gri', 'Café LebensArt']"
Basic-distance Query,How far is it from Ottomar-Geschke-Str. to Erich-Weinert-Str.?,[],"['Ottomar-Geschke-Str.', 'Erich-Weinert-Str.']"
Basic-distance Query,Distance in nautical miles from Am Karlsbad to Guben.,[],"['Am Karlsbad', 'Guben']"
Basic-distance Query,Can you estimate the distance between Hoppegarten (Mark) and Maxwell?,[],"['Hoppegarten (Mark)', 'Maxwell']"
Basic-distance Query,"What's the approximate distance from Anklam, Brücke to Johanniterstr.?",[],"['Anklam, Brücke', 'Johanniterstr.']"
Basic-distance Query,Can you provide the kilometers between Binger Str. and Messedamm?,[],"['Binger Str.', 'Messedamm']"
Basic-distance Query,Can you give me a rough estimate of the distance from Waldowstr. (Hohenschönhausen) to Weinbergstr. (Eberswalde)?,[],"['Waldowstr. (Hohenschönhausen)', 'Weinbergstr. (Eberswalde)']"
Basic-distance Query,Calculate the spatial separation between Ostritz and Garz - Stralsund.,[],"['Ostritz', 'Garz - Stralsund']"
Basic-distance Query,Calculate the distance between Stolpsee and Spandauer Str. (Falkensee).,[],"['Stolpsee', 'Spandauer Str. (Falkensee)']"
Basic-distance Query,How many kilometers is it from Hennickendorf - Rehfelde to Kubitzer Bodden?,[],"['Hennickendorf - Rehfelde', 'Kubitzer Bodden']"
Basic-distance Query,Measure the distance from Ueckermünde to Röntgental.,[],"['Ueckermünde', 'Röntgental']"
Basic-distance Query,Compute the distance between Hardenbergstr. and La Paloma for me.,[],"['Hardenbergstr.', 'La Paloma']"
Basic-distance Query,Could you please tell me the approximate distance between Templin Fährkrug and Guanghua East Street?,[],"['Templin Fährkrug', 'Guanghua East Street']"
Basic-distance Query,Direct me from Lindauer Allee to Sewanstr..,[],"['Lindauer Allee', 'Sewanstr.']"
Basic-distance Query,Could you provide an estimate of the distance between Großwudicke and Kade?,[],"['Großwudicke', 'Kade']"
Basic-distance Query,What is the distance between Mierendorffplatz and Fehrbellin - Herzberg?,[],"['Mierendorffplatz', 'Fehrbellin - Herzberg']"
Basic-distance Query,About how far is it from Mola to Semmelweisstr.?,[],"['Mola', 'Semmelweisstr.']"
Basic-distance Query,"How far is it from Schwarzenbek to Leuna, measured in kilometers?",[],"['Schwarzenbek', 'Leuna']"
Basic-distance Query,Distance calculation between Lindauer Allee and Caiman.,[],"['Lindauer Allee', 'Caiman']"
Basic-distance Query,Direct me from Xingke Road to B5 - Barnewitz.,[],"['Xingke Road', 'B5 - Barnewitz']"
Basic-distance Query,Could you estimate the distance from Wellenstein to Cochstedt?,[],"['Wellenstein', 'Cochstedt']"
Basic-distance Query,What's the distance between Storkower Str. and Westarpstr.?,[],"['Storkower Str.', 'Westarpstr.']"
Basic-distance Query,How far is Reinhard's from Buckower Chaussee?,[],"[""Reinhard's"", 'Buckower Chaussee']"
Basic-distance Query,How many kilometers is it from Grunewaldturm to Lichterfelde-West?,[],"['Grunewaldturm', 'Lichterfelde-West']"
Basic-distance Query,Can you provide the distance from Longqi line to Langshan Road?,[],"['Longqi line', 'Langshan Road']"
Basic-distance Query,Distance in nautical miles from Wismarplatz to Wiener Str..,[],"['Wismarplatz', 'Wiener Str.']"
Basic-distance Query,How far is it from Tongling Road to Max-Josef-Metzger-Platz?,[],"['Tongling Road', 'Max-Josef-Metzger-Platz']"
Basic-distance Query,Calculate the space between Kleiner Stern and Qingjiang Road.,[],"['Kleiner Stern', 'Qingjiang Road']"
Basic-distance Query,Kilometers between Hämmerlingstr. and Ostkreuz.,[],"['Hämmerlingstr.', 'Ostkreuz']"
Basic-distance Query,"Distance between (Umfahrung Hahn-Meitner-Institut) and RE3,RB44.",[],"['(Umfahrung Hahn-Meitner-Institut)', 'RE3,RB44']"
Basic-distance Query,About how far is it from Wilhelmshorst to Wutzetz - Dreetz?,[],"['Wilhelmshorst', 'Wutzetz - Dreetz']"
Basic-distance Query,Miles from Ernst-Reuter-Platz to Falkentaler Steig.,[],"['Ernst-Reuter-Platz', 'Falkentaler Steig']"
Basic-distance Query,Could you please tell me the approximate distance between Skutaristr. and (Paul-Junius-Str. - Alfred-Jung-Str.)?,[],"['Skutaristr.', '(Paul-Junius-Str. - Alfred-Jung-Str.)']"
Basic-distance Query,Can you provide a rough estimate of the distance from Ahornallee (Charlottenburg) to Zláta Práha?,[],"['Ahornallee (Charlottenburg)', 'Zláta Práha']"
Basic-distance Query,Find the distance between Schlabornsee and Hennigsdorfer Str..,[],"['Schlabornsee', 'Hennigsdorfer Str.']"
Basic-distance Query,Can you tell me the mileage between Ici and Breite Str. (Steglitz)?,[],"['Ici', 'Breite Str. (Steglitz)']"
Basic-distance Query,What's the mileage between Wilhelmshorst and Machnower Str. (Zehlendorf)?,[],"['Wilhelmshorst', 'Machnower Str. (Zehlendorf)']"
Basic-distance Query,Measure the gap between Berliner Str. (Hermsdorf) and Kleiner Kuhwall.,[],"['Berliner Str. (Hermsdorf)', 'Kleiner Kuhwall']"
Basic-distance Query,What is the estimated distance between Irish Pub Europacenter and Kopenhagener Str. (Prenzlauer Berg)?,[],"['Irish Pub Europacenter', 'Kopenhagener Str. (Prenzlauer Berg)']"
Basic-distance Query,How many kilometers is it from Alt-Friedrichsfelde to Essener Str.?,[],"['Alt-Friedrichsfelde', 'Essener Str.']"
Basic-distance Query,"How far is it from Bellermannstr. to RE5, measured in kilometers?",[],"['Bellermannstr.', 'RE5']"
Basic-distance Query,Direct me from Rodelbergweg to Swina.,[],"['Rodelbergweg', 'Swina']"
Basic-distance Query,What's the distance from Max-Schmelling-Halle to Klausdorf - Sperenberg?,[],"['Max-Schmelling-Halle', 'Klausdorf - Sperenberg']"
Basic-distance Query,What is the distance between Cube Club and Dassow?,[],"['Cube Club', 'Dassow']"
Basic-distance Query,Could you please tell me the approximate distance between Schmölln and Waldstr. (Hessenwinkel)?,[],"['Schmölln', 'Waldstr. (Hessenwinkel)']"
Basic-distance Query,Can you give me a rough estimate of the distance from Lijiang Road to Steintor Bernau?,[],"['Lijiang Road', 'Steintor Bernau']"
Basic-distance Query,Calculate the distance from Paul-Löbe-Str. to Herbartstr..,[],"['Paul-Löbe-Str.', 'Herbartstr.']"
Basic-distance Query,Distance measurement between Yunkong Road and Karl-Liebknecht-Str. (Frankfurt).,[],"['Yunkong Road', 'Karl-Liebknecht-Str. (Frankfurt)']"
Basic-distance Query,Distance measurement for Marzahner Chaussee and Sellin|(bei Benz).,[],"['Marzahner Chaussee', 'Sellin|(bei Benz)']"
Basic-distance Query,Could you estimate the distance from Braminsee to Messegelände?,[],"['Braminsee', 'Messegelände']"
Basic-distance Query,How lengthy is the path from Frankfurter Tor to Heiligenhafen?,[],"['Frankfurter Tor', 'Heiligenhafen']"
Basic-distance Query,Can you tell me the mileage between Biedenkopfer Str. and Liebenwalde - Zehdenick?,[],"['Biedenkopfer Str.', 'Liebenwalde - Zehdenick']"
Basic-distance Query,"How many miles is it from RE2,RB41 to Dongbaicai Garden?",[],"['RE2,RB41', 'Dongbaicai Garden']"
Basic-distance Query,Approximately how far is it from Platz der Luftbrücke to RB49?,[],"['Platz der Luftbrücke', 'RB49']"
Basic-distance Query,How many nautical miles from Huangpu Road to Prenzlau?,[],"['Huangpu Road', 'Prenzlau']"
Basic-distance Query,What's the distance in kilometers between Fridas Schwester and Jinianguan East Road?,[],"['Fridas Schwester', 'Jinianguan East Road']"
Basic-distance Query,How many kilometers is it from Cuipingshan Road to Karl-Marx-Allee?,[],"['Cuipingshan Road', 'Karl-Marx-Allee']"
Basic-distance Query,"Find the spatial separation between Berlin - Velten (Berliner Str.) and Nürnberger Str. (Wilmersdorf, Charlottenburg).",[],"['Berlin - Velten (Berliner Str.)', 'Nürnberger Str. (Wilmersdorf, Charlottenburg)']"
Basic-distance Query,Distance query: Treptower Str. to Stiernsee.,[],"['Treptower Str.', 'Stiernsee']"
Basic-distance Query,What's the approximate distance from Sportlertreff to Havel?,[],"['Sportlertreff', 'Havel']"
Basic-distance Query,How far is Nordpol from Spindlersfeld?,[],"['Nordpol', 'Spindlersfeld']"
Basic-distance Query,Miles from Bautzen to Baumwerder.,[],"['Bautzen', 'Baumwerder']"
Basic-distance Query,Can you give me a rough estimate of the distance from Schubertstr. (Lichterfelde) to Nymphenufer?,[],"['Schubertstr. (Lichterfelde)', 'Nymphenufer']"
Basic-distance Query,What is the rough distance between Merz and Flensburger Str.?,[],"['Merz', 'Flensburger Str.']"
Basic-distance Query,Which way should I head from Ascherslebener Weg to Stresemannstr.?,[],"['Ascherslebener Weg', 'Stresemannstr.']"
Basic-distance Query,Measure the distance from Neuhardenberg - Heinersdorf to Lausigk.,[],"['Neuhardenberg - Heinersdorf', 'Lausigk']"
Basic-distance Query,Measure the gap between Mölschow - Trassenheide and Dortustr. (Potsdam).,[],"['Mölschow - Trassenheide', 'Dortustr. (Potsdam)']"
Basic-distance Query,Distance calculation between Prager Café Slavia and Zeuthener See.,[],"['Prager Café Slavia', 'Zeuthener See']"
Basic-distance Query,Can you provide the distance from Crellestr. to Buntzelstr.?,[],"['Crellestr.', 'Buntzelstr.']"
Basic-distance Query,What's the distance in kilometers from Kurfürstenstr. to Nennhauser Damm?,[],"['Kurfürstenstr.', 'Nennhauser Damm']"
Basic-distance Query,How far apart are Woltersdorfer Str. (Schöneiche) and Park Sanssouci?,[],"['Woltersdorfer Str. (Schöneiche)', 'Park Sanssouci']"
Basic-distance Query,"How lengthy is the path from (Pankeweg, Bürgerpark) to Verbindungschaussee?",[],"['(Pankeweg, Bürgerpark)', 'Verbindungschaussee']"
Basic-distance Query,What's the distance from Wuhletal to Buchberger Str.?,[],"['Wuhletal', 'Buchberger Str.']"
Basic-distance Query,Distance measurement for Lembach and An der Stadtmauer (Strausberg).,[],"['Lembach', 'An der Stadtmauer (Strausberg)']"
Basic-distance Query,What's the span from Hobrechtsfelder Chaussee to Woltersdorf|b. Luckenwalde?,[],"['Hobrechtsfelder Chaussee', 'Woltersdorf|b. Luckenwalde']"
Basic-distance Query,How far is Kiboko from Qinhong South Road?,[],"['Kiboko', 'Qinhong South Road']"
Basic-distance Query,What's the distance in kilometers between Schwarzer Weg (Grunewald) and Café Moskau?,[],"['Schwarzer Weg (Grunewald)', 'Café Moskau']"
Basic-distance Query,Compute the distance between Bahnhofstr. (Karow) and Wernsdorf for me.,[],"['Bahnhofstr. (Karow)', 'Wernsdorf']"
Basic-distance Query,Can you tell me the distance from Seelenbinderstr. to Stavanger Str.?,[],"['Seelenbinderstr.', 'Stavanger Str.']"
Basic-distance Query,Kilometers between Hirzerweg and DRK-Klinikum Westend.,[],"['Hirzerweg', 'DRK-Klinikum Westend']"
Basic-distance Query,Can you provide an estimate of the distance between Lindenberger Str. (Wartenberg) and Wühlischstr.?,[],"['Lindenberger Str. (Wartenberg)', 'Wühlischstr.']"
Basic-distance Query,Measure the separation between SEK and (Efeuweg - Lipschitzallee).,[],"['SEK', '(Efeuweg - Lipschitzallee)']"
Basic-distance Query,"What's the distance between Brieselang - Falkensee and Nanxiu Village, measured in kilometers?",[],"['Brieselang - Falkensee', 'Nanxiu Village']"
Basic-distance Query,How far apart are Shuguang Road and Katzengrabenbrücke?,[],"['Shuguang Road', 'Katzengrabenbrücke']"
Basic-distance Query,Distance measurement between Neukalen - Gnoien and Osternienburg.,[],"['Neukalen - Gnoien', 'Osternienburg']"
Basic-distance Query,Distance query: Kade to Fahrenwalde - Brüssow.,[],"['Kade', 'Fahrenwalde - Brüssow']"
Basic-distance Query,Can you provide the kilometers between Aue and Flatowturm (Babelsberg)?,[],"['Aue', 'Flatowturm (Babelsberg)']"
Basic-distance Query,Could you please tell me the approximate distance between Karower Str. (Buch) and Rathaus Spandau?,[],"['Karower Str. (Buch)', 'Rathaus Spandau']"
Basic-distance Query,"What's the distance between Lanna and Franz-Mehring-Platz, measured in kilometers?",[],"['Lanna', 'Franz-Mehring-Platz']"
Basic-distance Query,Distance measurement for Gützkow and Uhlandstr..,[],"['Gützkow', 'Uhlandstr.']"
Basic-distance Query,What's the distance in miles between Borussenstr. and Neuendorf?,[],"['Borussenstr.', 'Neuendorf']"
Basic-distance Query,What's the mileage between Buchholz (Zauche) and Freilichtbühne Wuhlheide?,[],"['Buchholz (Zauche)', 'Freilichtbühne Wuhlheide']"
Basic-distance Query,Could you please tell me the approximate distance between G328 and Pichelssee?,[],"['G328', 'Pichelssee']"
Basic-distance Query,Estimate the distance between Blankensee|b. Neustrelitz and Dongnan Road.,[],"['Blankensee|b. Neustrelitz', 'Dongnan Road']"
Basic-distance Query,Miles from Straße C to Shangshan Road.,[],"['Straße C', 'Shangshan Road']"
Basic-distance Query,"Calculate the space between Keithstr. (Schöneberg, Tiergarten) and Don Camillo.",[],"['Keithstr. (Schöneberg, Tiergarten)', 'Don Camillo']"
Basic-distance Query,Distance in meters from Personenfähre Straussee to Potsdamer Platz.,[],"['Personenfähre Straussee', 'Potsdamer Platz']"
Basic-distance Query,Can you estimate the distance between Huanlongchi Road and Ziethener Str. (Mahlow-Waldblick)?,[],"['Huanlongchi Road', 'Ziethener Str. (Mahlow-Waldblick)']"
Basic-distance Query,Distance from Kuhz|bei Haßleben to Spichernstr..,[],"['Kuhz|bei Haßleben', 'Spichernstr.']"
Basic-distance Query,Compute the distance between Torgauer Str. (Schöneberg) and Hammarskjöldplatz for me.,[],"['Torgauer Str. (Schöneberg)', 'Hammarskjöldplatz']"
Basic-distance Query,Miles from Kleiner Jasmunder Bodden to Herthastr. (Grunewald).,[],"['Kleiner Jasmunder Bodden', 'Herthastr. (Grunewald)']"
Basic-distance Query,Can you estimate the distance between Jingma line and Rangsdorf - B96?,[],"['Jingma line', 'Rangsdorf - B96']"
Basic-distance Query,How far apart are Kremmen and Ruhleben?,[],"['Kremmen', 'Ruhleben']"
Basic-distance Query,"Miles from Potsdam Hauptbahnhof to RE1,RB46,RB49.",[],"['Potsdam Hauptbahnhof', 'RE1,RB46,RB49']"
Basic-distance Query,Approximately how far is it from Waidmannsluster Damm to Glockenturm?,[],"['Waidmannsluster Damm', 'Glockenturm']"
Basic-distance Query,Can you estimate the distance between (Moorlake - Pfaueninsel) and Wasserwerkstr.?,[],"['(Moorlake - Pfaueninsel)', 'Wasserwerkstr.']"
Basic-distance Query,Direct me from Oscar Wilde Pub to Schillstr..,[],"['Oscar Wilde Pub', 'Schillstr.']"
Basic-distance Query,Miles from Alt-Pichelsdorf to Junnong Road.,[],"['Alt-Pichelsdorf', 'Junnong Road']"
Basic-distance Query,"Calculate the distance between Seehausen|am Ober-Ueckersee and RE4,RB21.",[],"['Seehausen|am Ober-Ueckersee', 'RE4,RB21']"
Basic-distance Query,Get the distance in miles between Lohm - Neuendorf and Potsdam Pirschheide.,[],"['Lohm - Neuendorf', 'Potsdam Pirschheide']"
Basic-distance Query,What's the distance between Teltower Weg and Jungfernmühle?,[],"['Teltower Weg', 'Jungfernmühle']"
Basic-distance Query,Find the spatial separation between Neuendorf - Lüdersdorf and Züssow.,[],"['Neuendorf - Lüdersdorf', 'Züssow']"
Basic-distance Query,What is the estimated distance between Speck - Kargow and Vorbergstr.?,[],"['Speck - Kargow', 'Vorbergstr.']"
Basic-distance Query,Find the distance between Beeskowdamm and Remise.,[],"['Beeskowdamm', 'Remise']"
Basic-distance Query,About how far is it from Gräningen - Möthlow to Schönefelder Chaussee?,[],"['Gräningen - Möthlow', 'Schönefelder Chaussee']"
Basic-distance Query,What is the rough distance between Kommandantur and Adolf-Scheidt-Platz?,[],"['Kommandantur', 'Adolf-Scheidt-Platz']"
Basic-distance Query,Calculate the spatial separation between Jungfernheideteich and Mocherwitz.,[],"['Jungfernheideteich', 'Mocherwitz']"
Basic-distance Query,Estimate the distance between Lessingstr. (Rosenthal) and Borussenstr..,[],"['Lessingstr. (Rosenthal)', 'Borussenstr.']"
Basic-distance Query,Measure the gap between (Volkspark Wilmersdorf) and Lichterfelder Ring.,[],"['(Volkspark Wilmersdorf)', 'Lichterfelder Ring']"
Basic-distance Query,What's the rough distance from BKA to Zitadelle Spandau?,[],"['BKA', 'Zitadelle Spandau']"
Basic-distance Query,What's the distance between Petershagen Nord and Flensburger Löwe?,[],"['Petershagen Nord', 'Flensburger Löwe']"
Basic-distance Query,About how far is it from Ziekowstr. to Baiyunting Road?,[],"['Ziekowstr.', 'Baiyunting Road']"
Basic-distance Query,"What's the distance between Oxymoron and Herzberg - Kremmen, measured in kilometers?",[],"['Oxymoron', 'Herzberg - Kremmen']"
Basic-distance Query,What's the rough distance from Buchwald Café Konditorei to Phuket?,[],"['Buchwald Café Konditorei', 'Phuket']"
Basic-distance Query,Distance in meters between Damaschkestr. and Caofang Road.,[],"['Damaschkestr.', 'Caofang Road']"
Basic-distance Query,Which way should I head from Bua-Thai to Prinzessinnenstr. (Kreuzberg)?,[],"['Bua-Thai', 'Prinzessinnenstr. (Kreuzberg)']"
Basic-distance Query,Approximately how far is it from Warnemünder Str. (Schmargendorf) to Huagang South Road?,[],"['Warnemünder Str. (Schmargendorf)', 'Huagang South Road']"
Basic-distance Query,How far is it from Waterlooufer to Ping'anli?,[],"['Waterlooufer', ""Ping'anli""]"
Basic-distance Query,Could you please tell me the approximate distance between Guojiashan Road and Steinhagen - Löbnitz?,[],"['Guojiashan Road', 'Steinhagen - Löbnitz']"
Basic-distance Query,Can you tell me the distance from Weinmeisterstr. to Zerbst - Breitenhagen?,[],"['Weinmeisterstr.', 'Zerbst - Breitenhagen']"
Basic-distance Query,Calculate the distance from Wildenbruchplatz to Glienicke - Fürstenwalde.,[],"['Wildenbruchplatz', 'Glienicke - Fürstenwalde']"
Basic-distance Query,How many kilometers is it from Dorfstr. (Spandau) to Werbig - Schlenzer?,[],"['Dorfstr. (Spandau)', 'Werbig - Schlenzer']"
Basic-distance Query,Calculate the spatial separation between Yikang Street and Küstrin-Kietz.,[],"['Yikang Street', 'Küstrin-Kietz']"
Basic-distance Query,Distance query: Il Sorriso to Französischer Dom.,[],"['Il Sorriso', 'Französischer Dom']"
Basic-distance Query,Can you provide the distance from Guangzhi Road to Gezhi Road?,[],"['Guangzhi Road', 'Gezhi Road']"
Basic-distance Query,Can you give me a rough estimate of the distance from Linientreu to Stresowplatz?,[],"['Linientreu', 'Stresowplatz']"
Basic-distance Query,Find the range between Tuchengtou Road and (Am Stichkanal).,[],"['Tuchengtou Road', '(Am Stichkanal)']"
Basic-distance Query,"How far is it from Brandenburger Tor to Am Wildpark (F2.2) (Potsdam), measured in kilometers?",[],"['Brandenburger Tor', 'Am Wildpark (F2.2) (Potsdam)']"
Basic-distance Query,The distance between Der Ägypter and Oberhofer Weg is what?,[],"['Der Ägypter', 'Oberhofer Weg']"
Basic-distance Query,How many nautical miles from Elsterwerdaer Platz to Dollgower See?,[],"['Elsterwerdaer Platz', 'Dollgower See']"
Basic-distance Query,Distance measurement for Gonghecun Road and Tempodrom.,[],"['Gonghecun Road', 'Tempodrom']"
Basic-distance Query,Find the distance between Goltzstr. (Schöneberg) and Warschauer Str..,[],"['Goltzstr. (Schöneberg)', 'Warschauer Str.']"
Basic-distance Query,What's the distance between Kirchstr. (Tiergarten) and (zur Löhleinstr.)?,[],"['Kirchstr. (Tiergarten)', '(zur Löhleinstr.)']"
Basic-distance Query,How far is it from Wolgast to B192?,[],"['Wolgast', 'B192']"
Basic-distance Query,How many miles is it from Zláta Práha to Pow Wow?,[],"['Zláta Práha', 'Pow Wow']"
Basic-distance Query,What is the distance between Tingying Road and Alt-Lichtenrade?,[],"['Tingying Road', 'Alt-Lichtenrade']"
Basic-distance Query,Calculate the spatial separation between Siriusstr. (Altglienicke) and (zur Mannheimer Str./Wilmersdorf).,[],"['Siriusstr. (Altglienicke)', '(zur Mannheimer Str./Wilmersdorf)']"
Basic-distance Query,What's the mileage between Carib and Franz-Stampfer-Str.?,[],"['Carib', 'Franz-Stampfer-Str.']"
Basic-distance Query,Calculate the distance from Oberbaumstr. to Siedenbrünzow - Loitz.,[],"['Oberbaumstr.', 'Siedenbrünzow - Loitz']"
Basic-distance Query,Which way should I head from B5 - Barnewitz to Hengshan Road?,[],"['B5 - Barnewitz', 'Hengshan Road']"
Basic-distance Query,The distance between Tacheles and Fürstenwerder - Woldegk is what?,[],"['Tacheles', 'Fürstenwerder - Woldegk']"
Basic-distance Query,How many miles is it from Reinhardtstr. (Mitte) to Atelier 89?,[],"['Reinhardtstr. (Mitte)', 'Atelier 89']"
Basic-distance Query,Distance calculation between Jingxin Road and Werderstr. (Spandau).,[],"['Jingxin Road', 'Werderstr. (Spandau)']"
Basic-distance Query,Distance in kilometers from Redernswalder See to Großer Wummsee.,[],"['Redernswalder See', 'Großer Wummsee']"
Basic-distance Query,How many miles is it from Baruther Str. to Neubrandenburg?,[],"['Baruther Str.', 'Neubrandenburg']"
Basic-distance Query,Can you provide an estimate of the distance between Linkstr. and Werder (Havel)?,[],"['Linkstr.', 'Werder (Havel)']"
Basic-distance Query,Find the range between (Zur Krampenburg) and Fehrbelliner Str. (Mitte).,[],"['(Zur Krampenburg)', 'Fehrbelliner Str. (Mitte)']"
Basic-distance Query,Could you give me an approximate mileage from Koloniestr. (Wedding) to Oppelner Str.?,[],"['Koloniestr. (Wedding)', 'Oppelner Str.']"
Basic-distance Query,Compute the distance between Shenglicun Road and Berghausen|bei Seehausen for me.,[],"['Shenglicun Road', 'Berghausen|bei Seehausen']"
Basic-distance Query,What is the rough distance between Ruhleben and Oschersleben?,[],"['Ruhleben', 'Oschersleben']"
Basic-distance Query,What's the span from Märkisches Ufer to Brandenburger Str. (Werder)?,[],"['Märkisches Ufer', 'Brandenburger Str. (Werder)']"
Basic-distance Query,Could you estimate the distance from Karpfenteichstr. to Bismarckstr. (Wannsee)?,[],"['Karpfenteichstr.', 'Bismarckstr. (Wannsee)']"
Basic-distance Query,What is the estimated distance between Gesundbrunnen and Montevideo?,[],"['Gesundbrunnen', 'Montevideo']"
Basic-distance Query,Kilometers from Hugo-Cassirer-Str. to Berliner Stadtforst Köpenick.,[],"['Hugo-Cassirer-Str.', 'Berliner Stadtforst Köpenick']"
Basic-distance Query,Kilometers between Wilmsstr. (Dallgow-Döberitz) and Jiujingchang Road.,[],"['Wilmsstr. (Dallgow-Döberitz)', 'Jiujingchang Road']"
Basic-distance Query,"What's the distance between Antonienstr. and Samoastr., measured in kilometers?",[],"['Antonienstr.', 'Samoastr.']"
Basic-distance Query,Can you provide a rough estimate of the distance from Pingtai Street to Grünberg - Bagemühl?,[],"['Pingtai Street', 'Grünberg - Bagemühl']"
Basic-distance Query,Get the distance in miles between Ningyuan Road and Gaoke 11th Road.,[],"['Ningyuan Road', 'Gaoke 11th Road']"
Basic-distance Query,Can you tell me the mileage between Mühlenfeld (Oranienburg) and Taiping North Road?,[],"['Mühlenfeld (Oranienburg)', 'Taiping North Road']"
Basic-distance Query,Direct me from Dissenchener Str. (Cottbus) to RB12.,[],"['Dissenchener Str. (Cottbus)', 'RB12']"
Basic-distance Query,What's the distance from East-Side-Gallery to Koppenplatz?,[],"['East-Side-Gallery', 'Koppenplatz']"
Basic-distance Query,Distance in meters between B87: Frankfurt - Lübben and Ketzin - Nauen.,[],"['B87: Frankfurt - Lübben', 'Ketzin - Nauen']"
Basic-distance Query,Measure the distance between Dahlem-Dorf and Raumerstr..,[],"['Dahlem-Dorf', 'Raumerstr.']"
Basic-distance Query,Distance in kilometers from Strandbad Mitte to Bad Schandau.,[],"['Strandbad Mitte', 'Bad Schandau']"
Basic-distance Query,What is the rough distance between Jezero Koprowo and Am Volkspark?,[],"['Jezero Koprowo', 'Am Volkspark']"
Basic-distance Query,What's the distance between Buschmühlenweg (Frankfurt) and Am Kanal (Potsdam)?,[],"['Buschmühlenweg (Frankfurt)', 'Am Kanal (Potsdam)']"
Basic-distance Query,Could you give me an approximate mileage from Nauener Tor to Gubener Str.?,[],"['Nauener Tor', 'Gubener Str.']"
Basic-distance Query,How many feet from Naunyn-Ritze to Kanzleramt?,[],"['Naunyn-Ritze', 'Kanzleramt']"
Basic-distance Query,Kilometers between Groß Rosenburg - Patzetz and Blissestr..,[],"['Groß Rosenburg - Patzetz', 'Blissestr.']"
Basic-distance Query,Could you provide an estimate of the distance between (Benekendorffstr - Lübars) and Rückertstr. (B273) (Potsdam)?,[],"['(Benekendorffstr - Lübars)', 'Rückertstr. (B273) (Potsdam)']"
Basic-distance Query,Calculate the space between Palast der Republik and Tramper Weg.,[],"['Palast der Republik', 'Tramper Weg']"
Basic-distance Query,Distance in nautical miles from Wujiang Bridge to Rammin.,[],"['Wujiang Bridge', 'Rammin']"
Basic-distance Query,Distance calculation between Am Neuen Palais (F2.2) (Potsdam) and Eisenzahnstr..,[],"['Am Neuen Palais (F2.2) (Potsdam)', 'Eisenzahnstr.']"
Basic-distance Query,Distance in kilometers from Schirwindter Allee to Hederslebne - Harsleben.,[],"['Schirwindter Allee', 'Hederslebne - Harsleben']"
Basic-distance Query,"What's the distance between Bredow - Brieselang and Cheban, measured in kilometers?",[],"['Bredow - Brieselang', 'Cheban']"
Basic-distance Query,Determine the spatial distance between Invalidenstr. and Am Bötzsee.,[],"['Invalidenstr.', 'Am Bötzsee']"
Basic-distance Query,Find the range between Xuanwu Gate and Oranienburger Chaussee.,[],"['Xuanwu Gate', 'Oranienburger Chaussee']"
Basic-distance Query,What is the estimated distance between Klapsmühle and Parchimer Allee?,[],"['Klapsmühle', 'Parchimer Allee']"
Basic-distance Query,The distance between Bikowsee and RE5 is what?,[],"['Bikowsee', 'RE5']"
Basic-distance Query,Could you provide an estimate of the distance between Lessinghöhe and Beusselstr.?,[],"['Lessinghöhe', 'Beusselstr.']"
Basic-distance Query,Distance calculation between Stendaler Str. (Hellersdorf) and Kietzer Str..,[],"['Stendaler Str. (Hellersdorf)', 'Kietzer Str.']"
Basic-distance Query,Find the range between Cangshan Road and Görlitzer Bhf..,[],"['Cangshan Road', 'Görlitzer Bhf.']"
Basic-distance Query,Could you provide an estimate of the distance between Pfefferberg and Gothische Bibliothek (Potsdam)?,[],"['Pfefferberg', 'Gothische Bibliothek (Potsdam)']"
Basic-distance Query,What is the distance between Hohenzollernplatz and Laiyan Bridge?,[],"['Hohenzollernplatz', 'Laiyan Bridge']"
Basic-distance Query,The distance between Templin and SO 36 is what?,[],"['Templin', 'SO 36']"
Basic-distance Query,Get the distance in miles between Pelzkuhl and Kemlitz.,[],"['Pelzkuhl', 'Kemlitz']"
Basic-distance Query,How many kilometers is it from Cauerstr. to Café Mosaik?,[],"['Cauerstr.', 'Café Mosaik']"
Basic-distance Query,Calculate the distance between Am Friedrichshain and Bornitzstr..,[],"['Am Friedrichshain', 'Bornitzstr.']"
Basic-distance Query,Direct me from Greenwichpromenade to Ebersstr..,[],"['Greenwichpromenade', 'Ebersstr.']"
Basic-distance Query,How many feet from Rubensstr. (Friedenau) to Schloßallee?,[],"['Rubensstr. (Friedenau)', 'Schloßallee']"
Basic-distance Query,Find the spatial separation between Brückenstr. (Steglitz) and Klausdorf - Sperenberg.,[],"['Brückenstr. (Steglitz)', 'Klausdorf - Sperenberg']"
Basic-distance Query,Can you tell me the distance from Joachimsthal Kaiserbahnhof to Langhuan Road?,[],"['Joachimsthal Kaiserbahnhof', 'Langhuan Road']"
Basic-length Query,Could you tell me the span of Gatower Heide in Flaechen?,['Flaechen'],['Gatower Heide']
Basic-length Query,Can you provide the measurement of Großer Lankensee's length in Wasserumland2?,['Wasserumland2'],['Großer Lankensee']
Basic-length Query,"How long is the bustling U12,U2 in UBahn?",['UBahn'],"['U12,U2']"
Basic-length Query,Can you provide the measurement of Taifeng Road's length in road?,['road'],['Taifeng Road']
Basic-length Query,Can you give me the dimensions of S47 in SBahn?,['SBahn'],['S47']
Basic-length Query,Please provide insights into the distance of RBahn's RB35.,['RBahn'],['RB35']
Basic-length Query,"Could you provide the exact length of S41,S42,S8 in SBahn?",['SBahn'],"['S41,S42,S8']"
Basic-length Query,Could you tell me the span of Baggersee Biesdorf in WFlaechen?,['WFlaechen'],['Baggersee Biesdorf']
Basic-length Query,How long is the lively Saatwinkel - Hakenfelde in Faehren?,['Faehren'],['Saatwinkel - Hakenfelde']
Basic-length Query,What's the extent of Havel in Wasserumland2?,['Wasserumland2'],['Havel']
Basic-length Query,Could you please provide the length details of Vitter Bodden in Wasserumland2?,['Wasserumland2'],['Vitter Bodden']
Basic-length Query,How long is Müllrose - Weichensdorf in Landstrassen2?,['Landstrassen2'],['Müllrose - Weichensdorf']
Basic-length Query,Could you provide the extent of 13589 in PLZBoundaries?,['PLZBoundaries'],['13589']
Basic-length Query,What's the total span of F21 (Krampe) in Faehren?,['Faehren'],['F21 (Krampe)']
Basic-length Query,Can you provide details on the extent of 14165 in PLZBoundaries?,['PLZBoundaries'],['14165']
Basic-length Query,Display all Heckmannufer that are 20 kilometers or longer.,[],['Heckmannufer']
Basic-length Query,Can you provide details on the length of 12047 in PLZBoundaries?,['PLZBoundaries'],['12047']
Basic-length Query,"How long is the historic U1,U12,U15,U2 in UBahn?",['UBahn'],"['U1,U12,U15,U2']"
Basic-length Query,Provide the length details of Schloß Babelsberg's perimeter in Sehenswuerdreg.,['Sehenswuerdreg'],['Schloß Babelsberg']
Basic-length Query,What is the total length of RB43 in RBahn?,['RBahn'],['RB43']
Basic-length Query,Can you provide the exact length of Liepnitzsee - Wandlitz?,[],['Liepnitzsee - Wandlitz']
Basic-length Query,Can you advise me on the length of Biesenthal - Finow in Landstrassen?,['Landstrassen'],['Biesenthal - Finow']
Basic-length Query,"What's the distance of RE4,RB10 in RBahn?",['RBahn'],"['RE4,RB10']"
Basic-length Query,I'm wondering about the overall length of F24 (Spree) in Faehren.,['Faehren'],['F24 (Spree)']
Basic-length Query,Can you tell me the length of WStrassen's Westhafenkanal?,['WStrassen'],['Westhafenkanal']
Basic-length Query,What is the overall span of Gulouertiao Lane from its source to mouth in road?,['road'],['Gulouertiao Lane']
Basic-length Query,Can you specify the length of S2 in SBahn?,['SBahn'],['S2']
Basic-length Query,Please tell me the extent of Xingyuan Road in road.,['road'],['Xingyuan Road']
Basic-length Query,Can you tell me the length of Jakobsdorfer See in Wasserumland2?,['Wasserumland2'],['Jakobsdorfer See']
Basic-length Query,What's the extent of Marlow - Ribnitz in Landstrassen2?,['Landstrassen2'],['Marlow - Ribnitz']
Basic-length Query,"Display all RE2,RB13,RB21 that are 15 kilometers or longer.",[],"['RE2,RB13,RB21']"
Basic-length Query,Can you provide insights into the extent of road's Longan Road?,['road'],['Longan Road']
Basic-length Query,Display all Ostburger Weg that are 10 kilometers or longer.,[],['Ostburger Weg']
Basic-length Query,How long is strassen's Schönholzer Weg?,['strassen'],['Schönholzer Weg']
Basic-length Query,Could you please enumerate the length of Sehenswuerdreg's Jungfernbrücke perimeter?,['Sehenswuerdreg'],['Jungfernbrücke']
Basic-length Query,Could you detail the length of Aalemannkanal's perimeter in WFlaechen?,['WFlaechen'],['Aalemannkanal']
Basic-length Query,Provide the length details of WStrassen's Alter Berlin-Spandauer Schiffahrtskanal.,['WStrassen'],['Alter Berlin-Spandauer Schiffahrtskanal']
Basic-length Query,Please advise me on the length of Godendorfer See in Wasserumland2.,['Wasserumland2'],['Godendorfer See']
Basic-length Query,How long is the charming Mingwa Gallery in road?,['road'],['Mingwa Gallery']
Basic-length Query,What is the overall span of Oder from its source to mouth in Wasserumland2?,['Wasserumland2'],['Oder']
Basic-length Query,Could you provide the distance of F21 (Krampe) in Faehren?,['Faehren'],['F21 (Krampe)']
Basic-length Query,Groß Rosenburg in Faehren length?,['Faehren'],['Groß Rosenburg']
Basic-length Query,Could you provide the distance of PLZBoundaries's 14167?,['PLZBoundaries'],['14167']
Basic-length Query,Display all Falkenberger Str. that are 10 km or longer.,[],['Falkenberger Str.']
Basic-length Query,Can you tell me the length of Qidong line in road?,['road'],['Qidong line']
Basic-length Query,What's the length of Berlin-Grenze in PLZBoundaries?,['PLZBoundaries'],['Berlin-Grenze']
Basic-length Query,How long is the historic Soldiner Str. (Wedding) in strassen?,['strassen'],['Soldiner Str. (Wedding)']
Basic-length Query,How long is strassen's Reinhardtstr. (Mitte)?,['strassen'],['Reinhardtstr. (Mitte)']
Basic-length Query,Can you tell me the length of strassen's Grunewaldstr. (Schöneberg)?,['strassen'],['Grunewaldstr. (Schöneberg)']
Basic-length Query,Can you furnish the exact length of Neuköllner Schiffahrtskanal in WStrassen?,['WStrassen'],['Neuköllner Schiffahrtskanal']
Basic-length Query,Display all Kleineweg that are 5 km or longer.,[],['Kleineweg']
Basic-length Query,Display all Rhenaniastr. that are 15 kilometer or longer.,[],['Rhenaniastr.']
Basic-length Query,Display all Straßmannstr. that are 20 km or longer.,[],['Straßmannstr.']
Basic-length Query,Could you enlighten me about the length of Gontardstr. in strassen?,['strassen'],['Gontardstr.']
Basic-length Query,Could you enlighten me about the length of RE3 in RBahn?,['RBahn'],['RE3']
Basic-length Query,Display all Vogelsdorfer Str. (Rüdersdorf) that are 10 km or longer.,[],['Vogelsdorfer Str. (Rüdersdorf)']
Basic-length Query,Please advise me on the exact length of Gongnong Road in road.,['road'],['Gongnong Road']
Basic-length Query,Can you provide details on the extent of Birkholzer Str. (Birkholz - Diedersdorf)?,[],['Birkholzer Str. (Birkholz - Diedersdorf)']
Basic-length Query,Please provide insights into the extent of Haussee|Suckow in Wasserumland2.,['Wasserumland2'],['Haussee|Suckow']
Basic-length Query,Can you tell me the length of Amrumer Str.?,[],['Amrumer Str.']
Basic-length Query,Wasserumland2's Doligowsee length?,['Wasserumland2'],['Doligowsee']
Basic-length Query,Could you provide the extent of S5 in SBahn?,['SBahn'],['S5']
Basic-length Query,Please provide insights into the distance of Tetzitzer See in Wasserumland2.,['Wasserumland2'],['Tetzitzer See']
Basic-length Query,Please provide insights into the extent of Brodowin - Parstein in Landstrassen.,['Landstrassen'],['Brodowin - Parstein']
Basic-length Query,Could you tell me the span of Aquarium in Sehenswuerdreg?,['Sehenswuerdreg'],['Aquarium']
Basic-length Query,Provide the length details of Amerika-Gedenkbibliothek's perimeter in Sehenswuerdreg.,['Sehenswuerdreg'],['Amerika-Gedenkbibliothek']
Basic-length Query,Please provide the length of Volkmarstr. in strassen.,['strassen'],['Volkmarstr.']
Basic-length Query,What's the extent of Heidekampgraben in WStrassen?,['WStrassen'],['Heidekampgraben']
Basic-length Query,Can you tell me the distance of Westhafenkanal in WStrassen?,['WStrassen'],['Westhafenkanal']
Basic-length Query,I'm interested in the total span of Malchower See in WFlaechen.,['WFlaechen'],['Malchower See']
Basic-length Query,How long is the ancient 13505 in PLZBoundaries?,['PLZBoundaries'],['13505']
Basic-length Query,Display all B209 that are 5 kilometers or longer.,[],['B209']
Basic-length Query,Provide the extent of strassen's Sömmeringstr..,['strassen'],['Sömmeringstr.']
Basic-length Query,How long is the picturesque Yaogu Avenue in road?,['road'],['Yaogu Avenue']
Basic-length Query,Please provide insights into the extent of Sacrow - Glienicker Brücke in Faehren.,['Faehren'],['Sacrow - Glienicker Brücke']
Basic-length Query,What's the distance along Babelsberger Str. (Potsdam) in Landstrassen?,['Landstrassen'],['Babelsberger Str. (Potsdam)']
Basic-length Query,Display all (Spreeuferweg) that are 5 kilometers or longer.,[],['(Spreeuferweg)']
Basic-length Query,Display all Birnenweg that are 10 kilometers or longer.,[],['Birnenweg']
Basic-length Query,Can you tell me how long RB35 is in RBahn?,['RBahn'],['RB35']
Basic-length Query,Could you provide the extent of Landstrassen2's Wallmow - Carmzow?,['Landstrassen2'],['Wallmow - Carmzow']
Basic-length Query,"Can you give me the dimensions of U12,U2 in UBahn?",['UBahn'],"['U12,U2']"
Basic-length Query,Please provide the extent of Wasserumland2's Templiner See.,['Wasserumland2'],['Templiner See']
Basic-length Query,Could you provide the exact length of Groß-Glienicke - Dallgow in Landstrassen?,['Landstrassen'],['Groß-Glienicke - Dallgow']
Basic-length Query,Can you tell me the length of Elsnigk - Reupzig?,[],['Elsnigk - Reupzig']
Basic-length Query,Please advise me on the length of 10961 in PLZBoundaries.,['PLZBoundaries'],['10961']
Basic-length Query,Display all B169 that are 25 kilometer or longer.,[],['B169']
Basic-length Query,"Please provide the extent of RB20,RB21 in RBahn.",['RBahn'],"['RB20,RB21']"
Basic-length Query,Could you provide the distance of road's Xuanwu Gate?,['road'],['Xuanwu Gate']
Basic-length Query,Can you provide details on the extent of Ützdorf - Bernau?,[],['Ützdorf - Bernau']
Basic-length Query,Please provide the exact extent of Henriette-Herz-Platz in strassen.,['strassen'],['Henriette-Herz-Platz']
Basic-length Query,Could you provide the length of Landstrassen's Rathenower Str. (Brandenburg)?,['Landstrassen'],['Rathenower Str. (Brandenburg)']
Basic-length Query,What's the extent of Faehren's F21 (Krampe)?,['Faehren'],['F21 (Krampe)']
Basic-length Query,Can you provide details on the extent of Ketzin (Havel) in Faehren?,['Faehren'],['Ketzin (Havel)']
Basic-length Query,Display all Franz-Mehring-Str. (Cottbus) that are 20 kilometers or longer.,[],['Franz-Mehring-Str. (Cottbus)']
Basic-length Query,Could you please enumerate the length of WFlaechen's Schlachtensee perimeter?,['WFlaechen'],['Schlachtensee']
Basic-length Query,How long is the winding Valentinswerder - Tegelort in Faehren?,['Faehren'],['Valentinswerder - Tegelort']
Basic-length Query,What's the extent of Wasserumland2's Unter-Uecker See?,['Wasserumland2'],['Unter-Uecker See']
Basic-length Query,Could you please provide the length details of (Stegelitz) - Warnitz-Fahrgastschifffahrt in Landstrassen2?,['Landstrassen2'],['(Stegelitz) - Warnitz-Fahrgastschifffahrt']
Basic-length Query,Can you tell me the distance of strassen's Alt-Lankwitz?,['strassen'],['Alt-Lankwitz']
Basic-length Query,Could you furnish the exact length of Faehren's Breitenhagen?,['Faehren'],['Breitenhagen']
Basic-length Query,Could you provide the length of 10829 in PLZBoundaries?,['PLZBoundaries'],['10829']
Basic-length Query,Could you tell me the distance of Landstrassen's Zanderstr. (B1/B102) (Brandenburg)?,['Landstrassen'],['Zanderstr. (B1/B102) (Brandenburg)']
Basic-length Query,Can you tell me the extent of Wuhle in WStrassen?,['WStrassen'],['Wuhle']
Basic-length Query,Can you provide details on the length of Blankenfelde - Rangsdorf?,[],['Blankenfelde - Rangsdorf']
Basic-length Query,Display all Ludwigkirchstr. that are 20 km or longer.,[],['Ludwigkirchstr.']
Basic-length Query,Provide the length details of Gosener Kanal's perimeter in WFlaechen.,['WFlaechen'],['Gosener Kanal']
Basic-length Query,Can you enlighten me about the length of RBahn's RB63?,['RBahn'],['RB63']
Basic-length Query,Display all Zhuangju Road that are 5 kilometers or longer.,[],['Zhuangju Road']
Basic-length Query,Can you provide insights into the length of Landstrassen2's Falkenwalde - Wollin?,['Landstrassen2'],['Falkenwalde - Wollin']
Basic-length Query,Could you enlighten me about the length of Binz - Saßnitz in Landstrassen2?,['Landstrassen2'],['Binz - Saßnitz']
Basic-length Query,WStrassen's Hohenzollernkanal length?,['WStrassen'],['Hohenzollernkanal']
Basic-length Query,Please tell me the distance of Landstrassen's Beethovenallee (Falkensee).,['Landstrassen'],['Beethovenallee (Falkensee)']
Basic-length Query,Can you provide the exact length of Werderscher Damm (Wildpark West - Kuhfort)?,[],['Werderscher Damm (Wildpark West - Kuhfort)']
Basic-length Query,How long is 10781 in PLZBoundaries?,['PLZBoundaries'],['10781']
Basic-length Query,Display all Jiangyi Road that are 20 kilometers or longer.,[],['Jiangyi Road']
Basic-length Query,"Please provide the extent of RE5,RB12,RB20 in RBahn.",['RBahn'],"['RE5,RB12,RB20']"
Basic-length Query,What's the length of Nordgraben in WStrassen?,['WStrassen'],['Nordgraben']
Basic-length Query,What's the total length of Erxiang Road in road?,['road'],['Erxiang Road']
Basic-length Query,I'm wondering about the overall length of Bertikower See in Wasserumland2.,['Wasserumland2'],['Bertikower See']
Basic-length Query,Can you provide the exact length of Tromper Wiek in Wasserumland2?,['Wasserumland2'],['Tromper Wiek']
Basic-length Query,What's the distance of Wasserumland2's Großer Kastavensee?,['Wasserumland2'],['Großer Kastavensee']
Basic-length Query,Display all Herthaplatz that are 15 kilometer or longer.,[],['Herthaplatz']
Basic-length Query,Display all Schönfließ - Summt that are 25 kilometers or longer.,[],['Schönfließ - Summt']
Basic-length Query,Display all Straße zum Löwen that are 20 kilometers or longer.,[],['Straße zum Löwen']
Basic-length Query,Please provide insights into the length of 14109 in PLZBoundaries.,['PLZBoundaries'],['14109']
Basic-length Query,Could you furnish the exact length of SBahn's S5?,['SBahn'],['S5']
Basic-length Query,Can you furnish the exact length of Nordgraben in WStrassen?,['WStrassen'],['Nordgraben']
Basic-length Query,How long is the charming RE5 in RBahn?,['RBahn'],['RE5']
Basic-length Query,How long is the charming Schaproder Bodden in Wasserumland2?,['Wasserumland2'],['Schaproder Bodden']
Basic-length Query,Could you provide the length of UBahn's U9?,['UBahn'],['U9']
Basic-length Query,"What's the extent of RBahn's RE5,RB14?",['RBahn'],"['RE5,RB14']"
Basic-length Query,"What is the overall length of U12,U2 in UBahn?",['UBahn'],"['U12,U2']"
Basic-length Query,Could you please provide the length details of 10967 in PLZBoundaries?,['PLZBoundaries'],['10967']
Basic-length Query,Could you kindly furnish me with the length details of WStrassen's Charlottenburger Verbindungskanal?,['WStrassen'],['Charlottenburger Verbindungskanal']
Basic-length Query,Could you provide details on the length of Langengrassau in Landstrassen2?,['Landstrassen2'],['Langengrassau']
Basic-length Query,"Can you provide the exact length of S5,S7,S75,S9 in SBahn?",['SBahn'],"['S5,S7,S75,S9']"
Basic-length Query,Could you tell me the length of Biesenthal - Lanke in Landstrassen?,['Landstrassen'],['Biesenthal - Lanke']
Basic-length Query,How long is the bustling Großer Gollinsee in Wasserumland2?,['Wasserumland2'],['Großer Gollinsee']
Basic-length Query,What's the total length of Neuendorf A - Bugenitz in Landstrassen2?,['Landstrassen2'],['Neuendorf A - Bugenitz']
Basic-length Query,Display all Grabensprung that are 5 kilometer or longer.,[],['Grabensprung']
Basic-length Query,Please advise me on the exact length of Düstersee in Wasserumland2.,['Wasserumland2'],['Düstersee']
Basic-length Query,Display all Shigu Road that are 20 kilometers or longer.,[],['Shigu Road']
Basic-length Query,What's the length of Landstrassen2's Frankenhain - Tröbitz?,['Landstrassen2'],['Frankenhain - Tröbitz']
Basic-length Query,"Length of RBahn's RE1,RE2,RE3,RE4,RE5?",['RBahn'],"['RE1,RE2,RE3,RE4,RE5']"
Basic-length Query,How long is the scenic RB13 in RBahn?,['RBahn'],['RB13']
Basic-length Query,How long is U5 in UBahn?,['UBahn'],['U5']
Basic-length Query,How long is the picturesque Tegeler Fließ in WStrassen?,['WStrassen'],['Tegeler Fließ']
Basic-length Query,Can you provide details on the length of Tanglong Road?,[],['Tanglong Road']
Basic-length Query,Can you provide insights into the extent of WStrassen's Flutgraben?,['WStrassen'],['Flutgraben']
Basic-length Query,"How long is the scenic S41,S42,S8 in SBahn?",['SBahn'],"['S41,S42,S8']"
Basic-length Query,How long is the majestic 10997 in PLZBoundaries?,['PLZBoundaries'],['10997']
Basic-length Query,Could you provide the exact length of Windry Bridge in road?,['road'],['Windry Bridge']
Basic-length Query,Can you provide the measurement of Neuköllner Schiffahrtskanal's length in WStrassen?,['WStrassen'],['Neuköllner Schiffahrtskanal']
Basic-length Query,Could you enumerate the length of Am Jungfernsee in Landstrassen?,['Landstrassen'],['Am Jungfernsee']
Basic-length Query,Display all B96 that are 10 km or longer.,[],['B96']
Basic-length Query,"What's the extent of RE5,RB24 in RBahn?",['RBahn'],"['RE5,RB24']"
Basic-length Query,How long is the picturesque Stahnsdorfer Damm (Kleinmachnow) in Landstrassen?,['Landstrassen'],['Stahnsdorfer Damm (Kleinmachnow)']
Basic-length Query,How long is the ancient Anyong Road in road?,['road'],['Anyong Road']
Basic-length Query,Can you enlighten me about the length of Wasserumland2's Spree?,['Wasserumland2'],['Spree']
Basic-length Query,Can you provide details on the extent of Hertelstr.?,[],['Hertelstr.']
Basic-length Query,Display all Paulinenaue - Pessin that are 5 kilometers or longer.,[],['Paulinenaue - Pessin']
Basic-length Query,Display all Andreasstr. that are 20 kilometers or longer.,[],['Andreasstr.']
Basic-length Query,WStrassen's Landwehrkanal length?,['WStrassen'],['Landwehrkanal']
Basic-length Query,How long is the charming Wuhle in WStrassen?,['WStrassen'],['Wuhle']
Basic-length Query,"Can you tell me the extent of RE1,RB60?",[],"['RE1,RB60']"
Basic-length Query,I'm wondering about the overall length of Rahnsdorfer Str. (Schöneiche) in Landstrassen.,['Landstrassen'],['Rahnsdorfer Str. (Schöneiche)']
Basic-length Query,Could you tell me the length of Neuhaus - Friedrichsfelde in Landstrassen2?,['Landstrassen2'],['Neuhaus - Friedrichsfelde']
Basic-length Query,What's the extent of RE1 in RBahn?,['RBahn'],['RE1']
Basic-length Query,Please tell me the extent of U7 in UBahn.,['UBahn'],['U7']
Basic-length Query,I'm wondering about the overall length of Boltensdorf - Korba in Landstrassen2.,['Landstrassen2'],['Boltensdorf - Korba']
Basic-length Query,Please advise me on the exact length of F10 (Wannsee) in Faehren.,['Faehren'],['F10 (Wannsee)']
Basic-length Query,What's the distance covered by 10997 in PLZBoundaries?,['PLZBoundaries'],['10997']
Basic-length Query,Display all Dorfstr. (Heinersdorf) that are 15 kilometers or longer.,[],['Dorfstr. (Heinersdorf)']
Basic-length Query,Display all (An der Krampe) that are 5 kilometers or longer.,[],['(An der Krampe)']
Basic-length Query,Please provide insights into the length of S1 in SBahn.,['SBahn'],['S1']
Basic-length Query,Display all Louis-Nathan-Str. (Potsdam) that are 15 km or longer.,[],['Louis-Nathan-Str. (Potsdam)']
Basic-length Query,Display all (Volkspark Friedrichshain) that are 25 km or longer.,[],['(Volkspark Friedrichshain)']
Basic-length Query,Please tell me the length of Wallstr. (Strausberg) in Landstrassen.,['Landstrassen'],['Wallstr. (Strausberg)']
Basic-length Query,Could you detail the length of Metropol's perimeter in Sehenswuerdreg?,['Sehenswuerdreg'],['Metropol']
Basic-length Query,How long is the charming Saatwinkel - Hakenfelde in Faehren?,['Faehren'],['Saatwinkel - Hakenfelde']
Basic-length Query,Display all Prinzessinnenstr. (Lichtenrade) that are 10 kilometers or longer.,[],['Prinzessinnenstr. (Lichtenrade)']
Basic-length Query,Please enumerate the dimensions of Charlottenburger Verbindungskanal in WStrassen.,['WStrassen'],['Charlottenburger Verbindungskanal']
Basic-length Query,Can you provide insights into the length of WStrassen's Tegeler Fließ?,['WStrassen'],['Tegeler Fließ']
Basic-length Query,What's the total length of Werderscher Damm (Wildpark West - Kuhfort) in Landstrassen?,['Landstrassen'],['Werderscher Damm (Wildpark West - Kuhfort)']
Basic-length Query,How long is the majestic Saatwinkel - Hakenfelde in Faehren?,['Faehren'],['Saatwinkel - Hakenfelde']
Basic-length Query,Could you tell me the total length of RE6 in RBahn?,['RBahn'],['RE6']
Basic-length Query,What's the distance of Dangui Road in road?,['road'],['Dangui Road']
Basic-length Query,Can you tell me how long B2: Potsdam - Lutherstadt Wittenberg is in Landstrassen?,['Landstrassen'],['B2: Potsdam - Lutherstadt Wittenberg']
Basic-length Query,Please provide insights into the extent of F23 (Kleiner Müggelsee) in Faehren.,['Faehren'],['F23 (Kleiner Müggelsee)']
Basic-length Query,"What is the extent of strassen's Fasanenstr. (Charlottenburg, Wilmersdorf)?",['strassen'],"['Fasanenstr. (Charlottenburg, Wilmersdorf)']"
Basic-length Query,Could you enlighten me about the length of (S-Bahn-Brücke) in strassen?,['strassen'],['(S-Bahn-Brücke)']
Basic-length Query,Can you outline the length of Bad Saarow - Wendisch Rietz in Landstrassen?,['Landstrassen'],['Bad Saarow - Wendisch Rietz']
Basic-length Query,What is the length of Wasserumland2's Koppelstrom?,['Wasserumland2'],['Koppelstrom']
Basic-length Query,Display all Alt-Kladow that are 15 kilometers or longer.,[],['Alt-Kladow']
Basic-length Query,Can you provide details on the length of S25 in SBahn?,['SBahn'],['S25']
Basic-length Query,Could you enlighten me about the extent of S5 in SBahn?,['SBahn'],['S5']
Basic-length Query,"Please tell me the length of Anklam, Altstadt in Landstrassen2.",['Landstrassen2'],"['Anklam, Altstadt']"
Basic-length Query,How long is the historic Fährsee in Wasserumland2?,['Wasserumland2'],['Fährsee']
Basic-length Query,How long is the vibrant S3 in SBahn?,['SBahn'],['S3']
Basic-length Query,"Can you provide details on the extent of S75,S9 in SBahn?",['SBahn'],"['S75,S9']"
Basic-length Query,"Can you provide insights into the length of U12,U15,U2 in UBahn?",['UBahn'],"['U12,U15,U2']"
Basic-length Query,Display all Im Domstift that are 15 kilometer or longer.,[],['Im Domstift']
Basic-length Query,How long is the vibrant 13505 in PLZBoundaries?,['PLZBoundaries'],['13505']
Basic-length Query,Can you tell me the distance of S1 in SBahn?,['SBahn'],['S1']
Basic-length Query,I'm wondering about the length of Linggusi Road in road.,['road'],['Linggusi Road']
Basic-length Query,How long is the meandering 12101 in PLZBoundaries?,['PLZBoundaries'],['12101']
Basic-length Query,Please provide insights into the distance of strassen's Luxemburger Str..,['strassen'],['Luxemburger Str.']
Basic-length Query,Display all Müggelschlößchenweg that are 5 kilometer or longer.,[],['Müggelschlößchenweg']
Basic-length Query,What's the extent of Augustaplatz in strassen?,['strassen'],['Augustaplatz']
Basic-length Query,Can you tell me the distance of Faehren's Aken?,['Faehren'],['Aken']
Basic-length Query,How long is the ancient Heidekampgraben in WStrassen?,['WStrassen'],['Heidekampgraben']
Basic-length Query,Please provide the exact extent of Waldsassener Str. in strassen.,['strassen'],['Waldsassener Str.']
Basic-length Query,Can you tell me the distance of Klein Friedenwalde - Groß Friedenwalde in Landstrassen2?,['Landstrassen2'],['Klein Friedenwalde - Groß Friedenwalde']
Basic-length Query,Display all John-Schehr-Str. that are 25 kilometer or longer.,[],['John-Schehr-Str.']
Basic-length Query,Display all Heidelberger Str. that are 25 kilometers or longer.,[],['Heidelberger Str.']
Basic-length Query,Can you furnish the exact length of Komturstr. in strassen?,['strassen'],['Komturstr.']
Basic-length Query,Provide the extent of UBahn's U9.,['UBahn'],['U9']
Basic-length Query,Could you provide the distance of Guanghua East Street in road?,['road'],['Guanghua East Street']
Basic-length Query,Please tell me the length of Tegeler Fließ in WStrassen.,['WStrassen'],['Tegeler Fließ']
Basic-length Query,"I'm wondering about the overall length of S46,S8 in SBahn.",['SBahn'],"['S46,S8']"
Basic-length Query,Can you provide details on the exact length of Hengshan Road?,[],['Hengshan Road']
Basic-length Query,Please provide the extent of U6 in UBahn.,['UBahn'],['U6']
Basic-length Query,How long is Viktoriastr. (Lichterfelde)?,[],['Viktoriastr. (Lichterfelde)']
Basic-length Query,Could you provide the distance of WStrassen's Spree?,['WStrassen'],['Spree']
Basic-length Query,What's the extent of Ketzin (Havel) in Faehren?,['Faehren'],['Ketzin (Havel)']
Basic-length Query,"What is the overall span of U12,U2 from its source to mouth in UBahn?",['UBahn'],"['U12,U2']"
Basic-length Query,Can you provide insights into the extent of UBahn's U6?,['UBahn'],['U6']
Basic-length Query,Can you tell me the extent of Spree in WStrassen?,['WStrassen'],['Spree']
Basic-length Query,Can you enlighten me about the extent of RBahn's RB21?,['RBahn'],['RB21']
Basic-length Query,Please give me the measurement of U15's length in UBahn.,['UBahn'],['U15']
Basic-length Query,What is the overall span of Zierker See from its source to mouth in Wasserumland2?,['Wasserumland2'],['Zierker See']
Basic-length Query,Can you enlighten me about the extent of Faehren's Räbel (Elbe)?,['Faehren'],['Räbel (Elbe)']
Basic-length Query,How long is the famous Ancient Spree in WStrassen?,['WStrassen'],['Spree']
Basic-length Query,How long is the iconic B97: Cottbus - Spremberg in Landstrassen?,['Landstrassen'],['B97: Cottbus - Spremberg']
Basic-length Query,What's the total length of Kangwen Road in road?,['road'],['Kangwen Road']
Basic-length Query,How long is the lively Neuköllner Schiffahrtskanal in WStrassen?,['WStrassen'],['Neuköllner Schiffahrtskanal']
Basic-length Query,"What is the extent of SBahn's S41,S42,S8?",['SBahn'],"['S41,S42,S8']"
Basic-length Query,How long is the meandering Tegeler Fließ in WStrassen?,['WStrassen'],['Tegeler Fließ']
Basic-length Query,How long is the winding Rätzsee in Wasserumland2?,['Wasserumland2'],['Rätzsee']
Basic-length Query,What is the total length of Scheelestr. in strassen?,['strassen'],['Scheelestr.']
Basic-length Query,Please provide insights into the length of S9 in SBahn.,['SBahn'],['S9']
Basic-length Query,How long is the lively RB43 in RBahn?,['RBahn'],['RB43']
Basic-length Query,Could you tell me the total length of Nangao East Road in road?,['road'],['Nangao East Road']
Basic-length Query,What is the overall length of B192 in Landstrassen2?,['Landstrassen2'],['B192']
Basic-length Query,Please advise me on the exact length of Berghofer Weg (Woltersdorf) in Landstrassen.,['Landstrassen'],['Berghofer Weg (Woltersdorf)']
Basic-length Query,"What is the total length of RE3,RE7,RB22 in RBahn?",['RBahn'],"['RE3,RE7,RB22']"
Basic-length Query,What's the distance of Wasserumland2's Große Wiek?,['Wasserumland2'],['Große Wiek']
Basic-length Query,"Provide the length details of RBahn's RE2,RB41,RB49.",['RBahn'],"['RE2,RB41,RB49']"
Basic-length Query,What is the overall length of Tromper Wiek in Wasserumland2?,['Wasserumland2'],['Tromper Wiek']
Basic-length Query,What's the length of SBahn's S7?,['SBahn'],['S7']
Basic-length Query,Please give me the measurement of S1's length in SBahn.,['SBahn'],['S1']
Basic-length Query,Could you provide the length of Landstrassen's Kagel?,['Landstrassen'],['Kagel']
Basic-length Query,Can you tell me the length of SBahn's S7?,['SBahn'],['S7']
Basic-length Query,Could you provide the length of RE3 in RBahn?,['RBahn'],['RE3']
Basic-length Query,What is the length of Wasserumland2's Großer Potzlowsee?,['Wasserumland2'],['Großer Potzlowsee']
Basic-length Query,How long is the scenic 13503 in PLZBoundaries?,['PLZBoundaries'],['13503']
Basic-length Query,Display all Landsberger Allee that are 25 km or longer.,[],['Landsberger Allee']
Basic-length Query,How long is the historic Kettinger Str. in strassen?,['strassen'],['Kettinger Str.']
Basic-length Query,Could you provide the length of Landstrassen's Sperenberg - Neuhof?,['Landstrassen'],['Sperenberg - Neuhof']
Basic-length Query,Display all Xingpu Road that are 5 km or longer.,[],['Xingpu Road']
Basic-length Query,"How long is the ancient S41,S42,S8 in SBahn?",['SBahn'],"['S41,S42,S8']"
Basic-length Query,"How long is the iconic S7,S75 in SBahn?",['SBahn'],"['S7,S75']"
Basic-length Query,Can you specify the length of U8 in UBahn?,['UBahn'],['U8']
Basic-length Query,Can you tell me the length of Damme - Eickstedt?,[],['Damme - Eickstedt']
Basic-length Query,What's the total span of Zotzensee in Wasserumland2?,['Wasserumland2'],['Zotzensee']
Basic-length Query,Could you tell me the distance of Faehren's Räbel (Elbe)?,['Faehren'],['Räbel (Elbe)']
Basic-length Query,Display all Gerostr. (Brandenburg) that are 5 kilometer or longer.,[],['Gerostr. (Brandenburg)']
Basic-length Query,Please advise me on the length of S7 in SBahn.,['SBahn'],['S7']
Basic-length Query,Can you provide the exact length of Bannemin - Peenemünde in Landstrassen2?,['Landstrassen2'],['Bannemin - Peenemünde']
Basic-length Query,How long is Wasserumland2's Bruchsee?,['Wasserumland2'],['Bruchsee']
Basic-length Query,How long is the picturesque 10997 in PLZBoundaries?,['PLZBoundaries'],['10997']
Basic-length Query,"Can you furnish the measurement of S5,S7,S75's main facade in SBahn?",['SBahn'],"['S5,S7,S75']"
Basic-length Query,Provide the length details of Rummelsburger See's perimeter in WFlaechen.,['WFlaechen'],['Rummelsburger See']
Basic-length Query,What is the extent of WStrassen's Panke?,['WStrassen'],['Panke']
Basic-length Query,Could you please furnish the specifications for the length of Quandong Road in road?,['road'],['Quandong Road']
Basic-length Query,Can you tell me the distance of PLZBoundaries's 14109?,['PLZBoundaries'],['14109']
Basic-length Query,Display all Groß-Glienicke - Dallgow that are 15 kilometer or longer.,[],['Groß-Glienicke - Dallgow']
Basic-length Query,Can you provide details on the length of Fenghuang South Road?,[],['Fenghuang South Road']
Basic-length Query,What's the length of Vorbergstr. in strassen?,['strassen'],['Vorbergstr.']
Basic-length Query,Could you furnish the exact length of Wasserumland2's Neuwarper See?,['Wasserumland2'],['Neuwarper See']
Basic-length Query,How long is the iconic Tegelort - Hakenfelde in Faehren?,['Faehren'],['Tegelort - Hakenfelde']
Basic-length Query,Could you furnish the exact length of UBahn's U4?,['UBahn'],['U4']
Basic-length Query,Please provide insights into the length of Landstrassen2's Groß Schönebeck - Kurtschlag.,['Landstrassen2'],['Groß Schönebeck - Kurtschlag']
Basic-length Query,Can you advise me on the length of 13503 in PLZBoundaries?,['PLZBoundaries'],['13503']
Basic-length Query,Display all U8 that are 5 kilometers or longer.,[],['U8']
Basic-length Query,"Can you provide the exact length of U12,U2 in UBahn?",['UBahn'],"['U12,U2']"
Basic-length Query,Can you tell me the distance of UBahn's U2?,['UBahn'],['U2']
Basic-length Query,Display all Pätz that are 25 kilometers or longer.,[],['Pätz']
Basic-length Query,Could you tell me the span of Theater des Westens in Sehenswuerdreg?,['Sehenswuerdreg'],['Theater des Westens']
Basic-length Query,Please advise me on the length of Beethovenallee (Falkensee) in Landstrassen.,['Landstrassen'],['Beethovenallee (Falkensee)']
Basic-length Query,"Could you provide the extent of RBahn's RE1,RB18?",['RBahn'],"['RE1,RB18']"
Basic-length Query,Can you specify the length of Wadzeckstr. in strassen?,['strassen'],['Wadzeckstr.']
Basic-length Query,Could you kindly furnish me with the length details of road's Ningyuan Road?,['road'],['Ningyuan Road']
Basic-length Query,Can you provide insights into the length of road's Gaoke 4th Road?,['road'],['Gaoke 4th Road']
Basic-length Query,What is the overall span of U7 from its source to mouth in UBahn?,['UBahn'],['U7']
Basic-length Query,Can you outline the length of Panke in WStrassen?,['WStrassen'],['Panke']
Basic-length Query,I'm interested in knowing the entire extent of U9 in UBahn.,['UBahn'],['U9']
Basic-length Query,"Can you provide insights into the length of UBahn's U12,U2?",['UBahn'],"['U12,U2']"
Basic-length Query,Can you provide insights into the extent of road's puchanglu?,['road'],['puchanglu']
Basic-length Query,How long is Lindenstr. (Hessenwinkel)?,[],['Lindenstr. (Hessenwinkel)']
Basic-length Query,What is the overall span of Aalemannufer from its source to mouth in Faehren?,['Faehren'],['Aalemannufer']
Basic-length Query,Display all Friedrich-Karl-Str. (Tempelhof) that are 20 kilometers or longer.,[],['Friedrich-Karl-Str. (Tempelhof)']
Basic-length Query,I'm interested in knowing the entire extent of Shengjiagang West Street in road.,['road'],['Shengjiagang West Street']
Basic-length Query,What is the overall length of F12 (Dahme) in Faehren?,['Faehren'],['F12 (Dahme)']
Basic-length Query,How long is the picturesque Bergstr. (Steglitz) in strassen?,['strassen'],['Bergstr. (Steglitz)']
Basic-length Query,Can you tell me the distance of strassen's (Uferweg - Parkweg)?,['strassen'],['(Uferweg - Parkweg)']
Basic-length Query,Please provide the length of U5 in UBahn.,['UBahn'],['U5']
Basic-length Query,Can you enlighten me about the extent of road's Qingshuitang Road?,['road'],['Qingshuitang Road']
Basic-length Query,Can you provide details on the extent of Kangju Road?,[],['Kangju Road']
Basic-length Query,"Can you provide details on the length of RB22,RB33 in RBahn?",['RBahn'],"['RB22,RB33']"
Basic-length Query,What is the extent of Wasserumland2's Müritz?,['Wasserumland2'],['Müritz']
Basic-length Query,Can you give me the dimensions of (Im Saatwinkel - Fähre) in strassen?,['strassen'],['(Im Saatwinkel - Fähre)']
Basic-length Query,Display all Hebbelstr. (Potsdam) that are 15 km or longer.,[],['Hebbelstr. (Potsdam)']
Basic-length Query,Could you tell me the total length of F24 (Spree) in Faehren?,['Faehren'],['F24 (Spree)']
Basic-length Query,I'm interested in the total span of Berliner Stadtforst Köpenick in Flaechen.,['Flaechen'],['Berliner Stadtforst Köpenick']
Basic-length Query,How long is the picturesque Hermannstr. (Neukölln) in strassen?,['strassen'],['Hermannstr. (Neukölln)']
Basic-length Query,What's the length of Shuangtang Road in road?,['road'],['Shuangtang Road']
Basic-length Query,Can you provide details on the extent of Datong Road?,[],['Datong Road']
Basic-length Query,Can you tell me the extent of Am Steinberg?,[],['Am Steinberg']
Basic-length Query,How long is the scenic Imchenallee in strassen?,['strassen'],['Imchenallee']
Basic-length Query,Could you tell me the span of Kongreßhalle in Sehenswuerdreg?,['Sehenswuerdreg'],['Kongreßhalle']
Basic-length Query,Provide the length details of road's Guanting Road.,['road'],['Guanting Road']
Basic-length Query,Could you provide the length of Am Wildpark (F2.2) (Potsdam) in Landstrassen?,['Landstrassen'],['Am Wildpark (F2.2) (Potsdam)']
Basic-length Query,Can you provide details on the extent of Hönow - Mehrow?,[],['Hönow - Mehrow']
Basic-length Query,Can you provide details on the extent of Fengshui Road in road?,['road'],['Fengshui Road']
Basic-length Query,Can you provide details on the extent of Str. des Friedens (Neuruppin)?,[],['Str. des Friedens (Neuruppin)']
Basic-length Query,How long is the meandering 14165 in PLZBoundaries?,['PLZBoundaries'],['14165']
Basic-length Query,What is the overall length of Britzer Zweigkanal in WStrassen?,['WStrassen'],['Britzer Zweigkanal']
Basic-length Query,Can you provide details on the exact length of Dongwu Road?,[],['Dongwu Road']
Basic-length Query,How long is the majestic Schleusenkanal in WStrassen?,['WStrassen'],['Schleusenkanal']
Basic-length Query,Please tell me the length of Aalemannufer in Faehren.,['Faehren'],['Aalemannufer']
Basic-length Query,Could you tell me the distance of Wasserumland2's Tietzowsee?,['Wasserumland2'],['Tietzowsee']
Basic-length Query,"What's the distance of Landstrassen's Falkensee, Bahnunterführung?",['Landstrassen'],"['Falkensee, Bahnunterführung']"
Basic-length Query,What's the total length of Eisenbahnstr. in strassen?,['strassen'],['Eisenbahnstr.']
Basic-length Query,Please provide insights into the extent of Jinghuai Street in road.,['road'],['Jinghuai Street']
Basic-length Query,What's the total length of Nordgraben in WStrassen?,['WStrassen'],['Nordgraben']
Basic-length Query,How long is the picturesque Hongshan Road in road?,['road'],['Hongshan Road']
Basic-length Query,How long is UBahn's U2?,['UBahn'],['U2']
Basic-length Query,Display all Russ. Kolonie (B2) (Potsdam) that are 10 kilometers or longer.,[],['Russ. Kolonie (B2) (Potsdam)']
Basic-length Query,Can you provide the exact length of Vitter Bodden?,[],['Vitter Bodden']
Basic-length Query,Can you enlighten me about the extent of Wasserumland2's Mündesee?,['Wasserumland2'],['Mündesee']
Basic-length Query,Display all Mölschow - Trassenheide that are 20 kilometers or longer.,[],['Mölschow - Trassenheide']
Basic-length Query,Display all Glindow - Lehnin that are 20 km or longer.,[],['Glindow - Lehnin']
Basic-length Query,Could you tell me the span of Nordhafen Spandau in WFlaechen?,['WFlaechen'],['Nordhafen Spandau']
Basic-length Query,Can you tell me the extent of Grünberger Str.?,[],['Grünberger Str.']
Basic-length Query,How long is the famous Ancient Canower See in Wasserumland2?,['Wasserumland2'],['Canower See']
Basic-length Query,Display all Wangenheimsteg that are 20 kilometer or longer.,[],['Wangenheimsteg']
Basic-length Query,Can you provide insights into the length of U9 in UBahn?,['UBahn'],['U9']
Basic-length Query,Please tell me the length of Rätzsee in Wasserumland2.,['Wasserumland2'],['Rätzsee']
Basic-length Query,Display all Dannenwalde - Blumenow that are 20 kilometers or longer.,[],['Dannenwalde - Blumenow']
Basic-length Query,What is the total length of RE3 in RBahn?,['RBahn'],['RE3']
Basic-length Query,Can you tell me the distance of U5 in UBahn?,['UBahn'],['U5']
Basic-length Query,Can you furnish the measurement of S1's main facade in SBahn?,['SBahn'],['S1']
Basic-length Query,I'm interested in knowing the entire extent of Koenigsallee in strassen.,['strassen'],['Koenigsallee']
Basic-length Query,How long is the majestic RB71 in RBahn?,['RBahn'],['RB71']
Basic-length Query,Provide the extent of Landstrassen's Rosa-Luxemburg-Str. (Frankfurt).,['Landstrassen'],['Rosa-Luxemburg-Str. (Frankfurt)']
Basic-length Query,Can you provide the exact length of Barby in Faehren?,['Faehren'],['Barby']
Basic-length Query,Could you tell me the span of Jürgenlanke in WFlaechen?,['WFlaechen'],['Jürgenlanke']
Basic-length Query,What's the total length of Siethen - Ahrensdorf in Landstrassen?,['Landstrassen'],['Siethen - Ahrensdorf']
Basic-length Query,I'm interested in the total span of Freizeit- und Erholungszentrum (FEZ) in Sehenswuerdreg.,['Sehenswuerdreg'],['Freizeit- und Erholungszentrum (FEZ)']
Basic-length Query,Please provide insights into the extent of Landstrassen's Jahnberge - Betzin.,['Landstrassen'],['Jahnberge - Betzin']
Basic-length Query,Please provide insights into the extent of WStrassen's Heidekampgraben.,['WStrassen'],['Heidekampgraben']
Basic-length Query,How long is the ancient Schönow - Buch in Landstrassen?,['Landstrassen'],['Schönow - Buch']
Basic-length Query,Could you tell me the span of Haus Bethanien in Sehenswuerdreg?,['Sehenswuerdreg'],['Haus Bethanien']
Basic-length Query,Please tell me the length of Grillendamm (Brandenburg) in Landstrassen.,['Landstrassen'],['Grillendamm (Brandenburg)']
Basic-length Query,Could you enumerate the length of F11 (Baumschulenstr. - Wilhelmstrand) in Faehren?,['Faehren'],['F11 (Baumschulenstr. - Wilhelmstrand)']
Basic-length Query,Please provide insights into the extent of RE3 in RBahn.,['RBahn'],['RE3']
Basic-length Query,"Can you provide insights into the extent of RE5,RB12,RB55 in RBahn?",['RBahn'],"['RE5,RB12,RB55']"
Basic-length Query,Can you provide insights into the length of Yuhua Bridge in road?,['road'],['Yuhua Bridge']
Basic-length Query,How long is Trakehner Allee?,[],['Trakehner Allee']
Basic-length Query,Could you provide the distance of strassen's Schirwindter Allee?,['strassen'],['Schirwindter Allee']
Basic-length Query,Could you tell me the total length of RB22 in RBahn?,['RBahn'],['RB22']
Basic-length Query,Could you tell me the distance of Faehren's F21 (Krampe)?,['Faehren'],['F21 (Krampe)']
Basic-length Query,Length of strassen's Donaustr.?,['strassen'],['Donaustr.']
Basic-length Query,Please advise me on the length of 10967 in PLZBoundaries.,['PLZBoundaries'],['10967']
Basic-length Query,Display all Wittenauer Str. that are 5 kilometer or longer.,[],['Wittenauer Str.']
Basic-length Query,"Please enumerate the dimensions of S2,S26 in SBahn.",['SBahn'],"['S2,S26']"
Basic-length Query,Could you tell me the total length of Hönower Weg (Dahlwitz-Hoppegarten) in Landstrassen?,['Landstrassen'],['Hönower Weg (Dahlwitz-Hoppegarten)']
Basic-length Query,Can you tell me the distance of road's G328?,['road'],['G328']
Basic-length Query,Can you provide details on the extent of Oranienburger Str. (Mitte)?,[],['Oranienburger Str. (Mitte)']
Basic-length Query,What's the total span of Strausberg - Garzau in Landstrassen?,['Landstrassen'],['Strausberg - Garzau']
Basic-length Query,Could you kindly furnish me with the length details of Faehren's F23 (Kleiner Müggelsee)?,['Faehren'],['F23 (Kleiner Müggelsee)']
Basic-length Query,How long is the meandering Graefestr. in strassen?,['strassen'],['Graefestr.']
Basic-length Query,"Can you specify the length of U12,U2 in UBahn?",['UBahn'],"['U12,U2']"
Basic-length Query,Can you provide the exact length of Barschelplatz in strassen?,['strassen'],['Barschelplatz']
Basic-length Query,How long is the bustling Ernst-Liesegang-Ufer in strassen?,['strassen'],['Ernst-Liesegang-Ufer']
Basic-length Query,How long is Philharmonie border line in Sehenswuerdreg?,['Sehenswuerdreg'],['Philharmonie']
Basic-length Query,Could you tell me the length of Prieros - Streganz Zieglerei in Landstrassen?,['Landstrassen'],['Prieros - Streganz Zieglerei']
Basic-length Query,What's the distance along Marie-Elisabeth-Lüders-Str. in strassen?,['strassen'],['Marie-Elisabeth-Lüders-Str.']
Basic-length Query,Could you kindly furnish me with the length details of Landstrassen2's Müllrose - Weichensdorf?,['Landstrassen2'],['Müllrose - Weichensdorf']
Basic-length Query,Can you tell me the length of Alt-Buckow?,[],['Alt-Buckow']
Basic-length Query,Provide the length details of Landstrassen's Eichenallee (Potsdam).,['Landstrassen'],['Eichenallee (Potsdam)']
Basic-length Query,Can you specify the length of Dujiang Road in road?,['road'],['Dujiang Road']
Basic-length Query,I'm wondering about the overall length of Sperenberg - Neuhof in Landstrassen.,['Landstrassen'],['Sperenberg - Neuhof']
Basic-length Query,Please advise me on the length of U7 in UBahn.,['UBahn'],['U7']
Basic-length Query,Please provide insights into the extent of Landstrassen2's Zechlinerhütte - Luhme.,['Landstrassen2'],['Zechlinerhütte - Luhme']
Basic-length Query,Can you provide details on the extent of 10965 in PLZBoundaries?,['PLZBoundaries'],['10965']
Basic-length Query,What's the extent of U7 in UBahn?,['UBahn'],['U7']
Basic-length Query,"Display all RE2,RB41,RB49 that are 15 kilometer or longer.",[],"['RE2,RB41,RB49']"
Basic-length Query,Length of SBahn's S75?,['SBahn'],['S75']
Basic-length Query,What is the overall span of B109/B110 from its source to mouth in Landstrassen2?,['Landstrassen2'],['B109/B110']
Basic-length Query,I'm interested in the total span of Staatsbibliothek in Sehenswuerdreg.,['Sehenswuerdreg'],['Staatsbibliothek']
Basic-length Query,Could you provide the extent of Faehren's Breitenhagen?,['Faehren'],['Breitenhagen']
Basic-length Query,Provide the length details of Der Weiße See's perimeter in WFlaechen.,['WFlaechen'],['Der Weiße See']
Basic-length Query,Could you enumerate the length of Heidekampgraben in WStrassen?,['WStrassen'],['Heidekampgraben']
Basic-length Query,Display all Heinersdorfer Str. (Weißensee) that are 5 km or longer.,[],['Heinersdorfer Str. (Weißensee)']
Basic-length Query,How long is Gedenkstätte Plötzensee border line in Sehenswuerdreg?,['Sehenswuerdreg'],['Gedenkstätte Plötzensee']
Basic-length Query,How long is the majestic S2 in SBahn?,['SBahn'],['S2']
Basic-length Query,What's the distance along U7 in UBahn?,['UBahn'],['U7']
Basic-length Query,Niedergörsdorf - Seyda in Landstrassen2 length?,['Landstrassen2'],['Niedergörsdorf - Seyda']
Basic-length Query,strassen's Melanchthonstr. (Tiergarten) length?,['strassen'],['Melanchthonstr. (Tiergarten)']
Basic-length Query,"How long is the famous Ancient S3,S5,S7,S75 in SBahn?",['SBahn'],"['S3,S5,S7,S75']"
Basic-length Query,How long is the historic Königs Wusterhausen - Storkow in Landstrassen?,['Landstrassen'],['Königs Wusterhausen - Storkow']
Basic-length Query,Could you provide the exact length of Shuangtang Garden in road?,['road'],['Shuangtang Garden']
Basic-length Query,Provide the length details of Gatower Heide's perimeter in Flaechen.,['Flaechen'],['Gatower Heide']
Basic-length Query,Can you provide details on the extent of Valentinswerder - Tegelort in Faehren?,['Faehren'],['Valentinswerder - Tegelort']
Basic-length Query,"Please provide the exact extent of S25,S26 in SBahn.",['SBahn'],"['S25,S26']"
Basic-length Query,Display all Maienwerder Weg that are 15 kilometers or longer.,[],['Maienwerder Weg']
Basic-length Query,strassen's Edelweißstr. length?,['strassen'],['Edelweißstr.']
Basic-length Query,Display all Schlabornsee that are 5 kilometers or longer.,[],['Schlabornsee']
Basic-length Query,"Can you give me the dimensions of RE6,RB20,RB55 in RBahn?",['RBahn'],"['RE6,RB20,RB55']"
Basic-length Query,Could you furnish the exact length of UBahn's U4?,['UBahn'],['U4']
Basic-length Query,"How long is the lively S25,S26 in SBahn?",['SBahn'],"['S25,S26']"
Basic-length Query,How long is the meandering Rosslau - Coswig in RBahn?,['RBahn'],['Rosslau - Coswig']
Basic-length Query,Display all Zhendong Road that are 15 kilometers or longer.,[],['Zhendong Road']
Basic-length Query,Display all Thuyring that are 25 km or longer.,[],['Thuyring']
Basic-length Query,Please provide the extent of SBahn's S25.,['SBahn'],['S25']
Basic-length Query,Please advise me on the length of Caputh (Havel) in Faehren.,['Faehren'],['Caputh (Havel)']
Basic-length Query,"Please provide insights into the distance of UBahn's U1,U12,U15,U2.",['UBahn'],"['U1,U12,U15,U2']"
Basic-length Query,Could you enlighten me about the extent of B79 in Landstrassen2?,['Landstrassen2'],['B79']
Basic-length Query,Can you provide the exact length of Blankenfelder Weg (Glasow)?,[],['Blankenfelder Weg (Glasow)']
Basic-length Query,How long is the scenic Breitenhagen in Faehren?,['Faehren'],['Breitenhagen']
Basic-length Query,What's the length of SBahn's S26?,['SBahn'],['S26']
Basic-length Query,Please provide the distance of WStrassen's Spree.,['WStrassen'],['Spree']
Basic-length Query,How long is the iconic (bei Götschendorf) in Landstrassen2?,['Landstrassen2'],['(bei Götschendorf)']
Basic-length Query,Can you furnish the measurement of Regattastr.'s main facade in strassen?,['strassen'],['Regattastr.']
Basic-length Query,Could you provide the exact length of Dongbaicai Garden in road?,['road'],['Dongbaicai Garden']
Basic-length Query,Can you provide insights into the extent of Wasserumland2's Großer Werder?,['Wasserumland2'],['Großer Werder']
Basic-length Query,Could you provide details on the length of Schütte-Lanz-Str. in strassen?,['strassen'],['Schütte-Lanz-Str.']
Basic-length Query,What's the distance covered by S9 in SBahn?,['SBahn'],['S9']
Basic-length Query,I'm interested in the total span of Hundekehlesee in WFlaechen.,['WFlaechen'],['Hundekehlesee']
Basic-length Query,Display all Koppenplatz that are 25 km or longer.,[],['Koppenplatz']
Basic-length Query,Display all Bellevuestr. (Tiergarten) that are 20 kilometer or longer.,[],['Bellevuestr. (Tiergarten)']
Basic-length Query,How long is Franckepark border line in Flaechen?,['Flaechen'],['Franckepark']
Basic-length Query,Please advise me on the length of B185 - Quellendorf in Landstrassen2.,['Landstrassen2'],['B185 - Quellendorf']
Basic-length Query,What is the overall length of S7 in SBahn?,['SBahn'],['S7']
Basic-length Query,Please enumerate the dimensions of B96 in Landstrassen2.,['Landstrassen2'],['B96']
Basic-length Query,Can you provide details on the extent of Anyong Road in road?,['road'],['Anyong Road']
Basic-length Query,What is the total length of Huangsi Road in road?,['road'],['Huangsi Road']
Basic-length Query,Can you give me the dimensions of Gaoke 10th Road in road?,['road'],['Gaoke 10th Road']
Basic-length Query,What's the length of Wasserumland2's Zalew Kamienski?,['Wasserumland2'],['Zalew Kamienski']
Basic-length Query,Display all Fritz-Schiff-Weg that are 25 kilometers or longer.,[],['Fritz-Schiff-Weg']
Basic-length Query,How long is the picturesque Graefestr. in strassen?,['strassen'],['Graefestr.']
Basic-length Query,"How long is the historic RE5,RB49 in RBahn?",['RBahn'],"['RE5,RB49']"
Basic-length Query,Display all Moritzplatz that are 5 kilometer or longer.,[],['Moritzplatz']
Basic-length Query,Display all Fuhougang that are 15 kilometer or longer.,[],['Fuhougang']
Basic-length Query,Can you furnish the measurement of 14167's main facade in PLZBoundaries?,['PLZBoundaries'],['14167']
Basic-length Query,How long is Wasserumland2's Elbe?,['Wasserumland2'],['Elbe']
Basic-length Query,Display all Jörsstr. that are 5 kilometer or longer.,[],['Jörsstr.']
Basic-length Query,How long is road's Jintang line?,['road'],['Jintang line']
Basic-length Query,Can you provide details on the exact length of Nordgraben in WStrassen?,['WStrassen'],['Nordgraben']
Basic-length Query,What is the overall span of Ihleburg - Bergzow from its source to mouth in Landstrassen2?,['Landstrassen2'],['Ihleburg - Bergzow']
Basic-length Query,Can you tell me the distance of Faehren's F11 (Baumschulenstr. - Wilhelmstrand)?,['Faehren'],['F11 (Baumschulenstr. - Wilhelmstrand)']
Basic-length Query,Can you tell me the extent of Karl-Marx-Str. (Neuruppin)?,[],['Karl-Marx-Str. (Neuruppin)']
Basic-length Query,What is the overall span of S47 from its source to mouth in SBahn?,['SBahn'],['S47']
Basic-length Query,Could you tell me the total length of 13587 in PLZBoundaries?,['PLZBoundaries'],['13587']
Basic-length Query,Can you provide insights into the extent of Faehren's F21 (Krampe)?,['Faehren'],['F21 (Krampe)']
Basic-length Query,Display all Xiaoying Road that are 25 km or longer.,[],['Xiaoying Road']
Basic-length Query,Can you provide the exact length of Groß Rosenburg in Faehren?,['Faehren'],['Groß Rosenburg']
Basic-length Query,Display all Rosenthaler Weg that are 5 kilometer or longer.,[],['Rosenthaler Weg']
Basic-length Query,"Length of RBahn's RE2,RB13?",['RBahn'],"['RE2,RB13']"
Basic-length Query,Can you provide details on the length of Blockdammweg?,[],['Blockdammweg']
Basic-length Query,"Please provide insights into the length of SBahn's S2,S26.",['SBahn'],"['S2,S26']"
Basic-length Query,Could you tell me the total length of Bernauer Str. (Tegel) in strassen?,['strassen'],['Bernauer Str. (Tegel)']
Basic-length Query,"Can you provide details on the extent of S1,S2,S25,S26 in SBahn?",['SBahn'],"['S1,S2,S25,S26']"
Basic-length Query,"Please provide the length of S46,S47 in SBahn.",['SBahn'],"['S46,S47']"
Basic-length Query,Could you please enumerate the length of Flaechen's Lietzenseepark perimeter?,['Flaechen'],['Lietzenseepark']
Basic-length Query,Can you provide details on the exact length of Fehlerstr.?,[],['Fehlerstr.']
Basic-length Query,What is the overall length of RB20 in RBahn?,['RBahn'],['RB20']
Basic-length Query,What's the distance covered by Neuköllner Schiffahrtskanal in WStrassen?,['WStrassen'],['Neuköllner Schiffahrtskanal']
Basic-length Query,What is the total length of Hagensche Wiek in Wasserumland2?,['Wasserumland2'],['Hagensche Wiek']
Basic-length Query,Can you furnish the exact length of U5 in UBahn?,['UBahn'],['U5']
Basic-length Query,What's the length of Caputh (Havel) in Faehren?,['Faehren'],['Caputh (Havel)']
Basic-length Query,Can you tell me the distance of PLZBoundaries's 10965?,['PLZBoundaries'],['10965']
Basic-length Query,Please give me the measurement of (Zinnowitz)'s length in Landstrassen2.,['Landstrassen2'],['(Zinnowitz)']
Basic-length Query,How long is the charming Spree in WStrassen?,['WStrassen'],['Spree']
Basic-length Query,I'm interested in the total span of Heiligensee in WFlaechen.,['WFlaechen'],['Heiligensee']
Basic-length Query,How long is Kolochau - Schönewalde?,[],['Kolochau - Schönewalde']
Basic-length Query,Display all Nauener Str. that are 15 kilometers or longer.,[],['Nauener Str.']
Basic-length Query,Display all Berliner Str. (Blankenfelde) that are 10 kilometers or longer.,[],['Berliner Str. (Blankenfelde)']
Basic-length Query,Display all Ferdinand-Friedensburg-Platz that are 25 kilometer or longer.,[],['Ferdinand-Friedensburg-Platz']
Basic-length Query,Can you provide details on the length of Fritz-Reuter-Allee?,[],['Fritz-Reuter-Allee']
Basic-length Query,Can you specify the length of Plessa - Wainsdorf in Landstrassen2?,['Landstrassen2'],['Plessa - Wainsdorf']
Basic-length Query,Can you specify the length of S25 in SBahn?,['SBahn'],['S25']
Basic-length Query,Could you provide the extent of 10969 in PLZBoundaries?,['PLZBoundaries'],['10969']
Basic-length Query,Can you tell me the extent of Stendaler Str. (Hellersdorf)?,[],['Stendaler Str. (Hellersdorf)']
Basic-length Query,Could you enlighten me about the extent of 12047 in PLZBoundaries?,['PLZBoundaries'],['12047']
Basic-length Query,Please enumerate the dimensions of Hohenzollernkanal in WStrassen.,['WStrassen'],['Hohenzollernkanal']
Basic-length Query,Provide the length details of Volkspark Schönholzer Heide's perimeter in Flaechen.,['Flaechen'],['Volkspark Schönholzer Heide']
Basic-length Query,Please provide insights into the distance of Kurzlipsdorf - Kaltenborn in Landstrassen2.,['Landstrassen2'],['Kurzlipsdorf - Kaltenborn']
Basic-length Query,Could you please provide the length details of Fähre nach Lindwerder in Faehren?,['Faehren'],['Fähre nach Lindwerder']
Basic-length Query,Please provide the distance of SBahn's S25.,['SBahn'],['S25']
Basic-length Query,"Could you provide the distance of RE5,RB49 in RBahn?",['RBahn'],"['RE5,RB49']"
Basic-length Query,Provide the length details of WStrassen's Spree.,['WStrassen'],['Spree']
Distance Join Query,Locate the Orte2 that are within a 1 - mile radius of each WFlaechen.,"['Orte2', 'WFlaechen']",[]
Distance Join Query,"Find the closest poi to each SBahnhof, considering a maximum distance of 1 miles.","['poi', 'SBahnhof']",[]
Distance Join Query,Can you suggest any Landstrassen within 1 kilometers of each Plaetze?,"['Landstrassen', 'Plaetze']",[]
Distance Join Query,What Kneipen are available within 1 kilometers of each Kinos?,"['Kneipen', 'Kinos']",[]
Distance Join Query,Provide a list of Flaechen that are within 1 kilometers of each SBahnhof.,"['Flaechen', 'SBahnhof']",[]
Distance Join Query,Find the distance between Gehsener Str. to Funkturm in Sehenswuerdpoi2.,['Sehenswuerdpoi2'],"['Gehsener Str.', 'Funkturm']"
Distance Join Query,Provide a list of WFlaechen that are within 3 kilometers of each Sehenswuerdreg.,"['WFlaechen', 'Sehenswuerdreg']",[]
Distance Join Query,Sehenswuerdreg within 2km of each Kinos?,"['Sehenswuerdreg', 'Kinos']",[]
Distance Join Query,Can you suggest any Restaurants within 2 kilometers of each WStrassen?,"['Restaurants', 'WStrassen']",[]
Distance Join Query,What is the distance from Schloß Bellevue to Peene in Wasserumland2.,['Wasserumland2'],"['Schloß Bellevue', 'Peene']"
Distance Join Query,"Find the closest Sehenswuerdpoi2 to each Landstrassen, considering a maximum distance of 5 miles.","['Sehenswuerdpoi2', 'Landstrassen']",[]
Distance Join Query,Can you recommend any Sehenswuerdreg within 1 kilometers of each UBahnhof?,"['Sehenswuerdreg', 'UBahnhof']",[]
Distance Join Query,List Restaurants within 3 kilometers of each Flaechen.,"['Restaurants', 'Flaechen']",[]
Distance Join Query,Provide a list of WFlaechen that are within 3 kilometers of each Restaurants.,"['WFlaechen', 'Restaurants']",[]
Distance Join Query,SBahn within 2km of each Wasserumland2?,"['SBahn', 'Wasserumland2']",[]
Distance Join Query,Determine the travel time from Qidong line to Mettmannplatz in Plaetze.,['Plaetze'],"['Qidong line', 'Mettmannplatz']"
Distance Join Query,Can you recommend any Flaechen within 3 kilometer of each Orte2?,"['Flaechen', 'Orte2']",[]
Distance Join Query,Determine the travel time from Crellestr. to Oranienburg in SBahnhof.,['SBahnhof'],"['Crellestr.', 'Oranienburg']"
Distance Join Query,Sehenswuerdpoi2 near each Restaurants within 2km?,"['Sehenswuerdpoi2', 'Restaurants']",[]
Distance Join Query,Provide a list of Flaechen that are within 3 kilometers of each Sehenswuerdreg.,"['Flaechen', 'Sehenswuerdreg']",[]
Distance Join Query,Can you recommend any SBahn within 4 kilometer of each WFlaechen?,"['SBahn', 'WFlaechen']",[]
Distance Join Query,I'm interested in knowing the nearby Faehren are within 1 kilometer of each UBahn.,"['Faehren', 'UBahn']",[]
Distance Join Query,Could you provide information on the SBahn within 3 kilometers of each Sehenswuerdreg?,"['SBahn', 'Sehenswuerdreg']",[]
Distance Join Query,Identify the Sehenswuerdreg within 5 kilometers of each Flaechen.,"['Sehenswuerdreg', 'Flaechen']",[]
Distance Join Query,List the walking distance from Lindenberg - Neu-Lübbenau to Peense-Südkanal in Wasserumland2.,['Wasserumland2'],"['Lindenberg - Neu-Lübbenau', 'Peense-Südkanal']"
Distance Join Query,Show me the Sehenswuerdreg within 3 kilometers of each WFlaechen.,"['Sehenswuerdreg', 'WFlaechen']",[]
Distance Join Query,What UBahn are available within 1 kilometers of each PLZBoundaries?,"['UBahn', 'PLZBoundaries']",[]
Distance Join Query,Can you suggest any Flaechen within 3 kilometers of each RBahn?,"['Flaechen', 'RBahn']",[]
Distance Join Query,Which Restaurants are within a 4 kilometer radius of each Flaechen?,"['Restaurants', 'Flaechen']",[]
Distance Join Query,What are road within 4 kilometers of each RBahn?,"['road', 'RBahn']",[]
Distance Join Query,Calculate the driving distance from Zitadelle to Kant-Kino in Kinos.,['Kinos'],"['Zitadelle', 'Kant-Kino']"
Distance Join Query,What Sehenswuerdreg are available within 5 kilometers of each RBahnhof?,"['Sehenswuerdreg', 'RBahnhof']",[]
Distance Join Query,What is the travel time from Kölpinsee to Humboldt-Universität in Sehenswuerdreg.,['Sehenswuerdreg'],"['Kölpinsee', 'Humboldt-Universität']"
Distance Join Query,"Which RBahn can be found within close proximity to each Sehenswuerdreg, within a 3 kilometer radius?","['RBahn', 'Sehenswuerdreg']",[]
Distance Join Query,List WFlaechen within 2 kilometers of each Sehenswuerdreg.,"['WFlaechen', 'Sehenswuerdreg']",[]
Distance Join Query,Determine the travel time from Märkisches Museum to Forum Steglitz in Sehenswuerdpoi2.,['Sehenswuerdpoi2'],"['Märkisches Museum', 'Forum Steglitz']"
Distance Join Query,Please provide a list of Sehenswuerdpoi that are within 1 kilometers of each WFlaechen.,"['Sehenswuerdpoi', 'WFlaechen']",[]
Distance Join Query,What Flaechen are situated within 5 kilometer of each WFlaechen?,"['Flaechen', 'WFlaechen']",[]
Distance Join Query,I'm interested in knowing the nearby RBahn are within 4 kilometer of each SBahn.,"['RBahn', 'SBahn']",[]
Distance Join Query,Find the distance between (Parkplatz Deutschlandhalle) to Korswandt in Orte2.,['Orte2'],"['(Parkplatz Deutschlandhalle)', 'Korswandt']"
Distance Join Query,Calculate the driving distance from Tuk-Tuk to B104: Teterow - Neubrandenburg in Landstrassen2.,['Landstrassen2'],"['Tuk-Tuk', 'B104: Teterow - Neubrandenburg']"
Distance Join Query,Are there any Kneipen within 2 kilometers of each SBahnhof?,"['Kneipen', 'SBahnhof']",[]
Distance Join Query,List the walking distance from Glienicker Lake to F21 (Krampe) in Faehren.,['Faehren'],"['Glienicker Lake', 'F21 (Krampe)']"
Distance Join Query,Can you recommend any UBahnhof within 4 kilometers of each strassen?,"['UBahnhof', 'strassen']",[]
Distance Join Query,Could you provide information on the SBahn within 2 kilometers of each Kinos?,"['SBahn', 'Kinos']",[]
Distance Join Query,Can you suggest any Sehenswuerdreg within 1 kilometers of each Orte2?,"['Sehenswuerdreg', 'Orte2']",[]
Distance Join Query,Please provide a list of WFlaechen that are within 4 kilometers of each poi.,"['WFlaechen', 'poi']",[]
Distance Join Query,Which WFlaechen are within 4 kilometer of each Kinos?,"['WFlaechen', 'Kinos']",[]
Distance Join Query,List the walking distance from Deutsches Theater to RB35 in RBahn.,['RBahn'],"['Deutsches Theater', 'RB35']"
Distance Join Query,"Find the closest Restaurants to each WFlaechen, considering a maximum distance of 4 miles.","['Restaurants', 'WFlaechen']",[]
Distance Join Query,List the walking distance from Seefeld to Panke in WStrassen.,['WStrassen'],"['Seefeld', 'Panke']"
Distance Join Query,"Which Sehenswuerdpoi2 can be found within close proximity to each strassen, within a 1 kilometer radius?","['Sehenswuerdpoi2', 'strassen']",[]
Distance Join Query,Which Flaechen are within a 3 kilometer radius of each UBahn?,"['Flaechen', 'UBahn']",[]
Distance Join Query,UBahn near each Flaechen within 3km?,"['UBahn', 'Flaechen']",[]
Distance Join Query,What Plaetze are available within 1 kilometers of each Sehenswuerdreg?,"['Plaetze', 'Sehenswuerdreg']",[]
Distance Join Query,Calculate the driving distance from Gandenitz to Taiping South Road in road.,['road'],"['Gandenitz', 'Taiping South Road']"
Distance Join Query,RBahnhof within 2km of each WFlaechen?,"['RBahnhof', 'WFlaechen']",[]
Distance Join Query,Find the distance between Gutspark Britz to U2 in UBahn.,['UBahn'],"['Gutspark Britz', 'U2']"
Distance Join Query,Show me the WFlaechen within 1 kilometers of each Sehenswuerdreg.,"['WFlaechen', 'Sehenswuerdreg']",[]
Distance Join Query,What is the distance from Friedrichsruher Str. (Schmargendorf) to Großer Wannsee in WFlaechen.,['WFlaechen'],"['Friedrichsruher Str. (Schmargendorf)', 'Großer Wannsee']"
Distance Join Query,What Sehenswuerdpoi2 are available within 5 kilometers of each WFlaechen?,"['Sehenswuerdpoi2', 'WFlaechen']",[]
Distance Join Query,What UBahnhof are situated within 4 kilometer of each SBahn?,"['UBahnhof', 'SBahn']",[]
Distance Join Query,I'm interested in knowing the nearby SBahn are within 4 kilometer of each Wasserumland2.,"['SBahn', 'Wasserumland2']",[]
Distance Join Query,Which Landstrassen are within 2 kilometer of each Faehren?,"['Landstrassen', 'Faehren']",[]
Distance Join Query,Can you recommend any UBahn within 3 kilometer of each Sehenswuerdreg?,"['UBahn', 'Sehenswuerdreg']",[]
Distance Join Query,Which Sehenswuerdpoi are within 4 kilometer of each RBahn?,"['Sehenswuerdpoi', 'RBahn']",[]
Distance Join Query,List Flaechen within 4 kilometers of each Sehenswuerdreg.,"['Flaechen', 'Sehenswuerdreg']",[]
Distance Join Query,Which Landstrassen2 are located within 5 kilometer of each WFlaechen?,"['Landstrassen2', 'WFlaechen']",[]
Distance Join Query,Can you recommend any Sehenswuerdpoi within 1 kilometers of each SBahn?,"['Sehenswuerdpoi', 'SBahn']",[]
Distance Join Query,Which Kneipen are within 4 kilometer of each Landstrassen2?,"['Kneipen', 'Landstrassen2']",[]
Distance Join Query,strassen near each WFlaechen within 1km?,"['strassen', 'WFlaechen']",[]
Distance Join Query,Please provide a list of Sehenswuerdreg that are within 2 kilometers of each WFlaechen.,"['Sehenswuerdreg', 'WFlaechen']",[]
Distance Join Query,Determine the travel time from Flughafen Berlin-Schönefeld to Tantow in RBahnhof.,['RBahnhof'],"['Flughafen Berlin-Schönefeld', 'Tantow']"
Distance Join Query,Which road are within a 5 kilometer radius of each Sehenswuerdreg?,"['road', 'Sehenswuerdreg']",[]
Distance Join Query,What WFlaechen are within 4 kilometer of each poi?,"['WFlaechen', 'poi']",[]
Distance Join Query,Can you suggest any Restaurants within 5 kilometers of each Sehenswuerdreg?,"['Restaurants', 'Sehenswuerdreg']",[]
Distance Join Query,Can you recommend any WStrassen within 5 kilometer of each WFlaechen?,"['WStrassen', 'WFlaechen']",[]
Distance Join Query,What are UBahnhof within 1 kilometers of each road?,"['UBahnhof', 'road']",[]
Distance Join Query,Please provide a list of PLZBoundaries that are within 4 kilometers of each Orte2.,"['PLZBoundaries', 'Orte2']",[]
Distance Join Query,Which Kinos are located within 1 kilometer of each road?,"['Kinos', 'road']",[]
Distance Join Query,Can you provide the flight distance from Hermann-Hesse-Str. to Kaiserin-Augusta-Str. in UBahnhof.,['UBahnhof'],"['Hermann-Hesse-Str.', 'Kaiserin-Augusta-Str.']"
Distance Join Query,Identify the Flaechen within 2 kilometers of each SBahn.,"['Flaechen', 'SBahn']",[]
Distance Join Query,poi near each Sehenswuerdreg within 5km?,"['poi', 'Sehenswuerdreg']",[]
Distance Join Query,What are SBahn within 4 kilometers of each WStrassen?,"['SBahn', 'WStrassen']",[]
Distance Join Query,Which Faehren are within a 3 kilometer radius of each RBahn?,"['Faehren', 'RBahn']",[]
Distance Join Query,List the walking distance from Klapsmühle to Nickelodeon in Kinos.,['Kinos'],"['Klapsmühle', 'Nickelodeon']"
Distance Join Query,Calculate the driving distance from Alibi Bar to Damerow in Orte2.,['Orte2'],"['Alibi Bar', 'Damerow']"
Distance Join Query,Are there any poi within 4 kilometers of each Sehenswuerdpoi2?,"['poi', 'Sehenswuerdpoi2']",[]
Distance Join Query,Determine the travel time from Schernsdorf - Mixdorf to Späthstr. in strassen.,['strassen'],"['Schernsdorf - Mixdorf', 'Späthstr.']"
Distance Join Query,Could you provide information on the Kinos within 4 kilometers of each Sehenswuerdreg?,"['Kinos', 'Sehenswuerdreg']",[]
Distance Join Query,I'm interested in knowing the nearby RBahnhof are within 3 kilometer of each WFlaechen.,"['RBahnhof', 'WFlaechen']",[]
Distance Join Query,List the walking distance from Dohnagestell to Columbiahalle in Sehenswuerdpoi2.,['Sehenswuerdpoi2'],"['Dohnagestell', 'Columbiahalle']"
Distance Join Query,List WStrassen within 5 kilometers of each Plaetze.,"['WStrassen', 'Plaetze']",[]
Distance Join Query,List Orte2 within 1 kilometers of each Landstrassen.,"['Orte2', 'Landstrassen']",[]
Distance Join Query,List RBahnhof within 2 kilometers of each Faehren.,"['RBahnhof', 'Faehren']",[]
Distance Join Query,"Which Sehenswuerdreg can be found within close proximity to each Plaetze, within a 4 kilometer radius?","['Sehenswuerdreg', 'Plaetze']",[]
Distance Join Query,Can you suggest any WFlaechen within 4 kilometers of each road?,"['WFlaechen', 'road']",[]
Distance Join Query,What Sehenswuerdreg are situated within 1 kilometer of each RBahn?,"['Sehenswuerdreg', 'RBahn']",[]
Distance Join Query,What WFlaechen are within 1 kilometer of each Landstrassen2?,"['WFlaechen', 'Landstrassen2']",[]
Distance Join Query,Which road are within 1 kilometer of each Sehenswuerdreg?,"['road', 'Sehenswuerdreg']",[]
Distance Join Query,"Find the closest WFlaechen to each Sehenswuerdpoi2, considering a maximum distance of 4 miles.","['WFlaechen', 'Sehenswuerdpoi2']",[]
Distance Join Query,Which Flaechen can be found near each road within 2 kilometer?,"['Flaechen', 'road']",[]
Distance Join Query,Are there any Sehenswuerdpoi within 2 kilometers of each SBahnhof?,"['Sehenswuerdpoi', 'SBahnhof']",[]
Distance Join Query,Which Wasserumland2 are located within 3 kilometer of each road?,"['Wasserumland2', 'road']",[]
Distance Join Query,"Which RBahnhof can be found within close proximity to each Flaechen, within a 2 kilometer radius?","['RBahnhof', 'Flaechen']",[]
Distance Join Query,Can you recommend any Flaechen within 1 kilometer of each Plaetze?,"['Flaechen', 'Plaetze']",[]
Distance Join Query,Find the distance between Orankesee to Zossen in RBahnhof.,['RBahnhof'],"['Orankesee', 'Zossen']"
Distance Join Query,Locate the Faehren that are within a 4 - mile radius of each PLZBoundaries.,"['Faehren', 'PLZBoundaries']",[]
Distance Join Query,Locate the Wasserumland2 that are within a 3 - mile radius of each SBahnhof.,"['Wasserumland2', 'SBahnhof']",[]
Distance Join Query,What is the distance from Flieth to Märkisches Museum in UBahnhof.,['UBahnhof'],"['Flieth', 'Märkisches Museum']"
Distance Join Query,Could you tell me which Sehenswuerdpoi2 are within 3 kilometer of each OrteCity?,"['Sehenswuerdpoi2', 'OrteCity']",[]
Distance Join Query,Determine the travel time from Böcklinstr. to Neukölln in OrteCity.,['OrteCity'],"['Böcklinstr.', 'Neukölln']"
Distance Join Query,Please provide a list of Restaurants that are within 2 kilometers of each Plaetze.,"['Restaurants', 'Plaetze']",[]
Distance Join Query,I'm interested in knowing the nearby Restaurants are within 1 kilometer of each Flaechen.,"['Restaurants', 'Flaechen']",[]
Distance Join Query,Kneipen within 1km of each Faehren?,"['Kneipen', 'Faehren']",[]
Distance Join Query,Show me the Flaechen within 3 kilometers of each Sehenswuerdreg.,"['Flaechen', 'Sehenswuerdreg']",[]
Distance Join Query,What Wasserumland2 are within 3 kilometer of each WFlaechen?,"['Wasserumland2', 'WFlaechen']",[]
Distance Join Query,Could you provide information on the Flaechen within 4 kilometers of each UBahnhof?,"['Flaechen', 'UBahnhof']",[]
Distance Join Query,Are there any RBahnhof within 2 kilometers of each Flaechen?,"['RBahnhof', 'Flaechen']",[]
Distance Join Query,Locate the Kinos that are within a 5 - mile radius of each Kneipen.,"['Kinos', 'Kneipen']",[]
Distance Join Query,Can you provide the flight distance from Sowohlalsauch to Blow Up in Kinos.,['Kinos'],"['Sowohlalsauch', 'Blow Up']"
Distance Join Query,Which Landstrassen are within a 5 kilometer radius of each RBahn?,"['Landstrassen', 'RBahn']",[]
Distance Join Query,What WFlaechen are situated within 5 kilometer of each Flaechen?,"['WFlaechen', 'Flaechen']",[]
Distance Join Query,Can you suggest any RBahnhof within 3 kilometers of each WFlaechen?,"['RBahnhof', 'WFlaechen']",[]
Distance Join Query,Can you suggest any Sehenswuerdreg within 4 kilometers of each Sehenswuerdpoi?,"['Sehenswuerdreg', 'Sehenswuerdpoi']",[]
Distance Join Query,Could you tell me which Faehren are within 1 kilometer of each road?,"['Faehren', 'road']",[]
Distance Join Query,What is the travel time from Langennaundorf to Heiligensee in WFlaechen.,['WFlaechen'],"['Langennaundorf', 'Heiligensee']"
Distance Join Query,"Find the closest Plaetze to each Flaechen, considering a maximum distance of 2 miles.","['Plaetze', 'Flaechen']",[]
Distance Join Query,What SBahn are situated within 1 kilometer of each WFlaechen?,"['SBahn', 'WFlaechen']",[]
Distance Join Query,"Which WStrassen can be found within close proximity to each UBahn, within a 5 kilometer radius?","['WStrassen', 'UBahn']",[]
Distance Join Query,WFlaechen near each PLZBoundaries within 3km?,"['WFlaechen', 'PLZBoundaries']",[]
Distance Join Query,"Which Landstrassen2 can be found within close proximity to each UBahnhof, within a 2 kilometer radius?","['Landstrassen2', 'UBahnhof']",[]
Distance Join Query,What Orte2 are situated within 1 kilometer of each Sehenswuerdpoi2?,"['Orte2', 'Sehenswuerdpoi2']",[]
Distance Join Query,Which RBahnhof are within a 4 kilometer radius of each OrteCity?,"['RBahnhof', 'OrteCity']",[]
Distance Join Query,Sehenswuerdpoi within 3km of each WFlaechen?,"['Sehenswuerdpoi', 'WFlaechen']",[]
Distance Join Query,Identify the UBahn within 5 kilometers of each Sehenswuerdreg.,"['UBahn', 'Sehenswuerdreg']",[]
Distance Join Query,Find the distance between Dianasee to Havel in WFlaechen.,['WFlaechen'],"['Dianasee', 'Havel']"
Distance Join Query,Locate the strassen that are within a 5 - mile radius of each SBahn.,"['strassen', 'SBahn']",[]
Distance Join Query,Show me the Sehenswuerdpoi2 within 5 kilometers of each RBahn.,"['Sehenswuerdpoi2', 'RBahn']",[]
Distance Join Query,"Which RBahn can be found within close proximity to each PLZBoundaries, within a 5 kilometer radius?","['RBahn', 'PLZBoundaries']",[]
Distance Join Query,Can you suggest any Plaetze within 1 kilometers of each Landstrassen?,"['Plaetze', 'Landstrassen']",[]
Distance Join Query,Are there any UBahnhof within 2 kilometers of each Flaechen?,"['UBahnhof', 'Flaechen']",[]
Distance Join Query,What OrteCity are within 3 kilometer of each PLZBoundaries?,"['OrteCity', 'PLZBoundaries']",[]
Distance Join Query,Can you suggest any poi within 4 kilometers of each UBahn?,"['poi', 'UBahn']",[]
Distance Join Query,"Which Wasserumland2 can be found within close proximity to each RBahn, within a 3 kilometer radius?","['Wasserumland2', 'RBahn']",[]
Distance Join Query,Which Kneipen are within a 3 kilometer radius of each UBahn?,"['Kneipen', 'UBahn']",[]
Distance Join Query,Please provide a list of SBahn that are within 2 kilometers of each Flaechen.,"['SBahn', 'Flaechen']",[]
Distance Join Query,What is the travel time from Habermannsee to Nanjing Hongshan Forest Zoo in poi.,['poi'],"['Habermannsee', 'Nanjing Hongshan Forest Zoo']"
Distance Join Query,I'm interested in knowing the nearby Sehenswuerdreg are within 4 kilometer of each Sehenswuerdpoi.,"['Sehenswuerdreg', 'Sehenswuerdpoi']",[]
Distance Join Query,What is the travel time from Oranienburg to Spandau in OrteCity.,['OrteCity'],"['Oranienburg', 'Spandau']"
Distance Join Query,Can you suggest any SBahn within 4 kilometers of each WFlaechen?,"['SBahn', 'WFlaechen']",[]
Distance Join Query,"Find the closest Sehenswuerdreg to each Faehren, considering a maximum distance of 3 miles.","['Sehenswuerdreg', 'Faehren']",[]
Distance Join Query,UBahn within 4km of each RBahn?,"['UBahn', 'RBahn']",[]
Distance Join Query,Can you suggest any Plaetze within 3 kilometers of each Flaechen?,"['Plaetze', 'Flaechen']",[]
Distance Join Query,Can you recommend any WFlaechen within 5 kilometers of each strassen?,"['WFlaechen', 'strassen']",[]
Distance Join Query,Find the distance between Besenwirtschaft to Tegel in OrteCity.,['OrteCity'],"['Besenwirtschaft', 'Tegel']"
Distance Join Query,Find the distance between Weserstr. (Neukölln) to Steglitz in OrteCity.,['OrteCity'],"['Weserstr. (Neukölln)', 'Steglitz']"
Distance Join Query,"Find the closest Sehenswuerdreg to each Flaechen, considering a maximum distance of 3 miles.","['Sehenswuerdreg', 'Flaechen']",[]
Distance Join Query,Provide a list of WFlaechen that are within 4 kilometers of each poi.,"['WFlaechen', 'poi']",[]
Distance Join Query,Can you suggest any road within 2 kilometers of each UBahn?,"['road', 'UBahn']",[]
Distance Join Query,Could you tell me which Flaechen are within 1 kilometer of each WFlaechen?,"['Flaechen', 'WFlaechen']",[]
Distance Join Query,Are there any Plaetze within 3 kilometers of each UBahnhof?,"['Plaetze', 'UBahnhof']",[]
Distance Join Query,What Faehren are available within 5 kilometers of each Sehenswuerdpoi2?,"['Faehren', 'Sehenswuerdpoi2']",[]
Distance Join Query,What Sehenswuerdreg are available within 1 kilometers of each Wasserumland2?,"['Sehenswuerdreg', 'Wasserumland2']",[]
Distance Join Query,I'm interested in knowing the nearby SBahnhof are within 1 kilometer of each Flaechen.,"['SBahnhof', 'Flaechen']",[]
Distance Join Query,Can you recommend any WFlaechen within 2 kilometer of each Sehenswuerdreg?,"['WFlaechen', 'Sehenswuerdreg']",[]
Distance Join Query,Please list WFlaechen within 2 kilometers of each Sehenswuerdpoi.,"['WFlaechen', 'Sehenswuerdpoi']",[]
Distance Join Query,Could you tell me which Sehenswuerdreg are within 5 kilometer of each UBahn?,"['Sehenswuerdreg', 'UBahn']",[]
Distance Join Query,SBahn near each road within 3km?,"['SBahn', 'road']",[]
Distance Join Query,Please provide a list of Wasserumland2 that are within 3 kilometers of each WFlaechen.,"['Wasserumland2', 'WFlaechen']",[]
Distance Join Query,Plaetze within 2km of each Landstrassen2?,"['Plaetze', 'Landstrassen2']",[]
Distance Join Query,Find the distance between Utopia to Juhuatai Park in poi.,['poi'],"['Utopia', 'Juhuatai Park']"
Distance Join Query,Please list Sehenswuerdreg within 2 kilometers of each Orte2.,"['Sehenswuerdreg', 'Orte2']",[]
Distance Join Query,Could you provide information on the Landstrassen within 4 kilometers of each Plaetze?,"['Landstrassen', 'Plaetze']",[]
Distance Join Query,Which Flaechen are within 2 kilometer of each Plaetze?,"['Flaechen', 'Plaetze']",[]
Distance Join Query,"Find the closest Sehenswuerdreg to each Flaechen, considering a maximum distance of 3 miles.","['Sehenswuerdreg', 'Flaechen']",[]
Distance Join Query,What is the travel time from Krankenhaus Neukölln to RE1 in RBahn.,['RBahn'],"['Krankenhaus Neukölln', 'RE1']"
Distance Join Query,Find the distance between Potsdamer Platz Arkaden to Saatwinkel - Hakenfelde in Faehren.,['Faehren'],"['Potsdamer Platz Arkaden', 'Saatwinkel - Hakenfelde']"
Distance Join Query,Find the distance between Spree to Rehberge in UBahnhof.,['UBahnhof'],"['Spree', 'Rehberge']"
Distance Join Query,"Which RBahn can be found within close proximity to each Landstrassen2, within a 5 kilometer radius?","['RBahn', 'Landstrassen2']",[]
Distance Join Query,Please provide a list of Landstrassen2 that are within 4 kilometers of each Flaechen.,"['Landstrassen2', 'Flaechen']",[]
Distance Join Query,Find the distance between (Wilhelmstr.) to Tailong Road in road.,['road'],"['(Wilhelmstr.)', 'Tailong Road']"
Distance Join Query,WFlaechen near each UBahnhof within 3km?,"['WFlaechen', 'UBahnhof']",[]
Distance Join Query,What Restaurants are available within 3 kilometers of each WFlaechen?,"['Restaurants', 'WFlaechen']",[]
Distance Join Query,Determine the travel time from Sewanstr. to Lübars - Hohenlobesse in Landstrassen2.,['Landstrassen2'],"['Sewanstr.', 'Lübars - Hohenlobesse']"
Distance Join Query,What PLZBoundaries are available within 4 kilometers of each Sehenswuerdreg?,"['PLZBoundaries', 'Sehenswuerdreg']",[]
Distance Join Query,What are WStrassen within 4 kilometers of each Flaechen?,"['WStrassen', 'Flaechen']",[]
Distance Join Query,Which Orte2 are located within 1 kilometer of each Plaetze?,"['Orte2', 'Plaetze']",[]
Distance Join Query,List UBahn within 3 kilometers of each SBahn.,"['UBahn', 'SBahn']",[]
Distance Join Query,What Sehenswuerdreg are available within 5 kilometers of each Plaetze?,"['Sehenswuerdreg', 'Plaetze']",[]
Distance Join Query,Flaechen within 3km of each Sehenswuerdpoi?,"['Flaechen', 'Sehenswuerdpoi']",[]
Distance Join Query,Could you tell me which Sehenswuerdreg are within 4 kilometer of each Sehenswuerdpoi2?,"['Sehenswuerdreg', 'Sehenswuerdpoi2']",[]
Distance Join Query,Please provide a list of road that are within 3 kilometers of each Orte2.,"['road', 'Orte2']",[]
Distance Join Query,Which Sehenswuerdreg are located within 5 kilometer of each road?,"['Sehenswuerdreg', 'road']",[]
Distance Join Query,Which Landstrassen can be found near each WFlaechen within 2 kilometer?,"['Landstrassen', 'WFlaechen']",[]
Distance Join Query,Could you tell me which Wasserumland2 are within 5 kilometer of each Sehenswuerdpoi2?,"['Wasserumland2', 'Sehenswuerdpoi2']",[]
Distance Join Query,Are there any Flaechen within 1 kilometers of each Sehenswuerdreg?,"['Flaechen', 'Sehenswuerdreg']",[]
Distance Join Query,What RBahnhof are available within 1 kilometers of each Landstrassen2?,"['RBahnhof', 'Landstrassen2']",[]
Distance Join Query,I'm interested in knowing the nearby Landstrassen2 are within 1 kilometer of each WFlaechen.,"['Landstrassen2', 'WFlaechen']",[]
Distance Join Query,Determine the travel time from Alte Nationalgalerie to Postmuseum in Sehenswuerdreg.,['Sehenswuerdreg'],"['Alte Nationalgalerie', 'Postmuseum']"
Distance Join Query,Can you provide the flight distance from Teufelsseekanal to Max-Schmelling-Halle in Sehenswuerdreg.,['Sehenswuerdreg'],"['Teufelsseekanal', 'Max-Schmelling-Halle']"
Distance Join Query,Which strassen are within a 1 kilometer radius of each Sehenswuerdreg?,"['strassen', 'Sehenswuerdreg']",[]
Distance Join Query,"Find the closest RBahnhof to each WStrassen, considering a maximum distance of 4 miles.","['RBahnhof', 'WStrassen']",[]
Distance Join Query,Could you provide information on the Landstrassen within 2 kilometers of each SBahnhof?,"['Landstrassen', 'SBahnhof']",[]
Distance Join Query,Are there any strassen within 5 kilometers of each Flaechen?,"['strassen', 'Flaechen']",[]
Distance Join Query,"Find the closest PLZBoundaries to each Restaurants, considering a maximum distance of 4 miles.","['PLZBoundaries', 'Restaurants']",[]
Distance Join Query,Are there any Flaechen within 4 kilometers of each Kinos?,"['Flaechen', 'Kinos']",[]
Distance Join Query,Provide a list of Orte2 that are within 5 kilometers of each UBahnhof.,"['Orte2', 'UBahnhof']",[]
Distance Join Query,Could you provide information on the Sehenswuerdpoi2 within 1 kilometers of each PLZBoundaries?,"['Sehenswuerdpoi2', 'PLZBoundaries']",[]
Distance Join Query,Please list WStrassen within 2 kilometers of each Faehren.,"['WStrassen', 'Faehren']",[]
Distance Join Query,Can you provide the flight distance from Friedrichstr. to Wallmow - Cremzow in Landstrassen2.,['Landstrassen2'],"['Friedrichstr.', 'Wallmow - Cremzow']"
Distance Join Query,Are there any Sehenswuerdreg within 1 kilometers of each poi?,"['Sehenswuerdreg', 'poi']",[]
Distance Join Query,Please provide a list of Sehenswuerdpoi2 that are within 5 kilometers of each Landstrassen.,"['Sehenswuerdpoi2', 'Landstrassen']",[]
Distance Join Query,Determine the travel time from Rückersdorf to Rummelsburger See in WFlaechen.,['WFlaechen'],"['Rückersdorf', 'Rummelsburger See']"
Distance Join Query,Can you suggest any UBahnhof within 3 kilometers of each poi?,"['UBahnhof', 'poi']",[]
Distance Join Query,Which UBahn are located within 4 kilometer of each SBahnhof?,"['UBahn', 'SBahnhof']",[]
Distance Join Query,Provide a list of RBahn that are within 5 kilometers of each Landstrassen.,"['RBahn', 'Landstrassen']",[]
Distance Join Query,Which Flaechen are located within 4 kilometer of each Kinos?,"['Flaechen', 'Kinos']",[]
Distance Join Query,What Flaechen are available within 3 kilometers of each WFlaechen?,"['Flaechen', 'WFlaechen']",[]
Distance Join Query,"Which Orte2 can be found within close proximity to each Sehenswuerdreg, within a 5 kilometer radius?","['Orte2', 'Sehenswuerdreg']",[]
Distance Join Query,Please provide a list of PLZBoundaries that are within 2 kilometers of each OrteCity.,"['PLZBoundaries', 'OrteCity']",[]
Distance Join Query,What is the distance from Yongji Road to RB25 in RBahn.,['RBahn'],"['Yongji Road', 'RB25']"
Distance Join Query,Please provide a list of Sehenswuerdreg that are within 4 kilometers of each OrteCity.,"['Sehenswuerdreg', 'OrteCity']",[]
Distance Join Query,"Find the closest Landstrassen2 to each WFlaechen, considering a maximum distance of 4 miles.","['Landstrassen2', 'WFlaechen']",[]
Distance Join Query,Which RBahnhof are within 1 kilometer of each OrteCity?,"['RBahnhof', 'OrteCity']",[]
Distance Join Query,Provide a list of Kneipen that are within 1 kilometers of each UBahn.,"['Kneipen', 'UBahn']",[]
Distance Join Query,What is the distance from Thielpark to Inselkino in Kinos.,['Kinos'],"['Thielpark', 'Inselkino']"
Distance Join Query,"Find the closest WStrassen to each Sehenswuerdreg, considering a maximum distance of 1 miles.","['WStrassen', 'Sehenswuerdreg']",[]
Distance Join Query,Can you recommend any Faehren within 2 kilometers of each Orte2?,"['Faehren', 'Orte2']",[]
Distance Join Query,Show me the SBahn within 2 kilometers of each Sehenswuerdreg.,"['SBahn', 'Sehenswuerdreg']",[]
Distance Join Query,"Find the closest Landstrassen2 to each road, considering a maximum distance of 3 miles.","['Landstrassen2', 'road']",[]
Distance Join Query,List the walking distance from Friedenau to Mauerpark in Flaechen.,['Flaechen'],"['Friedenau', 'Mauerpark']"
Distance Join Query,What WStrassen are within 2 kilometer of each Wasserumland2?,"['WStrassen', 'Wasserumland2']",[]
Distance Join Query,Are there any Sehenswuerdpoi within 4 kilometers of each Orte2?,"['Sehenswuerdpoi', 'Orte2']",[]
Distance Join Query,What RBahnhof are available within 3 kilometers of each Sehenswuerdreg?,"['RBahnhof', 'Sehenswuerdreg']",[]
Distance Join Query,Can you provide the flight distance from Buchs to Schlot in Kneipen.,['Kneipen'],"['Buchs', 'Schlot']"
Distance Join Query,What PLZBoundaries are available within 2 kilometers of each WFlaechen?,"['PLZBoundaries', 'WFlaechen']",[]
Distance Join Query,List the walking distance from Spree to Königsheide in Flaechen.,['Flaechen'],"['Spree', 'Königsheide']"
Distance Join Query,Can you recommend any WFlaechen within 5 kilometers of each PLZBoundaries?,"['WFlaechen', 'PLZBoundaries']",[]
Distance Join Query,Are there any Orte2 within 1 kilometers of each PLZBoundaries?,"['Orte2', 'PLZBoundaries']",[]
Distance Join Query,Show me the Sehenswuerdpoi within 2 kilometers of each Kinos.,"['Sehenswuerdpoi', 'Kinos']",[]
Distance Join Query,What SBahn are available within 1 kilometers of each strassen?,"['SBahn', 'strassen']",[]
Distance Join Query,Can you recommend any WFlaechen within 5 kilometers of each Sehenswuerdreg?,"['WFlaechen', 'Sehenswuerdreg']",[]
Distance Join Query,Please provide a list of Sehenswuerdreg that are within 2 kilometers of each Faehren.,"['Sehenswuerdreg', 'Faehren']",[]
Distance Join Query,What Flaechen are situated within 2 kilometer of each WFlaechen?,"['Flaechen', 'WFlaechen']",[]
Distance Join Query,Show me the Flaechen within 1 kilometers of each PLZBoundaries.,"['Flaechen', 'PLZBoundaries']",[]
Distance Join Query,I'm interested in knowing the nearby Kneipen are within 5 kilometer of each Faehren.,"['Kneipen', 'Faehren']",[]
Distance Join Query,Which Kinos are within a 3 kilometer radius of each Landstrassen?,"['Kinos', 'Landstrassen']",[]
Distance Join Query,I'm interested in knowing the nearby Landstrassen2 are within 1 kilometer of each Sehenswuerdreg.,"['Landstrassen2', 'Sehenswuerdreg']",[]
Distance Join Query,Are there any Sehenswuerdreg within 2 kilometers of each RBahnhof?,"['Sehenswuerdreg', 'RBahnhof']",[]
Distance Join Query,Can you recommend any Sehenswuerdreg within 4 kilometer of each strassen?,"['Sehenswuerdreg', 'strassen']",[]
Distance Join Query,Which WStrassen are within 3 kilometer of each Flaechen?,"['WStrassen', 'Flaechen']",[]
Distance Join Query,Provide a list of Sehenswuerdreg that are within 4 kilometers of each strassen.,"['Sehenswuerdreg', 'strassen']",[]
Distance Join Query,Can you recommend any Kinos within 4 kilometers of each PLZBoundaries?,"['Kinos', 'PLZBoundaries']",[]
Distance Join Query,Calculate the driving distance from Gedenkstätte Deutscher Widerstand to U9 in UBahn.,['UBahn'],"['Gedenkstätte Deutscher Widerstand', 'U9']"
Distance Join Query,What WFlaechen are situated within 1 kilometer of each Landstrassen?,"['WFlaechen', 'Landstrassen']",[]
Distance Join Query,Can you suggest any WFlaechen within 3 kilometers of each SBahn?,"['WFlaechen', 'SBahn']",[]
Distance Join Query,Identify the road within 4 kilometers of each Landstrassen.,"['road', 'Landstrassen']",[]
Distance Join Query,Identify the RBahnhof within 4 kilometers of each Wasserumland2.,"['RBahnhof', 'Wasserumland2']",[]
Distance Join Query,What is the travel time from Neuendorf A to Police in Orte2.,['Orte2'],"['Neuendorf A', 'Police']"
Distance Join Query,"Find the closest Kneipen to each Plaetze, considering a maximum distance of 3 miles.","['Kneipen', 'Plaetze']",[]
Distance Join Query,Could you tell me which Sehenswuerdreg are within 3 kilometer of each WFlaechen?,"['Sehenswuerdreg', 'WFlaechen']",[]
Distance Join Query,List strassen within 1 kilometers of each Kinos.,"['strassen', 'Kinos']",[]
Distance Join Query,Which Plaetze can be found near each Sehenswuerdreg within 4 kilometer?,"['Plaetze', 'Sehenswuerdreg']",[]
Distance Join Query,Could you tell me which Orte2 are within 1 kilometer of each Landstrassen2?,"['Orte2', 'Landstrassen2']",[]
Distance Join Query,Which Flaechen are within 5 kilometer of each WFlaechen?,"['Flaechen', 'WFlaechen']",[]
Distance Join Query,Which RBahn are within 1 kilometer of each OrteCity?,"['RBahn', 'OrteCity']",[]
Distance Join Query,Are there any UBahnhof within 5 kilometers of each Restaurants?,"['UBahnhof', 'Restaurants']",[]
Distance Join Query,Can you provide the flight distance from Freizeit- und Erholungszentrum (FEZ) to Spree in WFlaechen.,['WFlaechen'],"['Freizeit- und Erholungszentrum (FEZ)', 'Spree']"
Distance Join Query,Can you recommend any Plaetze within 2 kilometers of each Landstrassen?,"['Plaetze', 'Landstrassen']",[]
Distance Join Query,Which UBahnhof can be found near each Restaurants within 1 kilometer?,"['UBahnhof', 'Restaurants']",[]
Distance Join Query,Identify the Landstrassen within 1 kilometers of each Sehenswuerdreg.,"['Landstrassen', 'Sehenswuerdreg']",[]
Distance Join Query,Provide a list of Landstrassen that are within 1 kilometers of each PLZBoundaries.,"['Landstrassen', 'PLZBoundaries']",[]
Distance Join Query,Locate the Restaurants that are within a 4 - mile radius of each WFlaechen.,"['Restaurants', 'WFlaechen']",[]
Distance Join Query,Are there any poi within 4 kilometers of each UBahn?,"['poi', 'UBahn']",[]
Distance Join Query,Find the distance between Dammheide to Spandau in OrteCity.,['OrteCity'],"['Dammheide', 'Spandau']"
Distance Join Query,Could you tell me which Kneipen are within 3 kilometer of each SBahn?,"['Kneipen', 'SBahn']",[]
Distance Join Query,What UBahnhof are within 5 kilometer of each Sehenswuerdreg?,"['UBahnhof', 'Sehenswuerdreg']",[]
Distance Join Query,Can you suggest any PLZBoundaries within 4 kilometers of each Flaechen?,"['PLZBoundaries', 'Flaechen']",[]
Distance Join Query,Can you provide the flight distance from Müggelsee to Giesenschlansee in Wasserumland2.,['Wasserumland2'],"['Müggelsee', 'Giesenschlansee']"
Distance Join Query,List SBahn within 5 kilometers of each road.,"['SBahn', 'road']",[]
Distance Join Query,Which Sehenswuerdreg can be found near each OrteCity within 2 kilometer?,"['Sehenswuerdreg', 'OrteCity']",[]
Distance Join Query,What RBahnhof are within 3 kilometer of each RBahn?,"['RBahnhof', 'RBahn']",[]
Distance Join Query,Which Kneipen are within 2 kilometer of each strassen?,"['Kneipen', 'strassen']",[]
Distance Join Query,What SBahnhof are situated within 5 kilometer of each RBahnhof?,"['SBahnhof', 'RBahnhof']",[]
Distance Join Query,What is the travel time from Landschaftspark Wuhletal to 10969 in PLZBoundaries.,['PLZBoundaries'],"['Landschaftspark Wuhletal', '10969']"
Distance Join Query,Which Flaechen can be found near each Orte2 within 2 kilometer?,"['Flaechen', 'Orte2']",[]
Distance Join Query,WFlaechen within 1km of each RBahn?,"['WFlaechen', 'RBahn']",[]
Distance Join Query,Sehenswuerdpoi2 within 5km of each Landstrassen?,"['Sehenswuerdpoi2', 'Landstrassen']",[]
Distance Join Query,I'm interested in knowing the nearby Restaurants are within 5 kilometer of each poi.,"['Restaurants', 'poi']",[]
Distance Join Query,Could you tell me which Kinos are within 3 kilometer of each Wasserumland2?,"['Kinos', 'Wasserumland2']",[]
Distance Join Query,Which SBahnhof are within 5 kilometer of each WFlaechen?,"['SBahnhof', 'WFlaechen']",[]
Distance Join Query,Identify the Landstrassen2 within 1 kilometers of each Faehren.,"['Landstrassen2', 'Faehren']",[]
Distance Join Query,List the walking distance from Eisenbahn-Markthalle to Schleusenkanal in WStrassen.,['WStrassen'],"['Eisenbahn-Markthalle', 'Schleusenkanal']"
Distance Join Query,Flaechen within 4km of each RBahn?,"['Flaechen', 'RBahn']",[]
Distance Join Query,List the walking distance from Alboinplatz to Karpfenteich in WFlaechen.,['WFlaechen'],"['Alboinplatz', 'Karpfenteich']"
Distance Join Query,Can you provide the flight distance from Sonntagstr. to Dierberg - Alt Ruppin in Landstrassen2.,['Landstrassen2'],"['Sonntagstr.', 'Dierberg - Alt Ruppin']"
Distance Join Query,I'm interested in knowing the nearby UBahnhof are within 1 kilometer of each UBahn.,"['UBahnhof', 'UBahn']",[]
Distance Join Query,"Which Restaurants can be found within close proximity to each WStrassen, within a 1 kilometer radius?","['Restaurants', 'WStrassen']",[]
Distance Join Query,Can you suggest any SBahnhof within 4 kilometers of each Kneipen?,"['SBahnhof', 'Kneipen']",[]
Distance Join Query,"Which OrteCity can be found within close proximity to each road, within a 3 kilometer radius?","['OrteCity', 'road']",[]
Distance Join Query,Are there any Landstrassen within 5 kilometers of each road?,"['Landstrassen', 'road']",[]
Distance Join Query,List the walking distance from Wartburgstr. to U6 in UBahn.,['UBahn'],"['Wartburgstr.', 'U6']"
Distance Join Query,Can you provide the flight distance from Volkspark am Weinberg to Rathaus Schöneberg in Sehenswuerdreg.,['Sehenswuerdreg'],"['Volkspark am Weinberg', 'Rathaus Schöneberg']"
Distance Join Query,Find the distance between Flughafen Tempelhof to Schloß Cecilienhof in Sehenswuerdpoi2.,['Sehenswuerdpoi2'],"['Flughafen Tempelhof', 'Schloß Cecilienhof']"
Distance Join Query,What Landstrassen are within 1 kilometer of each Plaetze?,"['Landstrassen', 'Plaetze']",[]
Distance Join Query,Which WFlaechen can be found near each Sehenswuerdreg within 3 kilometer?,"['WFlaechen', 'Sehenswuerdreg']",[]
Distance Join Query,Are there any UBahn within 2 kilometers of each WStrassen?,"['UBahn', 'WStrassen']",[]
Distance Join Query,"Which UBahn can be found within close proximity to each SBahn, within a 1 kilometer radius?","['UBahn', 'SBahn']",[]
Distance Join Query,Could you tell me which Orte2 are within 2 kilometer of each Landstrassen?,"['Orte2', 'Landstrassen']",[]
Distance Join Query,Show me the WFlaechen within 2 kilometers of each Flaechen.,"['WFlaechen', 'Flaechen']",[]
Distance Join Query,Can you recommend any Wasserumland2 within 3 kilometers of each RBahnhof?,"['Wasserumland2', 'RBahnhof']",[]
Distance Join Query,Identify the Kinos within 3 kilometers of each OrteCity.,"['Kinos', 'OrteCity']",[]
Distance Join Query,Are there any strassen within 2 kilometers of each Kinos?,"['strassen', 'Kinos']",[]
Distance Join Query,Which SBahnhof are within 2 kilometer of each Orte2?,"['SBahnhof', 'Orte2']",[]
Distance Join Query,"Find the closest Landstrassen to each Kinos, considering a maximum distance of 4 miles.","['Landstrassen', 'Kinos']",[]
Distance Join Query,Plaetze near each WFlaechen within 1km?,"['Plaetze', 'WFlaechen']",[]
Distance Join Query,Which Wasserumland2 are located within 2 kilometer of each road?,"['Wasserumland2', 'road']",[]
Distance Join Query,List the walking distance from Landschaftspark Wuhletal (Ahrensfelder Berge) to U9 in UBahn.,['UBahn'],"['Landschaftspark Wuhletal (Ahrensfelder Berge)', 'U9']"
Distance Join Query,Calculate the driving distance from Woldegk to Neukölln in OrteCity.,['OrteCity'],"['Woldegk', 'Neukölln']"
Distance Join Query,What Flaechen are situated within 1 kilometer of each strassen?,"['Flaechen', 'strassen']",[]
Distance Join Query,What WFlaechen are situated within 4 kilometer of each UBahn?,"['WFlaechen', 'UBahn']",[]
Distance Join Query,Kinos within 2km of each RBahn?,"['Kinos', 'RBahn']",[]
Distance Join Query,Calculate the driving distance from Sommerstr. (Reinickendorf) to Frankfurter Allee in UBahnhof.,['UBahnhof'],"['Sommerstr. (Reinickendorf)', 'Frankfurter Allee']"
Distance Join Query,Locate the road that are within a 3 - mile radius of each Sehenswuerdreg.,"['road', 'Sehenswuerdreg']",[]
Distance Join Query,Show me the RBahnhof within 1 kilometers of each RBahn.,"['RBahnhof', 'RBahn']",[]
Distance Join Query,What Sehenswuerdreg are within 5 kilometer of each WStrassen?,"['Sehenswuerdreg', 'WStrassen']",[]
Distance Join Query,Show me the RBahn within 3 kilometers of each Orte2.,"['RBahn', 'Orte2']",[]
Distance Join Query,List OrteCity within 1 kilometers of each UBahn.,"['OrteCity', 'UBahn']",[]
Distance Join Query,What Orte2 are within 1 kilometer of each Flaechen?,"['Orte2', 'Flaechen']",[]
Distance Join Query,Are there any Faehren within 3 kilometers of each Landstrassen?,"['Faehren', 'Landstrassen']",[]
Distance Join Query,Which Flaechen can be found near each PLZBoundaries within 4 kilometer?,"['Flaechen', 'PLZBoundaries']",[]
Distance Join Query,Which Wasserumland2 can be found near each road within 2 kilometer?,"['Wasserumland2', 'road']",[]
Distance Join Query,Could you tell me which Sehenswuerdpoi are within 3 kilometer of each RBahnhof?,"['Sehenswuerdpoi', 'RBahnhof']",[]
Distance Join Query,Which WStrassen are within 3 kilometer of each Sehenswuerdreg?,"['WStrassen', 'Sehenswuerdreg']",[]
Distance Join Query,Identify the RBahnhof within 3 kilometers of each Restaurants.,"['RBahnhof', 'Restaurants']",[]
Distance Join Query,Determine the travel time from Fähre nach Lindwerder to 12207 in PLZBoundaries.,['PLZBoundaries'],"['Fähre nach Lindwerder', '12207']"
Distance Join Query,Can you recommend any RBahnhof within 1 kilometers of each Sehenswuerdreg?,"['RBahnhof', 'Sehenswuerdreg']",[]
Distance Join Query,Could you provide information on the Orte2 within 4 kilometers of each WFlaechen?,"['Orte2', 'WFlaechen']",[]
Distance Join Query,Determine the travel time from Solmsstr. to Deichgraf in Restaurants.,['Restaurants'],"['Solmsstr.', 'Deichgraf']"
Distance Join Query,What is the distance from (zum Mergenthalerring) to Scharfe Lanke in WFlaechen.,['WFlaechen'],"['(zum Mergenthalerring)', 'Scharfe Lanke']"
Distance Join Query,Can you suggest any Plaetze within 3 kilometers of each Sehenswuerdpoi?,"['Plaetze', 'Sehenswuerdpoi']",[]
Distance Join Query,Which UBahnhof are within 1 kilometer of each Flaechen?,"['UBahnhof', 'Flaechen']",[]
Distance Join Query,Which Sehenswuerdreg can be found near each Kneipen within 1 kilometer?,"['Sehenswuerdreg', 'Kneipen']",[]
Distance Join Query,What WFlaechen are within 5 kilometer of each Faehren?,"['WFlaechen', 'Faehren']",[]
Distance Join Query,Identify the WFlaechen within 1 kilometers of each road.,"['WFlaechen', 'road']",[]
Distance Join Query,Could you tell me which road are within 4 kilometer of each OrteCity?,"['road', 'OrteCity']",[]
Distance Join Query,UBahn near each PLZBoundaries within 5km?,"['UBahn', 'PLZBoundaries']",[]
Distance Join Query,"What is the distance from Kings Pub to S8,S9,S46,S47 in SBahn.",['SBahn'],"['Kings Pub', 'S8,S9,S46,S47']"
Distance Join Query,Can you recommend any Kneipen within 4 kilometer of each Wasserumland2?,"['Kneipen', 'Wasserumland2']",[]
Distance Join Query,Can you recommend any poi within 4 kilometer of each Sehenswuerdreg?,"['poi', 'Sehenswuerdreg']",[]
Distance Join Query,List the walking distance from Longcheng Road to Der Faule See in WFlaechen.,['WFlaechen'],"['Longcheng Road', 'Der Faule See']"
Distance Join Query,Which RBahn can be found near each WFlaechen within 3 kilometer?,"['RBahn', 'WFlaechen']",[]
Distance Join Query,Provide a list of Faehren that are within 2 kilometers of each UBahn.,"['Faehren', 'UBahn']",[]
Distance Join Query,List the walking distance from Hohenzollerndamm to Altenweddingen in Landstrassen2.,['Landstrassen2'],"['Hohenzollerndamm', 'Altenweddingen']"
Distance Join Query,Could you tell me which strassen are within 5 kilometer of each road?,"['strassen', 'road']",[]
Distance Join Query,"Which Sehenswuerdreg can be found within close proximity to each Kneipen, within a 3 kilometer radius?","['Sehenswuerdreg', 'Kneipen']",[]
Distance Join Query,Determine the travel time from Archenhold-Sternwarte to Max-Schmelling-Halle in Sehenswuerdreg.,['Sehenswuerdreg'],"['Archenhold-Sternwarte', 'Max-Schmelling-Halle']"
Distance Join Query,Locate the poi that are within a 5 - mile radius of each Wasserumland2.,"['poi', 'Wasserumland2']",[]
Distance Join Query,What WFlaechen are available within 2 kilometers of each Sehenswuerdreg?,"['WFlaechen', 'Sehenswuerdreg']",[]
Distance Join Query,What is the travel time from Jungfernheide to Ming Palace Ruins Park in poi.,['poi'],"['Jungfernheide', 'Ming Palace Ruins Park']"
Distance Join Query,List Sehenswuerdreg within 3 kilometers of each OrteCity.,"['Sehenswuerdreg', 'OrteCity']",[]
Distance Join Query,Please list WFlaechen within 4 kilometers of each Sehenswuerdpoi.,"['WFlaechen', 'Sehenswuerdpoi']",[]
Distance Join Query,Can you recommend any road within 4 kilometer of each WFlaechen?,"['road', 'WFlaechen']",[]
Distance Join Query,Could you tell me which Flaechen are within 2 kilometer of each Sehenswuerdreg?,"['Flaechen', 'Sehenswuerdreg']",[]
Distance Join Query,"Calculate the driving distance from Historische Mühle (Potsdam) to RE4,RB10 in RBahn.",['RBahn'],"['Historische Mühle (Potsdam)', 'RE4,RB10']"
Distance Join Query,Can you recommend any Wasserumland2 within 3 kilometer of each road?,"['Wasserumland2', 'road']",[]
Distance Join Query,UBahn within 5km of each WFlaechen?,"['UBahn', 'WFlaechen']",[]
Distance Join Query,Could you tell me which Sehenswuerdpoi2 are within 3 kilometer of each poi?,"['Sehenswuerdpoi2', 'poi']",[]
Distance Join Query,Are there any Sehenswuerdreg within 1 kilometers of each Restaurants?,"['Sehenswuerdreg', 'Restaurants']",[]
Distance Join Query,Please list Landstrassen2 within 1 kilometers of each RBahn.,"['Landstrassen2', 'RBahn']",[]
Distance Join Query,Show me the Wasserumland2 within 4 kilometers of each Sehenswuerdreg.,"['Wasserumland2', 'Sehenswuerdreg']",[]
Distance Join Query,Find the distance between Intimes to RE3 in RBahn.,['RBahn'],"['Intimes', 'RE3']"
Distance Join Query,Are there any Orte2 within 2 kilometers of each Sehenswuerdreg?,"['Orte2', 'Sehenswuerdreg']",[]
Distance Join Query,Show me the RBahn within 1 kilometers of each WStrassen.,"['RBahn', 'WStrassen']",[]
Distance Join Query,I'm interested in knowing the nearby PLZBoundaries are within 5 kilometer of each Flaechen.,"['PLZBoundaries', 'Flaechen']",[]
Distance Join Query,Sehenswuerdreg near each Landstrassen2 within 1km?,"['Sehenswuerdreg', 'Landstrassen2']",[]
Distance Join Query,Identify the Sehenswuerdreg within 3 kilometers of each Flaechen.,"['Sehenswuerdreg', 'Flaechen']",[]
Distance Join Query,Can you suggest any Restaurants within 3 kilometers of each Wasserumland2?,"['Restaurants', 'Wasserumland2']",[]
Distance Join Query,Identify the WStrassen within 1 kilometers of each Flaechen.,"['WStrassen', 'Flaechen']",[]
Distance Join Query,Please list Sehenswuerdreg within 2 kilometers of each UBahnhof.,"['Sehenswuerdreg', 'UBahnhof']",[]
Distance Join Query,Provide a list of Kinos that are within 5 kilometers of each WFlaechen.,"['Kinos', 'WFlaechen']",[]
Distance Join Query,Please provide a list of Kneipen that are within 1 kilometers of each Flaechen.,"['Kneipen', 'Flaechen']",[]
Distance Join Query,Are there any Wasserumland2 within 1 kilometers of each Sehenswuerdreg?,"['Wasserumland2', 'Sehenswuerdreg']",[]
Distance Join Query,Which UBahn are located within 5 kilometer of each SBahnhof?,"['UBahn', 'SBahnhof']",[]
Distance Join Query,Are there any RBahnhof within 2 kilometers of each Flaechen?,"['RBahnhof', 'Flaechen']",[]
Distance Join Query,What is the travel time from Der Weiße See to Monbijoupark in Flaechen.,['Flaechen'],"['Der Weiße See', 'Monbijoupark']"
Distance Join Query,"Which WFlaechen can be found within close proximity to each Sehenswuerdreg, within a 4 kilometer radius?","['WFlaechen', 'Sehenswuerdreg']",[]
Distance Join Query,Are there any PLZBoundaries within 3 kilometers of each SBahn?,"['PLZBoundaries', 'SBahn']",[]
Distance Join Query,What RBahn are within 1 kilometer of each WFlaechen?,"['RBahn', 'WFlaechen']",[]
Distance Join Query,What are Sehenswuerdreg within 1 kilometers of each Flaechen?,"['Sehenswuerdreg', 'Flaechen']",[]
Distance Join Query,Could you provide information on the RBahnhof within 4 kilometers of each RBahn?,"['RBahnhof', 'RBahn']",[]
Distance Join Query,List the walking distance from Petershagen Nord to F12 (Dahme) in Faehren.,['Faehren'],"['Petershagen Nord', 'F12 (Dahme)']"
Distance Join Query,"Find the closest Flaechen to each SBahnhof, considering a maximum distance of 5 miles.","['Flaechen', 'SBahnhof']",[]
Distance Join Query,What are road within 4 kilometers of each Kneipen?,"['road', 'Kneipen']",[]
Distance Join Query,Can you recommend any Kneipen within 3 kilometers of each road?,"['Kneipen', 'road']",[]
Distance Join Query,List the walking distance from F21 (Krampe) to Scheuder in Landstrassen2.,['Landstrassen2'],"['F21 (Krampe)', 'Scheuder']"
Distance Join Query,I'm interested in knowing the nearby WFlaechen are within 3 kilometer of each Faehren.,"['WFlaechen', 'Faehren']",[]
Distance Join Query,Provide a list of road that are within 2 kilometers of each Plaetze.,"['road', 'Plaetze']",[]
Distance Join Query,What Flaechen are within 2 kilometer of each WFlaechen?,"['Flaechen', 'WFlaechen']",[]
Distance Join Query,What Wasserumland2 are situated within 1 kilometer of each UBahnhof?,"['Wasserumland2', 'UBahnhof']",[]
Distance Join Query,What Landstrassen2 are available within 3 kilometers of each Sehenswuerdreg?,"['Landstrassen2', 'Sehenswuerdreg']",[]
Distance Join Query,Can you recommend any WFlaechen within 2 kilometers of each Kinos?,"['WFlaechen', 'Kinos']",[]
Distance Join Query,"Which Orte2 can be found within close proximity to each Sehenswuerdpoi2, within a 1 kilometer radius?","['Orte2', 'Sehenswuerdpoi2']",[]
Distance Join Query,Please list WFlaechen within 5 kilometers of each Sehenswuerdreg.,"['WFlaechen', 'Sehenswuerdreg']",[]
Distance Join Query,Can you suggest any Sehenswuerdreg within 4 kilometers of each Faehren?,"['Sehenswuerdreg', 'Faehren']",[]
Distance Join Query,Please provide a list of OrteCity that are within 5 kilometers of each WStrassen.,"['OrteCity', 'WStrassen']",[]
Distance Join Query,List the walking distance from Ahrensfelde to Klingsorstr. in strassen.,['strassen'],"['Ahrensfelde', 'Klingsorstr.']"
Distance Join Query,Which Sehenswuerdreg are located within 4 kilometer of each Wasserumland2?,"['Sehenswuerdreg', 'Wasserumland2']",[]
Distance Join Query,Can you recommend any Sehenswuerdreg within 2 kilometer of each SBahn?,"['Sehenswuerdreg', 'SBahn']",[]
Distance Join Query,What Sehenswuerdreg are available within 3 kilometers of each Flaechen?,"['Sehenswuerdreg', 'Flaechen']",[]
Distance Join Query,Find the distance between Mauerpark to Lietzensee in WFlaechen.,['WFlaechen'],"['Mauerpark', 'Lietzensee']"
Distance Join Query,Please list PLZBoundaries within 4 kilometers of each OrteCity.,"['PLZBoundaries', 'OrteCity']",[]
Distance Join Query,"Which UBahn can be found within close proximity to each SBahn, within a 5 kilometer radius?","['UBahn', 'SBahn']",[]
Distance Join Query,What Faehren are available within 2 kilometers of each strassen?,"['Faehren', 'strassen']",[]
Distance Join Query,What is the travel time from Xinglong Road to Behlertstr. (Potsdam) in Landstrassen.,['Landstrassen'],"['Xinglong Road', 'Behlertstr. (Potsdam)']"
Distance Join Query,What are SBahn within 4 kilometers of each Flaechen?,"['SBahn', 'Flaechen']",[]
Distance Join Query,Can you recommend any RBahn within 5 kilometers of each Flaechen?,"['RBahn', 'Flaechen']",[]
Distance Join Query,WFlaechen within 3km of each Flaechen?,"['WFlaechen', 'Flaechen']",[]
Distance Join Query,What are Sehenswuerdpoi within 4 kilometers of each road?,"['Sehenswuerdpoi', 'road']",[]
Distance Join Query,Show me the Sehenswuerdreg within 3 kilometers of each Orte2.,"['Sehenswuerdreg', 'Orte2']",[]
Distance Join Query,I'm interested in knowing the nearby Sehenswuerdreg are within 4 kilometer of each WFlaechen.,"['Sehenswuerdreg', 'WFlaechen']",[]
Distance Join Query,Identify the WStrassen within 3 kilometers of each RBahnhof.,"['WStrassen', 'RBahnhof']",[]
Distance Join Query,"Find the closest Sehenswuerdreg to each WFlaechen, considering a maximum distance of 3 miles.","['Sehenswuerdreg', 'WFlaechen']",[]
Distance Join Query,Could you provide information on the WFlaechen within 3 kilometers of each Sehenswuerdreg?,"['WFlaechen', 'Sehenswuerdreg']",[]
Distance Join Query,"Find the closest Sehenswuerdpoi2 to each Flaechen, considering a maximum distance of 2 miles.","['Sehenswuerdpoi2', 'Flaechen']",[]
Distance Join Query,Could you provide information on the Kneipen within 3 kilometers of each PLZBoundaries?,"['Kneipen', 'PLZBoundaries']",[]
Distance Join Query,Can you suggest any WFlaechen within 3 kilometers of each Sehenswuerdreg?,"['WFlaechen', 'Sehenswuerdreg']",[]
Distance Join Query,What Sehenswuerdreg are situated within 2 kilometer of each WFlaechen?,"['Sehenswuerdreg', 'WFlaechen']",[]
Distance Join Query,List the walking distance from Schadeleben - Quedlinburg to Waldstr. (Hessenwinkel) in strassen.,['strassen'],"['Schadeleben - Quedlinburg', 'Waldstr. (Hessenwinkel)']"
Distance Join Query,What Landstrassen2 are available within 4 kilometers of each Sehenswuerdreg?,"['Landstrassen2', 'Sehenswuerdreg']",[]
Distance Join Query,What Flaechen are within 3 kilometer of each Sehenswuerdreg?,"['Flaechen', 'Sehenswuerdreg']",[]
Distance Join Query,"List the walking distance from Jungfernheide to Friedrichsfelde - Stegelitz, Ausbau in Landstrassen2.",['Landstrassen2'],"['Jungfernheide', 'Friedrichsfelde - Stegelitz, Ausbau']"
Distance Join Query,Can you suggest any road within 5 kilometers of each Kinos?,"['road', 'Kinos']",[]
Distance Join Query,What WFlaechen are situated within 2 kilometer of each Flaechen?,"['WFlaechen', 'Flaechen']",[]
Distance Join Query,Identify the Sehenswuerdreg within 2 kilometers of each UBahnhof.,"['Sehenswuerdreg', 'UBahnhof']",[]
Distance Join Query,What WFlaechen are within 3 kilometer of each Kinos?,"['WFlaechen', 'Kinos']",[]
Distance Join Query,List the walking distance from Melita Sundström to Rummelsburger See in WFlaechen.,['WFlaechen'],"['Melita Sundström', 'Rummelsburger See']"
Distance Join Query,I'm interested in knowing the nearby Plaetze are within 5 kilometer of each Wasserumland2.,"['Plaetze', 'Wasserumland2']",[]
Distance Join Query,What are UBahn within 1 kilometers of each road?,"['UBahn', 'road']",[]
Distance Join Query,Please list Restaurants within 2 kilometers of each SBahn.,"['Restaurants', 'SBahn']",[]
Distance Join Query,Which RBahnhof are located within 4 kilometer of each UBahnhof?,"['RBahnhof', 'UBahnhof']",[]
Distance Join Query,Provide a list of Kinos that are within 4 kilometers of each Flaechen.,"['Kinos', 'Flaechen']",[]
Distance Join Query,Could you provide information on the WFlaechen within 3 kilometers of each Kneipen?,"['WFlaechen', 'Kneipen']",[]
Distance Join Query,Could you provide information on the road within 5 kilometers of each WFlaechen?,"['road', 'WFlaechen']",[]
Distance Join Query,Could you provide information on the Sehenswuerdreg within 5 kilometers of each Plaetze?,"['Sehenswuerdreg', 'Plaetze']",[]
Distance Join Query,Are there any SBahnhof within 3 kilometers of each Faehren?,"['SBahnhof', 'Faehren']",[]
Distance Join Query,Can you provide the flight distance from Schloß Pfaueninsel to Spree in WFlaechen.,['WFlaechen'],"['Schloß Pfaueninsel', 'Spree']"
Distance Join Query,What is the distance from Sojus Berlin to Kudamm-Karree in Sehenswuerdpoi.,['Sehenswuerdpoi'],"['Sojus Berlin', 'Kudamm-Karree']"
Distance Join Query,Could you tell me which WFlaechen are within 3 kilometer of each Sehenswuerdreg?,"['WFlaechen', 'Sehenswuerdreg']",[]
Distance Join Query,Are there any RBahn within 1 kilometers of each Sehenswuerdreg?,"['RBahn', 'Sehenswuerdreg']",[]
Distance Join Query,"Find the closest Faehren to each UBahn, considering a maximum distance of 3 miles.","['Faehren', 'UBahn']",[]
Distance Join Query,Please list Flaechen within 3 kilometers of each SBahn.,"['Flaechen', 'SBahn']",[]
Distance Join Query,Can you suggest any Landstrassen within 4 kilometers of each Landstrassen2?,"['Landstrassen', 'Landstrassen2']",[]
Distance Join Query,Are there any Sehenswuerdreg within 3 kilometers of each Restaurants?,"['Sehenswuerdreg', 'Restaurants']",[]
Distance Join Query,Which UBahn are within 2 kilometer of each Landstrassen?,"['UBahn', 'Landstrassen']",[]
Distance Join Query,Please provide a list of Sehenswuerdreg that are within 4 kilometers of each OrteCity.,"['Sehenswuerdreg', 'OrteCity']",[]
Distance Join Query,What is the distance from Königsheide to Schlachtensee in WFlaechen.,['WFlaechen'],"['Königsheide', 'Schlachtensee']"
Distance Join Query,Find the distance between Fengyi Street to Linda (Elster) in RBahnhof.,['RBahnhof'],"['Fengyi Street', 'Linda (Elster)']"
Distance Join Query,What Sehenswuerdreg are situated within 2 kilometer of each WFlaechen?,"['Sehenswuerdreg', 'WFlaechen']",[]
Distance Join Query,Calculate the driving distance from Semmelländerweg to Wiesenburg in Orte2.,['Orte2'],"['Semmelländerweg', 'Wiesenburg']"
Distance Join Query,Which Kinos are within 2 kilometer of each road?,"['Kinos', 'road']",[]
Distance Join Query,Find the distance between Britzer Garten to Aalemannkanal in WFlaechen.,['WFlaechen'],"['Britzer Garten', 'Aalemannkanal']"
Distance Join Query,Please provide a list of Flaechen that are within 5 kilometers of each Faehren.,"['Flaechen', 'Faehren']",[]
Distance Join Query,Calculate the driving distance from Gartz to Alt-Tempelhof in UBahnhof.,['UBahnhof'],"['Gartz', 'Alt-Tempelhof']"
Distance Join Query,"Which Landstrassen2 can be found within close proximity to each Flaechen, within a 3 kilometer radius?","['Landstrassen2', 'Flaechen']",[]
Distance Join Query,Sehenswuerdpoi near each Orte2 within 2km?,"['Sehenswuerdpoi', 'Orte2']",[]
Distance Join Query,What UBahnhof are situated within 2 kilometer of each road?,"['UBahnhof', 'road']",[]
Distance Join Query,Which Flaechen are within 4 kilometer of each Plaetze?,"['Flaechen', 'Plaetze']",[]
Distance Join Query,Can you suggest any Flaechen within 1 kilometers of each Sehenswuerdreg?,"['Flaechen', 'Sehenswuerdreg']",[]
Distance Join Query,List the walking distance from Shell to RB27 in RBahn.,['RBahn'],"['Shell', 'RB27']"
Distance Join Query,Sehenswuerdpoi2 near each strassen within 3km?,"['Sehenswuerdpoi2', 'strassen']",[]
Distance Join Query,"Can you provide the flight distance from RE3,RB60 to Strehla in Orte2.",['Orte2'],"['RE3,RB60', 'Strehla']"
Distance Join Query,What is the distance from Lindwerder to Berliner Forst Spandau in Flaechen.,['Flaechen'],"['Lindwerder', 'Berliner Forst Spandau']"
Distance Join Query,Calculate the driving distance from Kremmen - Fehrbellin to Großer Krukowsee in Wasserumland2.,['Wasserumland2'],"['Kremmen - Fehrbellin', 'Großer Krukowsee']"
Distance Join Query,Determine the travel time from Sowjetisches Ehrenmal (Treptower Park) to Kongreßhalle in Sehenswuerdreg.,['Sehenswuerdreg'],"['Sowjetisches Ehrenmal (Treptower Park)', 'Kongreßhalle']"
Distance Join Query,RBahnhof near each Restaurants within 3km?,"['RBahnhof', 'Restaurants']",[]
Distance Join Query,Can you recommend any PLZBoundaries within 2 kilometer of each Landstrassen2?,"['PLZBoundaries', 'Landstrassen2']",[]
Distance Join Query,Which PLZBoundaries are located within 1 kilometer of each RBahnhof?,"['PLZBoundaries', 'RBahnhof']",[]
Distance Join Query,List the walking distance from Holländerstr. to Schinkeldenkmal in Sehenswuerdpoi2.,['Sehenswuerdpoi2'],"['Holländerstr.', 'Schinkeldenkmal']"
Distance Join Query,Can you recommend any Wasserumland2 within 2 kilometers of each RBahn?,"['Wasserumland2', 'RBahn']",[]
Distance Join Query,Could you tell me which Landstrassen2 are within 4 kilometer of each PLZBoundaries?,"['Landstrassen2', 'PLZBoundaries']",[]
Distance Join Query,What is the travel time from Feinbeckerei to Karpfenteich in WFlaechen.,['WFlaechen'],"['Feinbeckerei', 'Karpfenteich']"
Distance Join Query,Can you recommend any Kinos within 1 kilometer of each UBahn?,"['Kinos', 'UBahn']",[]
Distance Join Query,Show me the Kneipen within 3 kilometers of each UBahnhof.,"['Kneipen', 'UBahnhof']",[]
Distance Join Query,Show me the PLZBoundaries within 3 kilometers of each WStrassen.,"['PLZBoundaries', 'WStrassen']",[]
Distance Join Query,Could you provide information on the WFlaechen within 5 kilometers of each Restaurants?,"['WFlaechen', 'Restaurants']",[]
Distance Join Query,road near each Landstrassen2 within 4km?,"['road', 'Landstrassen2']",[]
Distance Join Query,Can you suggest any WFlaechen within 4 kilometers of each Sehenswuerdpoi?,"['WFlaechen', 'Sehenswuerdpoi']",[]
Distance Join Query,Please provide a list of Kneipen that are within 2 kilometers of each Sehenswuerdpoi.,"['Kneipen', 'Sehenswuerdpoi']",[]
Distance Join Query,Find the distance between Potsdamer Platz Arkaden to Borgwallsee in Wasserumland2.,['Wasserumland2'],"['Potsdamer Platz Arkaden', 'Borgwallsee']"
Distance Join Query,Identify the SBahnhof within 4 kilometers of each WFlaechen.,"['SBahnhof', 'WFlaechen']",[]
Distance Join Query,What is the travel time from Troquet to Freizeitpark Tegel in Flaechen.,['Flaechen'],"['Troquet', 'Freizeitpark Tegel']"
Distance Join Query,Can you provide the flight distance from Boogaloo to Calau (Niederlausitz) in RBahnhof.,['RBahnhof'],"['Boogaloo', 'Calau (Niederlausitz)']"
Distance Join Query,Provide a list of UBahn that are within 5 kilometers of each Sehenswuerdreg.,"['UBahn', 'Sehenswuerdreg']",[]
Distance Join Query,What WStrassen are available within 2 kilometers of each Landstrassen?,"['WStrassen', 'Landstrassen']",[]
Distance Join Query,Provide a list of Sehenswuerdreg that are within 3 kilometers of each Plaetze.,"['Sehenswuerdreg', 'Plaetze']",[]
Distance Join Query,Can you suggest any Flaechen within 1 kilometers of each Kneipen?,"['Flaechen', 'Kneipen']",[]
Distance Join Query,Can you recommend any SBahn within 5 kilometer of each Landstrassen2?,"['SBahn', 'Landstrassen2']",[]
Distance Join Query,Can you recommend any Kinos within 4 kilometer of each Orte2?,"['Kinos', 'Orte2']",[]
Distance Join Query,Provide a list of WFlaechen that are within 5 kilometers of each Sehenswuerdreg.,"['WFlaechen', 'Sehenswuerdreg']",[]
Distance Join Query,What is the distance from Heidelberger Str. to Aquarium in Sehenswuerdreg.,['Sehenswuerdreg'],"['Heidelberger Str.', 'Aquarium']"
Distance Join Query,What PLZBoundaries are within 5 kilometer of each Flaechen?,"['PLZBoundaries', 'Flaechen']",[]
Distance Join Query,Locate the Orte2 that are within a 5 - mile radius of each Sehenswuerdreg.,"['Orte2', 'Sehenswuerdreg']",[]
Distance Join Query,Show me the road within 2 kilometers of each Kneipen.,"['road', 'Kneipen']",[]
Distance Join Query,Are there any UBahnhof within 3 kilometers of each Sehenswuerdreg?,"['UBahnhof', 'Sehenswuerdreg']",[]
Distance Join Query,Find the distance between KaDeWe to DRK-Klinikum Westend in Sehenswuerdpoi2.,['Sehenswuerdpoi2'],"['KaDeWe', 'DRK-Klinikum Westend']"
Distance Join Query,"Find the closest WFlaechen to each Wasserumland2, considering a maximum distance of 2 miles.","['WFlaechen', 'Wasserumland2']",[]
Distance Join Query,What is the travel time from Jungfernheide to Phoenix Holiday Travel in poi.,['poi'],"['Jungfernheide', 'Phoenix Holiday Travel']"
Distance Join Query,Calculate the driving distance from Caputh: Eisenbahnbrücke - Straße to Gedenkstätte Plötzensee in Sehenswuerdreg.,['Sehenswuerdreg'],"['Caputh: Eisenbahnbrücke - Straße', 'Gedenkstätte Plötzensee']"
Distance Join Query,Locate the SBahn that are within a 2 - mile radius of each Orte2.,"['SBahn', 'Orte2']",[]
Distance Join Query,Which Landstrassen2 are within a 5 kilometer radius of each UBahn?,"['Landstrassen2', 'UBahn']",[]
Distance Join Query,List PLZBoundaries within 1 kilometers of each WFlaechen.,"['PLZBoundaries', 'WFlaechen']",[]
Distance Join Query,I'm interested in knowing the nearby Flaechen are within 5 kilometer of each WStrassen.,"['Flaechen', 'WStrassen']",[]
Distance Join Query,"Find the closest Wasserumland2 to each WFlaechen, considering a maximum distance of 5 miles.","['Wasserumland2', 'WFlaechen']",[]
Distance Join Query,UBahn within 4km of each Landstrassen?,"['UBahn', 'Landstrassen']",[]
Distance Join Query,What are Sehenswuerdreg within 1 kilometers of each WFlaechen?,"['Sehenswuerdreg', 'WFlaechen']",[]
Distance Join Query,Show me the OrteCity within 2 kilometers of each PLZBoundaries.,"['OrteCity', 'PLZBoundaries']",[]
Distance Join Query,Which RBahn are within 5 kilometer of each SBahnhof?,"['RBahn', 'SBahnhof']",[]
Distance Join Query,Flaechen near each road within 5km?,"['Flaechen', 'road']",[]
Distance Join Query,Can you provide the flight distance from Theater des Westens to Deutschlandhalle in Sehenswuerdreg.,['Sehenswuerdreg'],"['Theater des Westens', 'Deutschlandhalle']"
Distance Join Query,Can you suggest any Sehenswuerdreg within 2 kilometers of each WFlaechen?,"['Sehenswuerdreg', 'WFlaechen']",[]
Distance Join Query,"Find the closest SBahnhof to each WFlaechen, considering a maximum distance of 1 miles.","['SBahnhof', 'WFlaechen']",[]
Distance Join Query,Which Sehenswuerdpoi2 are located within 4 kilometer of each Flaechen?,"['Sehenswuerdpoi2', 'Flaechen']",[]
Distance Join Query,Provide a list of WFlaechen that are within 4 kilometers of each UBahn.,"['WFlaechen', 'UBahn']",[]
Distance Join Query,Please list Flaechen within 4 kilometers of each WFlaechen.,"['Flaechen', 'WFlaechen']",[]
Distance Join Query,Which Kneipen are within 3 kilometer of each road?,"['Kneipen', 'road']",[]
Distance Join Query,What are Flaechen within 5 kilometers of each Wasserumland2?,"['Flaechen', 'Wasserumland2']",[]
Distance Join Query,Orte2 within 1km of each SBahn?,"['Orte2', 'SBahn']",[]
Distance Join Query,Landstrassen near each Flaechen within 5km?,"['Landstrassen', 'Flaechen']",[]
Distance Join Query,What WFlaechen are within 2 kilometer of each Kneipen?,"['WFlaechen', 'Kneipen']",[]
Nearest Neighbor Query,Please find the 1 closest WStrassen to Fennpfuhl.,['WStrassen'],['Fennpfuhl']
Nearest Neighbor Query,Identify the closest poi to Rathaus Friedenau.,['poi'],['Rathaus Friedenau']
Nearest Neighbor Query,Please tell me the 4 nearest Sehenswuerdpoi2 to this Bundesrat (?).,['Sehenswuerdpoi2'],['Bundesrat (?)']
Nearest Neighbor Query,Please tell me the nearest Flaechen to this Fennsee.,['Flaechen'],['Fennsee']
Nearest Neighbor Query,What are the 3 Wasserumland2 closest to Goethepark?,['Wasserumland2'],['Goethepark']
Nearest Neighbor Query,Determine the nearest point in Kneipen relative to Berlin-Museum.,['Kneipen'],['Berlin-Museum']
Nearest Neighbor Query,Can you recommend the 1 closest Flaechen to Shanguying Road?,['Flaechen'],['Shanguying Road']
Nearest Neighbor Query,Can you tell me the nearest poi to Südhafen?,['poi'],['Südhafen']
Nearest Neighbor Query,Please tell me the nearest WFlaechen to this Malchow.,['WFlaechen'],['Malchow']
Nearest Neighbor Query,Find the closest PLZBoundaries to Schönwalde - Mönchmühler See.,['PLZBoundaries'],['Schönwalde - Mönchmühler See']
Nearest Neighbor Query,Provide information about the 2 closest PLZBoundaries to Horstweg (Potsdam).,['PLZBoundaries'],['Horstweg (Potsdam)']
Nearest Neighbor Query,Determine the closest point in Sehenswuerdpoi2 relative to Blackpoint.,['Sehenswuerdpoi2'],['Blackpoint']
Nearest Neighbor Query,What are the 5 WStrassen closest to Schloßallee?,['WStrassen'],['Schloßallee']
Nearest Neighbor Query,Please tell me the 2 strassen closest to Bundesrat (?).,['strassen'],['Bundesrat (?)']
Nearest Neighbor Query,Focus on the closest line in Landstrassen from Ludwigkirchplatz.,['Landstrassen'],['Ludwigkirchplatz']
Nearest Neighbor Query,Provide information about the 2 closest Wasserumland2 to Stülerstr..,['Wasserumland2'],['Stülerstr.']
Nearest Neighbor Query,Can you recommend the 1 nearest RBahn to Hämmerlingstr.?,['RBahn'],['Hämmerlingstr.']
Nearest Neighbor Query,Please tell me where is the nearest Restaurants to (R1).,['Restaurants'],['(R1)']
Nearest Neighbor Query,Show me the closest Sehenswuerdreg to Volkspark Anton Saefkow.,['Sehenswuerdreg'],['Volkspark Anton Saefkow']
Nearest Neighbor Query,Please tell me the nearest OrteCity to this Welserstr..,['OrteCity'],['Welserstr.']
Nearest Neighbor Query,Which are the 4 Sehenswuerdpoi closest to Geesthacht?,['Sehenswuerdpoi'],['Geesthacht']
Nearest Neighbor Query,Locate the closest point in Kinos near Freizeitpark Tegel.,['Kinos'],['Freizeitpark Tegel']
Nearest Neighbor Query,Provide details of the 4 closest Restaurants to Neuendorf.,['Restaurants'],['Neuendorf']
Nearest Neighbor Query,Identify the closest Landstrassen2 to Sembritzkistr..,['Landstrassen2'],['Sembritzkistr.']
Nearest Neighbor Query,Please tell me the 4 nearest UBahnhof near Elbe?,['UBahnhof'],['Elbe']
Nearest Neighbor Query,Show me the closest line in strassen from Neue Synagoge.,['strassen'],['Neue Synagoge']
Nearest Neighbor Query,Provide information about the 1 closest WFlaechen to Ruhland.,['WFlaechen'],['Ruhland']
Nearest Neighbor Query,Find the nearest region in Flaechen near Butzer See.,['Flaechen'],['Butzer See']
Nearest Neighbor Query,Select the closest region to Orte2 within Schloß Friedrichsfelde.,['Orte2'],['Schloß Friedrichsfelde']
Nearest Neighbor Query,Can you recommend the 3 nearest WStrassen to Planitzstr.?,['WStrassen'],['Planitzstr.']
Nearest Neighbor Query,What are the 1 Landstrassen2 closest to B96: Berlin - Baruth?,['Landstrassen2'],['B96: Berlin - Baruth']
Nearest Neighbor Query,Please tell me the 1 RBahn closest to Spree.,['RBahn'],['Spree']
Nearest Neighbor Query,Locate the closest point in SBahnhof near Rathaus Köpenick.,['SBahnhof'],['Rathaus Köpenick']
Nearest Neighbor Query,Please tell me the 2 nearest poi to this Markgrafenstr. (Mahlsdorf).,['poi'],['Markgrafenstr. (Mahlsdorf)']
Nearest Neighbor Query,Show me the closest point in Orte2 from Großer Tietzensee.,['Orte2'],['Großer Tietzensee']
Nearest Neighbor Query,Determine the closest point in Plaetze relative to Beiting Lane.,['Plaetze'],['Beiting Lane']
Nearest Neighbor Query,Locate the closest point in UBahnhof near Hundsteinweg.,['UBahnhof'],['Hundsteinweg']
Nearest Neighbor Query,Provide information about the 4 closest Sehenswuerdreg to Prinzessinnenstr. (Kreuzberg).,['Sehenswuerdreg'],['Prinzessinnenstr. (Kreuzberg)']
Nearest Neighbor Query,Select the nearest line in Faehren to Krasselt's Imbiß.,['Faehren'],"[""Krasselt's Imbiß""]"
Nearest Neighbor Query,Please find the 2 Flaechen nearest Longkou Road.,['Flaechen'],['Longkou Road']
Nearest Neighbor Query,Select the closest region in Sehenswuerdreg to Jungfernsteig.,['Sehenswuerdreg'],['Jungfernsteig']
Nearest Neighbor Query,Find the nearest Flaechen to Lachmannstr..,['Flaechen'],['Lachmannstr.']
Nearest Neighbor Query,Please find the 4 WFlaechen nearest S5.,['WFlaechen'],['S5']
Nearest Neighbor Query,What are the 3 nearest Plaetze to Berliner Forst Spandau?,['Plaetze'],['Berliner Forst Spandau']
Nearest Neighbor Query,Please tell me the nearest Orte2 to this Neue Wache.,['Orte2'],['Neue Wache']
Nearest Neighbor Query,Highlight the nearest region to WStrassen in Insel der Jugend.,['WStrassen'],['Insel der Jugend']
Nearest Neighbor Query,What are the 1 UBahnhof closest to Luisenhain?,['UBahnhof'],['Luisenhain']
Nearest Neighbor Query,Which is the closest Sehenswuerdreg to Kieler Str. (B5/B112) (Frankfurt)?,['Sehenswuerdreg'],['Kieler Str. (B5/B112) (Frankfurt)']
Nearest Neighbor Query,Provide details of the 2 closest Wasserumland2 to Priort.,['Wasserumland2'],['Priort']
Nearest Neighbor Query,Can you tell me the 4 closest Kinos to Landschaftspark Wuhletal?,['Kinos'],['Landschaftspark Wuhletal']
Nearest Neighbor Query,Please find the 2 WFlaechen nearest Platz des 18. März.,['WFlaechen'],['Platz des 18. März']
Nearest Neighbor Query,Which is the closest Flaechen to Bovril?,['Flaechen'],['Bovril']
Nearest Neighbor Query,Find out which strassen is the closest to ehem. Luisenstädtischer Kanal.,['strassen'],['ehem. Luisenstädtischer Kanal']
Nearest Neighbor Query,Show me the 2 closest WFlaechen to Mittendrin.,['WFlaechen'],['Mittendrin']
Nearest Neighbor Query,Locate the closest WFlaechen to Deutscher Dom.,['WFlaechen'],['Deutscher Dom']
Nearest Neighbor Query,Please find the 1 Kneipen nearest YAAM.,['Kneipen'],['YAAM']
Nearest Neighbor Query,Focus on the closest line in Wasserumland2 from Kino Kiste.,['Wasserumland2'],['Kino Kiste']
Nearest Neighbor Query,Provide details of the 1 closest Sehenswuerdreg to Landsberger Chaussee (Eiche).,['Sehenswuerdreg'],['Landsberger Chaussee (Eiche)']
Nearest Neighbor Query,Determine the nearest line in Wasserumland2 relative to Halbe.,['Wasserumland2'],['Halbe']
Nearest Neighbor Query,Get the closest region near Flaechen in Thielpark.,['Flaechen'],['Thielpark']
Nearest Neighbor Query,Select the nearest line in WStrassen to Rigaer Str..,['WStrassen'],['Rigaer Str.']
Nearest Neighbor Query,Retrieve the nearest point within Plaetze compared to Kurdistan.,['Plaetze'],['Kurdistan']
Nearest Neighbor Query,Select the closest line to Flaechen within Am Bahndamm (Köpenick).,['Flaechen'],['Am Bahndamm (Köpenick)']
Nearest Neighbor Query,List the 2 UBahn closest to Humboldt-Universität.,['UBahn'],['Humboldt-Universität']
Nearest Neighbor Query,Find the 5 closest WStrassen to RB25.,['WStrassen'],['RB25']
Nearest Neighbor Query,Determine the nearest point in Sehenswuerdpoi2 relative to An der Mäckeritzbrücke.,['Sehenswuerdpoi2'],['An der Mäckeritzbrücke']
Nearest Neighbor Query,Can you recommend the 4 closest Kneipen to Ruhlebener Altarm?,['Kneipen'],['Ruhlebener Altarm']
Nearest Neighbor Query,Find the closest 1 SBahn in the neighborhood of Der Faule See.,['SBahn'],['Der Faule See']
Nearest Neighbor Query,Select the closest line in SBahn to Fürstenwerder.,['SBahn'],['Fürstenwerder']
Nearest Neighbor Query,List the 2 RBahnhof that are closest to Böcklerpark.,['RBahnhof'],['Böcklerpark']
Nearest Neighbor Query,Please find the 2 closest Flaechen to Binenwalde.,['Flaechen'],['Binenwalde']
Nearest Neighbor Query,Find the nearest line in SBahn near Binenwalde.,['SBahn'],['Binenwalde']
Nearest Neighbor Query,Show me the closest Wasserumland2 to Funkturm.,['Wasserumland2'],['Funkturm']
Nearest Neighbor Query,List the 3 Sehenswuerdreg that are closest to Kasiske.,['Sehenswuerdreg'],['Kasiske']
Nearest Neighbor Query,Identify the closest UBahnhof to Schwaneberg.,['UBahnhof'],['Schwaneberg']
Nearest Neighbor Query,Provide information about the 4 closest Sehenswuerdreg to Leuthener Platz.,['Sehenswuerdreg'],['Leuthener Platz']
Nearest Neighbor Query,Determine the closest point in Sehenswuerdpoi2 relative to Hubertussee.,['Sehenswuerdpoi2'],['Hubertussee']
Nearest Neighbor Query,Which SBahnhof are the 5 closest to Ullsteinstr.?,['SBahnhof'],['Ullsteinstr.']
Nearest Neighbor Query,Find the closest point to strassen within Grünbergallee.,['strassen'],['Grünbergallee']
Nearest Neighbor Query,Which PLZBoundaries are the 2 closest to Krankenhaus Neukölln?,['PLZBoundaries'],['Krankenhaus Neukölln']
Nearest Neighbor Query,Find the 2 nearest Flaechen to Havanna.,['Flaechen'],['Havanna']
Nearest Neighbor Query,Can you tell me the 2 closest RBahnhof to Bole Park?,['RBahnhof'],['Bole Park']
Nearest Neighbor Query,Determine the closest line in WStrassen relative to Rudolf-Breitscheid-Str. (Woltersdorf).,['WStrassen'],['Rudolf-Breitscheid-Str. (Woltersdorf)']
Nearest Neighbor Query,Show me the closest Flaechen to Plantagenstr. (Steglitz).,['Flaechen'],['Plantagenstr. (Steglitz)']
Nearest Neighbor Query,Identify the closest Flaechen to Nola.,['Flaechen'],['Nola']
Nearest Neighbor Query,Locate the nearest point in Plaetze from Südstern.,['Plaetze'],['Südstern']
Nearest Neighbor Query,Please find the 5 closest road to Longqun Road.,['road'],['Longqun Road']
Nearest Neighbor Query,Identify the closest Sehenswuerdreg to Briesingstr..,['Sehenswuerdreg'],['Briesingstr.']
Nearest Neighbor Query,Find the closest 2 Orte2 in the neighborhood of Mönkebude.,['Orte2'],['Mönkebude']
Nearest Neighbor Query,Please tell me where is the nearest road to Kleinziethen - Großziethen.,['road'],['Kleinziethen - Großziethen']
Nearest Neighbor Query,Show me the closest region in Flaechen from Meiersberg.,['Flaechen'],['Meiersberg']
Nearest Neighbor Query,Locate the closest region in WFlaechen near Naturtheater Hasenheide.,['WFlaechen'],['Naturtheater Hasenheide']
Nearest Neighbor Query,Please tell me the 3 nearest Landstrassen2 near Barssee?,['Landstrassen2'],['Barssee']
Nearest Neighbor Query,What are the 3 closest UBahnhof to Holländisches Viertel?,['UBahnhof'],['Holländisches Viertel']
Nearest Neighbor Query,Identify the closest Plaetze to Mittelheide.,['Plaetze'],['Mittelheide']
Nearest Neighbor Query,Which is the nearest Orte2 to Heinrich-Lassen-Park?,['Orte2'],['Heinrich-Lassen-Park']
Nearest Neighbor Query,Please tell me the 3 WFlaechen closest to Gatower Heide.,['WFlaechen'],['Gatower Heide']
Nearest Neighbor Query,Determine the nearest point in Plaetze relative to Städtisches Krankenhaus Friedrichshain.,['Plaetze'],['Städtisches Krankenhaus Friedrichshain']
Nearest Neighbor Query,Highlight the nearest point in SBahnhof to Dallgow-Döberitz.,['SBahnhof'],['Dallgow-Döberitz']
Nearest Neighbor Query,Find the closest Flaechen to Hebbeltheater.,['Flaechen'],['Hebbeltheater']
Nearest Neighbor Query,Find the 4 nearest Flaechen to Nantang Road.,['Flaechen'],['Nantang Road']
Nearest Neighbor Query,Please tell me the 1 Flaechen closest to Valentinswerder.,['Flaechen'],['Valentinswerder']
Nearest Neighbor Query,Can you recommend the 1 closest Landstrassen to Westhafen?,['Landstrassen'],['Westhafen']
Nearest Neighbor Query,Please tell me where is the nearest Sehenswuerdpoi to Holländisches Viertel.,['Sehenswuerdpoi'],['Holländisches Viertel']
Nearest Neighbor Query,Which are the 4 Flaechen closest to Lauchhammer?,['Flaechen'],['Lauchhammer']
Nearest Neighbor Query,Retrieve the nearest point within RBahnhof compared to Akademie der Künste.,['RBahnhof'],['Akademie der Künste']
Nearest Neighbor Query,What is the closest RBahnhof to Lilienthalpark?,['RBahnhof'],['Lilienthalpark']
Nearest Neighbor Query,Get the closest point near WStrassen in Kruckenbergstr..,['WStrassen'],['Kruckenbergstr.']
Nearest Neighbor Query,Find the closest SBahnhof to Cube Club.,['SBahnhof'],['Cube Club']
Nearest Neighbor Query,Get the closest line near WFlaechen in Mittelheide.,['WFlaechen'],['Mittelheide']
Nearest Neighbor Query,Show me the 3 nearest PLZBoundaries to Zionskirche.,['PLZBoundaries'],['Zionskirche']
Nearest Neighbor Query,Find out which Kinos is the closest to Fritz-Wildung-Str..,['Kinos'],['Fritz-Wildung-Str.']
Nearest Neighbor Query,Can you recommend the 1 closest Sehenswuerdpoi to (Waldweg an der S-Bahn)?,['Sehenswuerdpoi'],['(Waldweg an der S-Bahn)']
Nearest Neighbor Query,Show me the 2 closest RBahnhof to Café Moskau.,['RBahnhof'],['Café Moskau']
Nearest Neighbor Query,Identify the closest point in Restaurants from Kleiner Wannsee.,['Restaurants'],['Kleiner Wannsee']
Nearest Neighbor Query,Get the closest region near Sehenswuerdreg in Sowjetisches Ehrenmal (Treptower Park).,['Sehenswuerdreg'],['Sowjetisches Ehrenmal (Treptower Park)']
Nearest Neighbor Query,Find the 4 closest Wasserumland2 to Atlantic.,['Wasserumland2'],['Atlantic']
Nearest Neighbor Query,Identify the closest point in Orte2 from Friedrichstr..,['Orte2'],['Friedrichstr.']
Nearest Neighbor Query,Select the closest point in Kinos to Karlplatz.,['Kinos'],['Karlplatz']
Nearest Neighbor Query,Please find the 1 nearest Sehenswuerdreg to Teltowkanal.,['Sehenswuerdreg'],['Teltowkanal']
Nearest Neighbor Query,Provide details of the 4 closest RBahnhof to Gedenkstätte Haus d. Wanseekonferenz.,['RBahnhof'],['Gedenkstätte Haus d. Wanseekonferenz']
Nearest Neighbor Query,Please find the 1 closest WFlaechen to Drugstore.,['WFlaechen'],['Drugstore']
Nearest Neighbor Query,Determine the closest region in Sehenswuerdreg relative to Mariannenstr. (Kreuzberg).,['Sehenswuerdreg'],['Mariannenstr. (Kreuzberg)']
Nearest Neighbor Query,Please tell me the 5 nearest Orte2 to this Neue Krugallee.,['Orte2'],['Neue Krugallee']
Nearest Neighbor Query,Determine the closest region in Flaechen relative to S7.,['Flaechen'],['S7']
Nearest Neighbor Query,Determine the closest WFlaechen to Haus des Rundfunks.,['WFlaechen'],['Haus des Rundfunks']
Nearest Neighbor Query,Find out the 3 Sehenswuerdpoi closest to Restaurant Potsdamer Platz 1.,['Sehenswuerdpoi'],['Restaurant Potsdamer Platz 1']
Nearest Neighbor Query,What are the 4 closest Plaetze to Elbe?,['Plaetze'],['Elbe']
Nearest Neighbor Query,Show me the 2 closest Sehenswuerdreg to XTC.,['Sehenswuerdreg'],['XTC']
Nearest Neighbor Query,Can you recommend the 1 nearest UBahn to Landschaftspark Wuhletal?,['UBahn'],['Landschaftspark Wuhletal']
Nearest Neighbor Query,Find the closest SBahn to Nordbahnhof.,['SBahn'],['Nordbahnhof']
Nearest Neighbor Query,Can you recommend the nearest Sehenswuerdreg to RB27?,['Sehenswuerdreg'],['RB27']
Nearest Neighbor Query,Can you tell me the 2 closest road to Rossija?,['road'],['Rossija']
Nearest Neighbor Query,Please tell me the nearest RBahnhof to this Musik Pub.,['RBahnhof'],['Musik Pub']
Nearest Neighbor Query,Show me the closest line in UBahn from Feinbäckerei.,['UBahn'],['Feinbäckerei']
Nearest Neighbor Query,Can you tell me the 4 closest Landstrassen to Postmuseum?,['Landstrassen'],['Postmuseum']
Nearest Neighbor Query,Provide information about the 5 closest WFlaechen to Bundesrat (?).,['WFlaechen'],['Bundesrat (?)']
Nearest Neighbor Query,Highlight the nearest point to road in Schloß Cecilienhof.,['road'],['Schloß Cecilienhof']
Nearest Neighbor Query,Please tell me the 2 nearest WFlaechen to this Hubertussee.,['WFlaechen'],['Hubertussee']
Nearest Neighbor Query,Find the 2 closest SBahnhof to Park Sanssouci.,['SBahnhof'],['Park Sanssouci']
Nearest Neighbor Query,Please tell me the 4 poi closest to Marlow.,['poi'],['Marlow']
Nearest Neighbor Query,Locate the 1 nearest RBahnhof to Brüssow.,['RBahnhof'],['Brüssow']
Nearest Neighbor Query,Which is the nearest WFlaechen to Frankfurt - Lossow?,['WFlaechen'],['Frankfurt - Lossow']
Nearest Neighbor Query,What are the 4 closest Plaetze to El Borriquito?,['Plaetze'],['El Borriquito']
Nearest Neighbor Query,Can you tell me the nearest Sehenswuerdreg to Triestpark?,['Sehenswuerdreg'],['Triestpark']
Nearest Neighbor Query,"Can you tell me the nearest RBahnhof to Tempelhofer Weg (Britz, Tempelhof)?",['RBahnhof'],"['Tempelhofer Weg (Britz, Tempelhof)']"
Nearest Neighbor Query,Locate the 5 closest Sehenswuerdreg to KaDeWe.,['Sehenswuerdreg'],['KaDeWe']
Nearest Neighbor Query,Which are the 5 Kinos closest to Xin'anjiang Street?,['Kinos'],"[""Xin'anjiang Street""]"
Nearest Neighbor Query,Provide details of the 3 closest SBahnhof to Oranienburger Str. (Mitte).,['SBahnhof'],['Oranienburger Str. (Mitte)']
Nearest Neighbor Query,Please tell me the 4 nearest road to this Lange Str. [vor Kaufhof].,['road'],['Lange Str. [vor Kaufhof]']
Nearest Neighbor Query,Determine the closest Kneipen to Schönow (Uckermark).,['Kneipen'],['Schönow (Uckermark)']
Nearest Neighbor Query,Identify the closest region in WFlaechen from Jägerallee (Potsdam).,['WFlaechen'],['Jägerallee (Potsdam)']
Nearest Neighbor Query,What is the nearest strassen to Elkartweg?,['strassen'],['Elkartweg']
Nearest Neighbor Query,Find out the 4 poi closest to Schloß Glienicke.,['poi'],['Schloß Glienicke']
Nearest Neighbor Query,Which Flaechen are the 3 closest to Kölpinsee?,['Flaechen'],['Kölpinsee']
Nearest Neighbor Query,Pinpoint the closest point in UBahnhof relative to Mahlenzien.,['UBahnhof'],['Mahlenzien']
Nearest Neighbor Query,Zoom in on the closest point in SBahnhof from Falkenberger Str..,['SBahnhof'],['Falkenberger Str.']
Nearest Neighbor Query,Get the closest line near Kinos in Engelbecken.,['Kinos'],['Engelbecken']
Nearest Neighbor Query,Identify the closest WFlaechen to Berliner Stadtforst Köpenick.,['WFlaechen'],['Berliner Stadtforst Köpenick']
Nearest Neighbor Query,Highlight the nearest point in Kneipen to Pestalozzistr. (Charlottenburg).,['Kneipen'],['Pestalozzistr. (Charlottenburg)']
Nearest Neighbor Query,Find the 5 closest Sehenswuerdreg to Der Insulaner.,['Sehenswuerdreg'],['Der Insulaner']
Nearest Neighbor Query,Show me the nearest strassen to Magazinstr. (Mitte).,['strassen'],['Magazinstr. (Mitte)']
Nearest Neighbor Query,Show me the 1 nearest UBahn to Arneburg.,['UBahn'],['Arneburg']
Nearest Neighbor Query,Can you recommend the 3 nearest WFlaechen to Haus des Rundfunks?,['WFlaechen'],['Haus des Rundfunks']
Nearest Neighbor Query,Provide details of the 3 closest poi to Eiswerder.,['poi'],['Eiswerder']
Nearest Neighbor Query,Please tell me the nearest Landstrassen to this Stadtbibliothek.,['Landstrassen'],['Stadtbibliothek']
Nearest Neighbor Query,Determine the nearest region in WFlaechen relative to Lessingstr. (Eberswalde).,['WFlaechen'],['Lessingstr. (Eberswalde)']
Nearest Neighbor Query,Can you recommend the nearest strassen to Stölpchensee?,['strassen'],['Stölpchensee']
Nearest Neighbor Query,Which are the 1 SBahn closest to Ortolfstr.?,['SBahn'],['Ortolfstr.']
Nearest Neighbor Query,Find out which Plaetze is the closest to Savoy Hotel + Restaurant.,['Plaetze'],['Savoy Hotel + Restaurant']
Nearest Neighbor Query,Locate the closest point in Kneipen near Berliner Stadtforst Köpenick.,['Kneipen'],['Berliner Stadtforst Köpenick']
Nearest Neighbor Query,What is the nearest Flaechen to Georgenstr. (Mitte)?,['Flaechen'],['Georgenstr. (Mitte)']
Nearest Neighbor Query,Please tell me the 3 nearest UBahn to this Wilmersdorf|Uckermark.,['UBahn'],['Wilmersdorf|Uckermark']
Nearest Neighbor Query,Show me the closest Kneipen to B404.,['Kneipen'],['B404']
Nearest Neighbor Query,Determine the nearest region in Flaechen relative to Neuer Hönower Weg (Dahlwitz-Hoppegarten).,['Flaechen'],['Neuer Hönower Weg (Dahlwitz-Hoppegarten)']
Nearest Neighbor Query,Find the closest road to La Paloma.,['road'],['La Paloma']
Nearest Neighbor Query,Highlight the nearest region in Flaechen to RB33.,['Flaechen'],['RB33']
Nearest Neighbor Query,Identify the closest region in Flaechen from Schillerstr. (Charlottenburg).,['Flaechen'],['Schillerstr. (Charlottenburg)']
Nearest Neighbor Query,Locate the nearest WFlaechen to Kumpelnest.,['WFlaechen'],['Kumpelnest']
Nearest Neighbor Query,Please find the 1 closest Sehenswuerdreg to Bellevue.,['Sehenswuerdreg'],['Bellevue']
Nearest Neighbor Query,Please tell me the 4 nearest SBahnhof near Heiligensee?,['SBahnhof'],['Heiligensee']
Nearest Neighbor Query,Determine the closest WFlaechen to Heilandskirche (Sacrow).,['WFlaechen'],['Heilandskirche (Sacrow)']
Nearest Neighbor Query,Find the nearest Flaechen to Ollies.,['Flaechen'],['Ollies']
Nearest Neighbor Query,Please find the 2 nearest WFlaechen to Edelhofdamm.,['WFlaechen'],['Edelhofdamm']
Nearest Neighbor Query,"Show me the closest region in Flaechen from Knesebeckstr. (Charlottenburg, Wilmersdorf).",['Flaechen'],"['Knesebeckstr. (Charlottenburg, Wilmersdorf)']"
Nearest Neighbor Query,Determine the nearest region in Flaechen relative to Grüne Trift (Köpenick).,['Flaechen'],['Grüne Trift (Köpenick)']
Nearest Neighbor Query,Locate the 4 closest PLZBoundaries to Pichelsdorfer Gemünd.,['PLZBoundaries'],['Pichelsdorfer Gemünd']
Nearest Neighbor Query,Show me the 5 closest WFlaechen to Alt-Reinickendorf.,['WFlaechen'],['Alt-Reinickendorf']
Nearest Neighbor Query,Find the 4 closest Faehren to Café Merlin.,['Faehren'],['Café Merlin']
Nearest Neighbor Query,Show me the 2 nearest strassen to Volkspark Wilmersdorf.,['strassen'],['Volkspark Wilmersdorf']
Nearest Neighbor Query,Select the closest line in UBahn to Liebenthal.,['UBahn'],['Liebenthal']
Nearest Neighbor Query,Find the closest Sehenswuerdpoi to Kleiner Kuhwall.,['Sehenswuerdpoi'],['Kleiner Kuhwall']
Nearest Neighbor Query,Highlight the nearest point to Landstrassen in Flying Dutchman.,['Landstrassen'],['Flying Dutchman']
Nearest Neighbor Query,Snapshot the nearest region in WFlaechen to Möckernbrücke (U7).,['WFlaechen'],['Möckernbrücke (U7)']
Nearest Neighbor Query,Show me the 2 nearest Kinos to Markgrafenstr. (Mahlsdorf).,['Kinos'],['Markgrafenstr. (Mahlsdorf)']
Nearest Neighbor Query,Can you recommend the nearest strassen to Gedenkstätte Plötzensee?,['strassen'],['Gedenkstätte Plötzensee']
Nearest Neighbor Query,Select the closest point to Kneipen within Wuhlheide.,['Kneipen'],['Wuhlheide']
Nearest Neighbor Query,Can you recommend the nearest Flaechen to Platz der Luftbrücke?,['Flaechen'],['Platz der Luftbrücke']
Nearest Neighbor Query,Can you tell me the 1 nearest Faehren to Flughafen Berlin-Schönefeld?,['Faehren'],['Flughafen Berlin-Schönefeld']
Nearest Neighbor Query,Determine the nearest line in RBahn relative to Puvogel.,['RBahn'],['Puvogel']
Nearest Neighbor Query,Zoom in on the nearest point in RBahnhof from Uhlandstr. (Rosenthal).,['RBahnhof'],['Uhlandstr. (Rosenthal)']
Nearest Neighbor Query,Find the closest WFlaechen to Hammer - Liebenthal.,['WFlaechen'],['Hammer - Liebenthal']
Nearest Neighbor Query,Retrieve the nearest line within Landstrassen compared to Marienhöhe.,['Landstrassen'],['Marienhöhe']
Nearest Neighbor Query,Please tell me where is the nearest Orte2 to Neuwarper See.,['Orte2'],['Neuwarper See']
Nearest Neighbor Query,Locate the closest Sehenswuerdreg to Bellevuepark.,['Sehenswuerdreg'],['Bellevuepark']
Nearest Neighbor Query,Select the nearest region in Sehenswuerdreg to Hallesches Ufer.,['Sehenswuerdreg'],['Hallesches Ufer']
Nearest Neighbor Query,Please find the 3 nearest RBahn to Breitenbachplatz.,['RBahn'],['Breitenbachplatz']
Nearest Neighbor Query,Find the closest 3 Kneipen in the neighborhood of Villa Borsig.,['Kneipen'],['Villa Borsig']
Nearest Neighbor Query,Can you tell me the 5 closest Flaechen to Baumschulenstr.?,['Flaechen'],['Baumschulenstr.']
Nearest Neighbor Query,List the 4 closest UBahnhof near Dänische Wiek.,['UBahnhof'],['Dänische Wiek']
Nearest Neighbor Query,Please tell me the 2 RBahn closest to Medienstadt Babelsberg.,['RBahn'],['Medienstadt Babelsberg']
Nearest Neighbor Query,List the 3 RBahnhof closest to Weinbergstr. (Eberswalde).,['RBahnhof'],['Weinbergstr. (Eberswalde)']
Nearest Neighbor Query,Can you recommend the 3 nearest Wasserumland2 to Alt-Kladow?,['Wasserumland2'],['Alt-Kladow']
Nearest Neighbor Query,Find the 1 closest WFlaechen to Ostritz.,['WFlaechen'],['Ostritz']
Nearest Neighbor Query,Which is the nearest OrteCity to Treplin - Alt Zeschdorf?,['OrteCity'],['Treplin - Alt Zeschdorf']
Nearest Neighbor Query,What is the nearest WStrassen to Wilskistr.?,['WStrassen'],['Wilskistr.']
Nearest Neighbor Query,List the 1 Flaechen closest to Battin - Bagemühl.,['Flaechen'],['Battin - Bagemühl']
Nearest Neighbor Query,Find out which WFlaechen is the closest to Marienthal.,['WFlaechen'],['Marienthal']
Nearest Neighbor Query,Find out which Plaetze is the closest to Langengrassau.,['Plaetze'],['Langengrassau']
Nearest Neighbor Query,Delineate the closest line to WFlaechen within Bürgerstr. (Britz).,['WFlaechen'],['Bürgerstr. (Britz)']
Nearest Neighbor Query,Provide details of the 1 closest UBahn to Longwang mountain scenic spot.,['UBahn'],['Longwang mountain scenic spot']
Nearest Neighbor Query,Find out the 3 Wasserumland2 closest to Berliner Str. (B1) (Potsdam).,['Wasserumland2'],['Berliner Str. (B1) (Potsdam)']
Nearest Neighbor Query,List the 1 SBahn closest to Buchholz - Steinhöfel.,['SBahn'],['Buchholz - Steinhöfel']
Nearest Neighbor Query,Identify the closest Restaurants to Basdorf - Zühlsdorf.,['Restaurants'],['Basdorf - Zühlsdorf']
Nearest Neighbor Query,Locate the closest region in Flaechen near Karl-Liebknecht-Str. (B115) (Cottbus).,['Flaechen'],['Karl-Liebknecht-Str. (B115) (Cottbus)']
Nearest Neighbor Query,Determine the nearest point in poi relative to Berliner Stadtforst Köpenick.,['poi'],['Berliner Stadtforst Köpenick']
Nearest Neighbor Query,Find the nearest region in Sehenswuerdreg to Fahrenwalde - Carmzow.,['Sehenswuerdreg'],['Fahrenwalde - Carmzow']
Nearest Neighbor Query,Pinpoint the closest point in Kinos relative to Tavola Calda.,['Kinos'],['Tavola Calda']
Nearest Neighbor Query,List the 4 Wasserumland2 closest to Adamswalde.,['Wasserumland2'],['Adamswalde']
Nearest Neighbor Query,Select the nearest point in Restaurants to Xiangshan Road.,['Restaurants'],['Xiangshan Road']
Nearest Neighbor Query,What are the 2 poi closest to Berliner Stadtforst Köpenick?,['poi'],['Berliner Stadtforst Köpenick']
Nearest Neighbor Query,"Get the closest point near Wasserumland2 in Elsenstr. (Neukölln, Treptow).",['Wasserumland2'],"['Elsenstr. (Neukölln, Treptow)']"
Nearest Neighbor Query,Provide information about the 1 closest WStrassen to Volkspark Mariendorf.,['WStrassen'],['Volkspark Mariendorf']
Nearest Neighbor Query,Find out the 4 road closest to Wildenbruchplatz.,['road'],['Wildenbruchplatz']
Nearest Neighbor Query,Delineate the closest region to Kneipen within Liebesinsel.,['Kneipen'],['Liebesinsel']
Nearest Neighbor Query,Please tell me where is the nearest Landstrassen2 to Neheimer Str..,['Landstrassen2'],['Neheimer Str.']
Nearest Neighbor Query,Can you recommend the nearest WFlaechen to Strausberg?,['WFlaechen'],['Strausberg']
Nearest Neighbor Query,"Select the nearest point in Restaurants to RE1,RB46,RB49.",['Restaurants'],"['RE1,RB46,RB49']"
Nearest Neighbor Query,Highlight the nearest line in Landstrassen to Schönwalde.,['Landstrassen'],['Schönwalde']
Nearest Neighbor Query,List the 5 closest Sehenswuerdpoi near Escheburg.,['Sehenswuerdpoi'],['Escheburg']
Nearest Neighbor Query,Find the closest point to WFlaechen within Gröditz.,['WFlaechen'],['Gröditz']
Nearest Neighbor Query,List the 5 closest WFlaechen near Nalepastr..,['WFlaechen'],['Nalepastr.']
Nearest Neighbor Query,Provide details of the 4 closest Sehenswuerdreg to Dammbrücke.,['Sehenswuerdreg'],['Dammbrücke']
Nearest Neighbor Query,Find the 4 closest SBahnhof to Oberbaumbrücke.,['SBahnhof'],['Oberbaumbrücke']
Nearest Neighbor Query,Find out the 2 poi closest to Buchs.,['poi'],['Buchs']
Nearest Neighbor Query,Please tell me the 4 nearest WStrassen near Teltower Str. (Spandau)?,['WStrassen'],['Teltower Str. (Spandau)']
Nearest Neighbor Query,Provide information about the 1 closest Flaechen to Prenzlauer Promenade.,['Flaechen'],['Prenzlauer Promenade']
Nearest Neighbor Query,Find the closest Kinos to (Ullsteinstr. - Am Teltowkanal).,['Kinos'],['(Ullsteinstr. - Am Teltowkanal)']
Nearest Neighbor Query,Find the closest poi to Museum für Naturkunde.,['poi'],['Museum für Naturkunde']
Nearest Neighbor Query,Show me the 5 closest Faehren to Buschbeck's.,['Faehren'],"[""Buschbeck's""]"
Nearest Neighbor Query,Find out the 4 Wasserumland2 closest to Eythstr..,['Wasserumland2'],['Eythstr.']
Nearest Neighbor Query,Delineate the closest region to OrteCity within Reichstag.,['OrteCity'],['Reichstag']
Nearest Neighbor Query,Pinpoint the closest region in WFlaechen relative to Brieselang.,['WFlaechen'],['Brieselang']
Nearest Neighbor Query,Zoom in on the closest point in OrteCity from Fennsee.,['OrteCity'],['Fennsee']
Nearest Neighbor Query,Determine the closest RBahn to südl. des Pätzer Hintersees.,['RBahn'],['südl. des Pätzer Hintersees']
Nearest Neighbor Query,What are the 5 RBahnhof closest to Osteria No. 1?,['RBahnhof'],['Osteria No. 1']
Nearest Neighbor Query,Please find the 1 nearest Plaetze to Haus Bethanien.,['Plaetze'],['Haus Bethanien']
Nearest Neighbor Query,Find the closest region to Sehenswuerdreg within St. Hedwigs-Kathedrale.,['Sehenswuerdreg'],['St. Hedwigs-Kathedrale']
Nearest Neighbor Query,Please find the 5 nearest Flaechen to Selbitzer Str..,['Flaechen'],['Selbitzer Str.']
Nearest Neighbor Query,Snapshot the nearest line in SBahn to Gesundbrunnen.,['SBahn'],['Gesundbrunnen']
Nearest Neighbor Query,Select the nearest region in Flaechen to Schollenkrug.,['Flaechen'],['Schollenkrug']
Nearest Neighbor Query,Find the 3 closest SBahnhof to Friedrichsbrücke.,['SBahnhof'],['Friedrichsbrücke']
Nearest Neighbor Query,Show me the closest Sehenswuerdreg to Dittersbacher Weg.,['Sehenswuerdreg'],['Dittersbacher Weg']
Nearest Neighbor Query,Can you tell me the 2 nearest SBahnhof to Pingdingshan Road?,['SBahnhof'],['Pingdingshan Road']
Nearest Neighbor Query,Which PLZBoundaries are the 4 closest to (Koserow)?,['PLZBoundaries'],['(Koserow)']
Nearest Neighbor Query,Please find the 4 closest RBahnhof to Richard-Wagner-Platz.,['RBahnhof'],['Richard-Wagner-Platz']
Nearest Neighbor Query,Highlight the nearest region in Sehenswuerdreg to Barcomi's Kaffeerösterei.,['Sehenswuerdreg'],"[""Barcomi's Kaffeerösterei""]"
Nearest Neighbor Query,Can you tell me the 2 nearest Flaechen to Motzstr.?,['Flaechen'],['Motzstr.']
Nearest Neighbor Query,Can you tell me the 2 nearest Landstrassen2 to Universitätsklinikum Rudolf Virchow?,['Landstrassen2'],['Universitätsklinikum Rudolf Virchow']
Nearest Neighbor Query,Select the nearest region in Sehenswuerdreg to Podbielskiallee.,['Sehenswuerdreg'],['Podbielskiallee']
Nearest Neighbor Query,Identify the closest Flaechen to Halemweg.,['Flaechen'],['Halemweg']
Nearest Neighbor Query,Retrieve the nearest point within RBahnhof compared to Haldensleben.,['RBahnhof'],['Haldensleben']
Nearest Neighbor Query,Provide information about the 5 closest Wasserumland2 to Pratau.,['Wasserumland2'],['Pratau']
Nearest Neighbor Query,Find out which SBahnhof is the closest to Johannisberger Str..,['SBahnhof'],['Johannisberger Str.']
Nearest Neighbor Query,Please tell me the 4 nearest Wasserumland2 to this Berlin-Lichtenberg.,['Wasserumland2'],['Berlin-Lichtenberg']
Nearest Neighbor Query,Locate the 2 closest OrteCity to Baggersee Biesdorf.,['OrteCity'],['Baggersee Biesdorf']
Nearest Neighbor Query,Delineate the closest region to WFlaechen within Bodemuseum.,['WFlaechen'],['Bodemuseum']
Nearest Neighbor Query,Please tell me the 5 Landstrassen closest to UCI Kinowelt Gropius Passagen.,['Landstrassen'],['UCI Kinowelt Gropius Passagen']
Nearest Neighbor Query,Identify the closest point in OrteCity from Ty Breizh.,['OrteCity'],['Ty Breizh']
Nearest Neighbor Query,Can you tell me the nearest Sehenswuerdreg to Dongda Road?,['Sehenswuerdreg'],['Dongda Road']
Nearest Neighbor Query,Find out the 5 Kneipen closest to Pankow.,['Kneipen'],['Pankow']
Nearest Neighbor Query,What are the 5 Landstrassen2 closest to Paul-Löbe-Haus?,['Landstrassen2'],['Paul-Löbe-Haus']
Nearest Neighbor Query,Highlight the nearest region to UBahn in Wilhelm-Foerster-Sternwarte.,['UBahn'],['Wilhelm-Foerster-Sternwarte']
Nearest Neighbor Query,What is the closest RBahn to (?) (Werder)?,['RBahn'],['(?) (Werder)']
Nearest Neighbor Query,List the 4 PLZBoundaries that are closest to Franz-Mehring-Platz.,['PLZBoundaries'],['Franz-Mehring-Platz']
Nearest Neighbor Query,Show me the closest line in PLZBoundaries from Volkspark Humboldthain.,['PLZBoundaries'],['Volkspark Humboldthain']
Nearest Neighbor Query,Which is the nearest Sehenswuerdpoi2 to Freiherr-vom-Stein-Str. (Schöneberg)?,['Sehenswuerdpoi2'],['Freiherr-vom-Stein-Str. (Schöneberg)']
Nearest Neighbor Query,Zoom in on the nearest point in Sehenswuerdpoi2 from Stadtmitte (U2).,['Sehenswuerdpoi2'],['Stadtmitte (U2)']
Nearest Neighbor Query,Find the nearest point in Restaurants near B107.,['Restaurants'],['B107']
Nearest Neighbor Query,Can you recommend the 1 closest Orte2 to Lietzensee?,['Orte2'],['Lietzensee']
Nearest Neighbor Query,Can you recommend the nearest UBahn to Goethepark?,['UBahn'],['Goethepark']
Nearest Neighbor Query,Which are the 4 WFlaechen closest to Universitäts-Bibliothek?,['WFlaechen'],['Universitäts-Bibliothek']
Nearest Neighbor Query,Locate the 1 nearest Flaechen to Le Caveau im Ratskeller Reinickendorf.,['Flaechen'],['Le Caveau im Ratskeller Reinickendorf']
Nearest Neighbor Query,Find out which poi is the closest to Straßenbahn.,['poi'],['Straßenbahn']
Nearest Neighbor Query,Find the nearest point in Orte2 to Warschauer Str..,['Orte2'],['Warschauer Str.']
Nearest Neighbor Query,Get the closest point near Flaechen in Butzer See.,['Flaechen'],['Butzer See']
Nearest Neighbor Query,What is the nearest Restaurants to Heiligenseestr.?,['Restaurants'],['Heiligenseestr.']
Nearest Neighbor Query,Pinpoint the closest region in Sehenswuerdreg relative to Selenthin.,['Sehenswuerdreg'],['Selenthin']
Nearest Neighbor Query,Find the closest Sehenswuerdreg to Sidney Café.,['Sehenswuerdreg'],['Sidney Café']
Nearest Neighbor Query,Please tell me the 4 nearest Restaurants near Havel?,['Restaurants'],['Havel']
Nearest Neighbor Query,Select the closest region in Flaechen to Rehwiese.,['Flaechen'],['Rehwiese']
Nearest Neighbor Query,Show me the closest Landstrassen2 to Mark Brandenburg.,['Landstrassen2'],['Mark Brandenburg']
Nearest Neighbor Query,List the 3 Orte2 that are closest to Glockenturm.,['Orte2'],['Glockenturm']
Nearest Neighbor Query,Delineate the closest line to RBahn within Jiqingmen Street.,['RBahn'],['Jiqingmen Street']
Nearest Neighbor Query,Please tell me the 1 nearest UBahnhof to this Elcknerplatz.,['UBahnhof'],['Elcknerplatz']
Nearest Neighbor Query,What is the closest RBahnhof to Sandower Str. (Cottbus)?,['RBahnhof'],['Sandower Str. (Cottbus)']
Nearest Neighbor Query,Get the closest line near strassen in Bahnhofstr. (Bernau).,['strassen'],['Bahnhofstr. (Bernau)']
Nearest Neighbor Query,Highlight the nearest point in Kneipen to Malchower See.,['Kneipen'],['Malchower See']
Nearest Neighbor Query,Can you tell me the nearest WFlaechen to Diemitz - Schwarz?,['WFlaechen'],['Diemitz - Schwarz']
Nearest Neighbor Query,Which is the nearest road to Rotes Rathaus?,['road'],['Rotes Rathaus']
Nearest Neighbor Query,Show me the closest Sehenswuerdreg to Gaogu Road.,['Sehenswuerdreg'],['Gaogu Road']
Nearest Neighbor Query,Can you recommend the 4 nearest RBahnhof to UFA-Arthouse Die Kurbel?,['RBahnhof'],['UFA-Arthouse Die Kurbel']
Nearest Neighbor Query,Show me the 1 nearest Wasserumland2 to Tailong Road.,['Wasserumland2'],['Tailong Road']
Nearest Neighbor Query,Please tell me the 1 UBahnhof closest to Buddestr. (Tegel).,['UBahnhof'],['Buddestr. (Tegel)']
Nearest Neighbor Query,Please find the 3 WFlaechen nearest Britzer Garten.,['WFlaechen'],['Britzer Garten']
Nearest Neighbor Query,List the 3 WStrassen that are closest to Friesack - Wagenitz.,['WStrassen'],['Friesack - Wagenitz']
Nearest Neighbor Query,Locate the closest line in strassen near Der Obersee.,['strassen'],['Der Obersee']
Nearest Neighbor Query,What is the closest WFlaechen to Zitz?,['WFlaechen'],['Zitz']
Nearest Neighbor Query,Find the closest region to WStrassen within Prinz-Friedrich-Leopold-Kanal.,['WStrassen'],['Prinz-Friedrich-Leopold-Kanal']
Nearest Neighbor Query,Locate the closest Flaechen to Hohenleipisch.,['Flaechen'],['Hohenleipisch']
Nearest Neighbor Query,Locate the nearest Kneipen to Steinplatz (Köpenick).,['Kneipen'],['Steinplatz (Köpenick)']
Nearest Neighbor Query,What are the 2 closest Faehren to Gummlin?,['Faehren'],['Gummlin']
Nearest Neighbor Query,Select the closest point in Kneipen to Jenaer Str. (Hellersdorf).,['Kneipen'],['Jenaer Str. (Hellersdorf)']
Nearest Neighbor Query,Select the closest region to poi within Columbiahalle.,['poi'],['Columbiahalle']
Nearest Neighbor Query,Can you tell me the 5 closest poi to Café Maroc?,['poi'],['Café Maroc']
Nearest Neighbor Query,Select the nearest region in WFlaechen to Klinge.,['WFlaechen'],['Klinge']
Nearest Neighbor Query,Can you tell me the 5 nearest Sehenswuerdreg to Bernauer Str. (Lichtenrade)?,['Sehenswuerdreg'],['Bernauer Str. (Lichtenrade)']
Nearest Neighbor Query,Determine the closest Landstrassen2 to Stadtpark Steglitz.,['Landstrassen2'],['Stadtpark Steglitz']
Nearest Neighbor Query,Find the 1 closest road to Volkspark Mariendorf.,['road'],['Volkspark Mariendorf']
Nearest Neighbor Query,Identify the closest region in Flaechen from India.,['Flaechen'],['India']
Nearest Neighbor Query,Locate the 3 closest Landstrassen2 to Stadtbibliothek.,['Landstrassen2'],['Stadtbibliothek']
Nearest Neighbor Query,Can you recommend the 5 closest RBahn to Mao Thai?,['RBahn'],['Mao Thai']
Nearest Neighbor Query,Please tell me the 2 nearest Flaechen to this Krankenhaus Am Urban.,['Flaechen'],['Krankenhaus Am Urban']
Nearest Neighbor Query,Identify the closest line in UBahn from Herrensee.,['UBahn'],['Herrensee']
Nearest Neighbor Query,What are the 2 closest Sehenswuerdpoi to Rummelsburger See?,['Sehenswuerdpoi'],['Rummelsburger See']
Nearest Neighbor Query,Select the closest point in RBahnhof to Villa Borsig.,['RBahnhof'],['Villa Borsig']
Nearest Neighbor Query,What are the 4 closest UBahnhof to Wittenau?,['UBahnhof'],['Wittenau']
Nearest Neighbor Query,List the 3 WFlaechen closest to Landschaftspark Wuhletal.,['WFlaechen'],['Landschaftspark Wuhletal']
Nearest Neighbor Query,Please find the 1 nearest road to Deutschlandhalle.,['road'],['Deutschlandhalle']
Nearest Neighbor Query,Snapshot the nearest point in RBahnhof to Soorstr..,['RBahnhof'],['Soorstr.']
Nearest Neighbor Query,Find the closest region to Flaechen within Der Insulaner.,['Flaechen'],['Der Insulaner']
Nearest Neighbor Query,Can you recommend the 1 nearest Sehenswuerdreg to Herthastr. (Grunewald)?,['Sehenswuerdreg'],['Herthastr. (Grunewald)']
Nearest Neighbor Query,What are the 4 closest WFlaechen to Longquan Temple?,['WFlaechen'],['Longquan Temple']
Nearest Neighbor Query,Find the closest 5 Faehren in the neighborhood of Zingst.,['Faehren'],['Zingst']
Nearest Neighbor Query,Find the nearest point in Sehenswuerdpoi2 to Haus Zenner.,['Sehenswuerdpoi2'],['Haus Zenner']
Nearest Neighbor Query,Can you recommend the 3 nearest road to Ferch-Lienewitz?,['road'],['Ferch-Lienewitz']
Nearest Neighbor Query,Retrieve the nearest line within Wasserumland2 compared to Rudolph-Wilde-Park.,['Wasserumland2'],['Rudolph-Wilde-Park']
Nearest Neighbor Query,Can you tell me the 1 nearest Sehenswuerdpoi2 to Elend?,['Sehenswuerdpoi2'],['Elend']
Nearest Neighbor Query,Snapshot the nearest region in Sehenswuerdreg to Amerika-Haus.,['Sehenswuerdreg'],['Amerika-Haus']
Nearest Neighbor Query,What are the 3 road closest to Pfingstberg?,['road'],['Pfingstberg']
Nearest Neighbor Query,Pinpoint the closest line in UBahn relative to Velodrom (Berlin Arena).,['UBahn'],['Velodrom (Berlin Arena)']
Nearest Neighbor Query,Delineate the closest point to Sehenswuerdreg within Sabu-Ro.,['Sehenswuerdreg'],['Sabu-Ro']
Nearest Neighbor Query,Identify the closest road to Blankenfelder Weg (Glasow).,['road'],['Blankenfelder Weg (Glasow)']
Nearest Neighbor Query,Pinpoint the closest point in SBahnhof relative to Aalemannufer.,['SBahnhof'],['Aalemannufer']
Nearest Neighbor Query,Find the nearest line in Landstrassen2 near Sacrower Lanke.,['Landstrassen2'],['Sacrower Lanke']
Nearest Neighbor Query,Retrieve the nearest line within UBahn compared to St. Hedwigs-Kathedrale.,['UBahn'],['St. Hedwigs-Kathedrale']
Nearest Neighbor Query,What is the closest WStrassen to Rudolf-Breitscheid-Str. (Falkensee)?,['WStrassen'],['Rudolf-Breitscheid-Str. (Falkensee)']
Nearest Neighbor Query,Can you tell me the 5 nearest Landstrassen to Herthasee?,['Landstrassen'],['Herthasee']
Nearest Neighbor Query,Select the nearest line in Faehren to Zwölf Apostel - Friedrichshain.,['Faehren'],['Zwölf Apostel - Friedrichshain']
Nearest Neighbor Query,Which is the nearest WFlaechen to April?,['WFlaechen'],['April']
Nearest Neighbor Query,Can you recommend the nearest Sehenswuerdreg to Malheur?,['Sehenswuerdreg'],['Malheur']
Nearest Neighbor Query,Find the 2 nearest Sehenswuerdreg to Longcheng Road.,['Sehenswuerdreg'],['Longcheng Road']
Nearest Neighbor Query,Which WFlaechen are the 5 closest to Jiankang Road?,['WFlaechen'],['Jiankang Road']
Nearest Neighbor Query,List the 3 Sehenswuerdreg that are closest to Phoenix Lounge.,['Sehenswuerdreg'],['Phoenix Lounge']
Nearest Neighbor Query,"Please tell me the nearest Sehenswuerdreg to this Tempelhofer Weg (Britz, Tempelhof).",['Sehenswuerdreg'],"['Tempelhofer Weg (Britz, Tempelhof)']"
Nearest Neighbor Query,Please tell me the 3 nearest RBahn to this Fröhden|b. Markendorf.,['RBahn'],['Fröhden|b. Markendorf']
Nearest Neighbor Query,Find the 3 nearest Restaurants to Berlin-Spandau.,['Restaurants'],['Berlin-Spandau']
Nearest Neighbor Query,Please find the 2 nearest UBahn to Marienhöhe.,['UBahn'],['Marienhöhe']
Nearest Neighbor Query,Locate the nearest SBahn to Tierpark Friedrichsfelde.,['SBahn'],['Tierpark Friedrichsfelde']
Nearest Neighbor Query,List the 3 Sehenswuerdreg that are closest to Ansbacher Str..,['Sehenswuerdreg'],['Ansbacher Str.']
Nearest Neighbor Query,Find out the 5 Kinos closest to Villa Borsig.,['Kinos'],['Villa Borsig']
Nearest Neighbor Query,Please tell me where is the nearest Landstrassen2 to Teufelssee.,['Landstrassen2'],['Teufelssee']
Nearest Neighbor Query,Determine the closest line in Faehren relative to Hauptstr. (Schöneberg).,['Faehren'],['Hauptstr. (Schöneberg)']
Nearest Neighbor Query,Please tell me the 1 nearest RBahn to this Memory I.,['RBahn'],['Memory I']
Nearest Neighbor Query,What are the 5 poi closest to Schlesischer Busch?,['poi'],['Schlesischer Busch']
Nearest Neighbor Query,Can you recommend the nearest SBahn to Prorer Wiek?,['SBahn'],['Prorer Wiek']
Nearest Neighbor Query,Pinpoint the closest region in Sehenswuerdreg relative to Böcklerpark.,['Sehenswuerdreg'],['Böcklerpark']
Nearest Neighbor Query,Focus on the closest line in UBahn from Freilichtbühne Wuhlheide.,['UBahn'],['Freilichtbühne Wuhlheide']
Nearest Neighbor Query,Find out the 2 Kinos closest to Ty Breizh.,['Kinos'],['Ty Breizh']
Nearest Neighbor Query,Please tell me the 4 nearest PLZBoundaries near Martin-Gropius-Bau?,['PLZBoundaries'],['Martin-Gropius-Bau']
Nearest Neighbor Query,Locate the closest region in Flaechen near Bundesrat (?).,['Flaechen'],['Bundesrat (?)']
Nearest Neighbor Query,Find out the 2 Sehenswuerdreg closest to Moldenhütten.,['Sehenswuerdreg'],['Moldenhütten']
Nearest Neighbor Query,Zoom in on the closest line in WStrassen from Ostseebad Wustrow.,['WStrassen'],['Ostseebad Wustrow']
Nearest Neighbor Query,Please tell me where is the nearest UBahnhof to Arnikaweg.,['UBahnhof'],['Arnikaweg']
Nearest Neighbor Query,Determine the nearest point in RBahnhof relative to Schwante.,['RBahnhof'],['Schwante']
Nearest Neighbor Query,Highlight the nearest line in Wasserumland2 to Pflügerstr..,['Wasserumland2'],['Pflügerstr.']
Nearest Neighbor Query,Focus on the closest region in Flaechen from Waldowstr. (Reinickendorf).,['Flaechen'],['Waldowstr. (Reinickendorf)']
Nearest Neighbor Query,Snapshot the nearest region in WFlaechen to Casablanca.,['WFlaechen'],['Casablanca']
Nearest Neighbor Query,Find the closest 1 RBahn in the neighborhood of (Müggelpark).,['RBahn'],['(Müggelpark)']
Nearest Neighbor Query,Select the closest point in Sehenswuerdpoi to Peppino.,['Sehenswuerdpoi'],['Peppino']
Nearest Neighbor Query,Can you recommend the nearest Landstrassen to Tongxin Road?,['Landstrassen'],['Tongxin Road']
Nearest Neighbor Query,What is the nearest Orte2 to Theater des Westens?,['Orte2'],['Theater des Westens']
Nearest Neighbor Query,Please tell me the 5 nearest Kneipen to this Butzer See.,['Kneipen'],['Butzer See']
Nearest Neighbor Query,Find out the 1 Faehren closest to U8.,['Faehren'],['U8']
Nearest Neighbor Query,Find the closest 5 road in the neighborhood of Gedenkstätte Haus d. Wanseekonferenz.,['road'],['Gedenkstätte Haus d. Wanseekonferenz']
Nearest Neighbor Query,List the 5 Restaurants closest to Sticks.,['Restaurants'],['Sticks']
Nearest Neighbor Query,Get the closest point near Sehenswuerdreg in Volkspark Anton Saefkow.,['Sehenswuerdreg'],['Volkspark Anton Saefkow']
Nearest Neighbor Query,List the 2 closest Faehren near Altstadt Spandau.,['Faehren'],['Altstadt Spandau']
Nearest Neighbor Query,Select the nearest region in Flaechen to Adalbertstr..,['Flaechen'],['Adalbertstr.']
Nearest Neighbor Query,Locate the 5 closest Landstrassen to Ystader Str..,['Landstrassen'],['Ystader Str.']
Nearest Neighbor Query,Locate the 1 closest PLZBoundaries to Hegelplatz.,['PLZBoundaries'],['Hegelplatz']
Nearest Neighbor Query,Retrieve the nearest region within Flaechen compared to Ruhlebener Altarm.,['Flaechen'],['Ruhlebener Altarm']
Nearest Neighbor Query,Find out which Faehren is the closest to Alberts.,['Faehren'],['Alberts']
Nearest Neighbor Query,Snapshot the nearest point in UBahnhof to Bauhaus-Archiv.,['UBahnhof'],['Bauhaus-Archiv']
Nearest Neighbor Query,Find the 3 nearest PLZBoundaries to Great Stone Bridge.,['PLZBoundaries'],['Great Stone Bridge']
Nearest Neighbor Query,Please find the 5 SBahnhof nearest Kanzleramt.,['SBahnhof'],['Kanzleramt']
Nearest Neighbor Query,Find the closest 1 Flaechen in the neighborhood of Röddelinsee.,['Flaechen'],['Röddelinsee']
Nearest Neighbor Query,List the 3 Landstrassen that are closest to Knoblauch - Hoppenrade.,['Landstrassen'],['Knoblauch - Hoppenrade']
Nearest Neighbor Query,Select the closest point to SBahn within UFA-Marmorhaus Berlin.,['SBahn'],['UFA-Marmorhaus Berlin']
Nearest Neighbor Query,Locate the 5 nearest Sehenswuerdreg to Palast der Republik.,['Sehenswuerdreg'],['Palast der Republik']
Nearest Neighbor Query,Please find the 5 closest UBahnhof to Dannenwalde - Blumenow.,['UBahnhof'],['Dannenwalde - Blumenow']
Nearest Neighbor Query,Retrieve the nearest region within WFlaechen compared to Schloß Pfaueninsel.,['WFlaechen'],['Schloß Pfaueninsel']
Nearest Neighbor Query,Retrieve the nearest line within WStrassen compared to Hermannstr..,['WStrassen'],['Hermannstr.']
Nearest Neighbor Query,Can you recommend the nearest UBahnhof to Prohn?,['UBahnhof'],['Prohn']
Nearest Neighbor Query,Can you tell me the 4 nearest SBahn to Lindenberg|Kolzenburg?,['SBahn'],['Lindenberg|Kolzenburg']
Nearest Neighbor Query,Identify the closest Faehren to Spandauer See-Brücke.,['Faehren'],['Spandauer See-Brücke']
Nearest Neighbor Query,Can you tell me the 5 nearest road to Dahua International Travel Agency?,['road'],['Dahua International Travel Agency']
Nearest Neighbor Query,Select the nearest line in UBahn to Deutschlandhalle.,['UBahn'],['Deutschlandhalle']
Nearest Neighbor Query,Please find the 2 WFlaechen nearest Löwenberg (Mark) Dorf.,['WFlaechen'],['Löwenberg (Mark) Dorf']
Nearest Neighbor Query,Identify the closest Landstrassen to Gräningen - Möthlow.,['Landstrassen'],['Gräningen - Möthlow']
Nearest Neighbor Query,Zoom in on the closest point in Kneipen from Berliner Str. (Blankenfelde).,['Kneipen'],['Berliner Str. (Blankenfelde)']
Nearest Neighbor Query,Which are the 2 Restaurants closest to Bali Kino?,['Restaurants'],['Bali Kino']
Nearest Neighbor Query,Zoom in on the closest point in Restaurants from Fahrenwalde.,['Restaurants'],['Fahrenwalde']
Nearest Neighbor Query,Show me the closest region in Flaechen from Feinbeckerei.,['Flaechen'],['Feinbeckerei']
Nearest Neighbor Query,Locate the 4 closest Sehenswuerdpoi to Rehwiese.,['Sehenswuerdpoi'],['Rehwiese']
Nearest Neighbor Query,Find the nearest region in Flaechen to Neu-Westend.,['Flaechen'],['Neu-Westend']
Nearest Neighbor Query,List the 4 Flaechen that are closest to Großer Patschsee.,['Flaechen'],['Großer Patschsee']
Nearest Neighbor Query,Which are the 2 OrteCity closest to Königs Wusterhausen - Zeuthen?,['OrteCity'],['Königs Wusterhausen - Zeuthen']
Nearest Neighbor Query,Determine the nearest region in Flaechen relative to Kohlhasenbrücker Str..,['Flaechen'],['Kohlhasenbrücker Str.']
Nearest Neighbor Query,Show me the closest line in Landstrassen from Sanjiang Road.,['Landstrassen'],['Sanjiang Road']
Nearest Neighbor Query,Find the nearest SBahn to Neukölln.,['SBahn'],['Neukölln']
Nearest Neighbor Query,List the 4 closest Sehenswuerdreg near Usedomer Str. (Wedding).,['Sehenswuerdreg'],['Usedomer Str. (Wedding)']
Nearest Neighbor Query,Determine the closest point in UBahnhof relative to Pujiang Road.,['UBahnhof'],['Pujiang Road']
Nearest Neighbor Query,Focus on the closest point in SBahnhof from Cri-Cri am Engelbecken.,['SBahnhof'],['Cri-Cri am Engelbecken']
Nearest Neighbor Query,Please tell me the 4 nearest WFlaechen to this Prinz-Friedrich-Leopold-Kanal.,['WFlaechen'],['Prinz-Friedrich-Leopold-Kanal']
Nearest Neighbor Query,"Please tell me the 5 nearest RBahnhof to this RE4,RE5,RB22,RB24.",['RBahnhof'],"['RE4,RE5,RB22,RB24']"
Nearest Neighbor Query,Zoom in on the nearest point in OrteCity from Schulzendorf.,['OrteCity'],['Schulzendorf']
Nearest Neighbor Query,Find the closest point to Wasserumland2 within Janus.,['Wasserumland2'],['Janus']
Nearest Neighbor Query,Can you recommend the 1 closest OrteCity to Thielpark?,['OrteCity'],['Thielpark']
Nearest Neighbor Query,Locate the nearest point in RBahnhof from Gasthaus Babel.,['RBahnhof'],['Gasthaus Babel']
Nearest Neighbor Query,Retrieve the nearest region within Sehenswuerdreg compared to Café Möhring.,['Sehenswuerdreg'],['Café Möhring']
Nearest Neighbor Query,Highlight the nearest line to Sehenswuerdreg in Paul-Löbe-Str..,['Sehenswuerdreg'],['Paul-Löbe-Str.']
Nearest Neighbor Query,Which is the closest Sehenswuerdpoi2 to Jägerallee (Potsdam)?,['Sehenswuerdpoi2'],['Jägerallee (Potsdam)']
Nearest Neighbor Query,Identify the closest point in OrteCity from Schloß Babelsberg.,['OrteCity'],['Schloß Babelsberg']
Nearest Neighbor Query,Show me the nearest Flaechen to Spreehagen - Hartmannsdorf.,['Flaechen'],['Spreehagen - Hartmannsdorf']
Nearest Neighbor Query,Highlight the nearest point in poi to Haus Bethanien.,['poi'],['Haus Bethanien']
Nearest Neighbor Query,Please tell me the nearest SBahn to this Maienwerder Weg.,['SBahn'],['Maienwerder Weg']
Nearest Neighbor Query,List the 4 SBahn closest to Finckensteinallee.,['SBahn'],['Finckensteinallee']
Nearest Neighbor Query,Can you recommend the 4 nearest RBahn to Märkisches Museum?,['RBahn'],['Märkisches Museum']
Nearest Neighbor Query,Show me the closest line in Faehren from Freiherr-vom-Stein-Str. (Schöneberg).,['Faehren'],['Freiherr-vom-Stein-Str. (Schöneberg)']
Nearest Neighbor Query,Determine the nearest point in Orte2 relative to Kornradenstr..,['Orte2'],['Kornradenstr.']
Nearest Neighbor Query,Can you recommend the nearest Restaurants to Luhme - Zechlin?,['Restaurants'],['Luhme - Zechlin']
Nearest Neighbor Query,List the 3 poi that are closest to Grüne Trift (Köpenick).,['poi'],['Grüne Trift (Köpenick)']
Nearest Neighbor Query,Please tell me the 1 nearest UBahnhof to this Stahlbrode.,['UBahnhof'],['Stahlbrode']
Nearest Neighbor Query,Zoom in on the closest region in Flaechen from Kaicheng Road.,['Flaechen'],['Kaicheng Road']
Nearest Neighbor Query,Snapshot the nearest region in Sehenswuerdreg to Berliner Stadtforst Köpenick.,['Sehenswuerdreg'],['Berliner Stadtforst Köpenick']
Nearest Neighbor Query,Locate the nearest region in Flaechen from Birkholzer Allee (Lindenberg).,['Flaechen'],['Birkholzer Allee (Lindenberg)']
Nearest Neighbor Query,What is the closest Sehenswuerdreg to Dittmanns Drogerie - Hotel Grünau?,['Sehenswuerdreg'],['Dittmanns Drogerie - Hotel Grünau']
Nearest Neighbor Query,Show me the nearest Sehenswuerdreg to Hagensche Wiek.,['Sehenswuerdreg'],['Hagensche Wiek']
Nearest Neighbor Query,Find the 1 closest Sehenswuerdreg to Potzlow.,['Sehenswuerdreg'],['Potzlow']
Nearest Neighbor Query,Highlight the nearest line in UBahn to Glöwen.,['UBahn'],['Glöwen']
Nearest Neighbor Query,Get the closest line near Flaechen in Stößensee.,['Flaechen'],['Stößensee']
Nearest Neighbor Query,Can you tell me the nearest poi to Lengeder Str.?,['poi'],['Lengeder Str.']
Nearest Neighbor Query,Locate the 5 closest Kinos to Schwanenweg (Caputh - Eisenbahnbrücke).,['Kinos'],['Schwanenweg (Caputh - Eisenbahnbrücke)']
Nearest Neighbor Query,Please find the 1 closest Kinos to Hollywood.,['Kinos'],['Hollywood']
Nearest Neighbor Query,What are the 5 Sehenswuerdreg closest to Hufelandstr.?,['Sehenswuerdreg'],['Hufelandstr.']
Nearest Neighbor Query,Provide details of the 4 closest SBahn to Rathausstr. (Mariendorf).,['SBahn'],['Rathausstr. (Mariendorf)']
Nearest Neighbor Query,Pinpoint the closest line in Landstrassen relative to Staatsoper.,['Landstrassen'],['Staatsoper']
Nearest Neighbor Query,Pinpoint the closest point in poi relative to Aalemannkanal.,['poi'],['Aalemannkanal']
Nearest Neighbor Query,Which Kinos are the 5 closest to Nangong Road?,['Kinos'],['Nangong Road']
Nearest Neighbor Query,Can you recommend the nearest Sehenswuerdreg to Blumenow?,['Sehenswuerdreg'],['Blumenow']
Nearest Neighbor Query,Select the closest region to Kinos within Sacrower Lanke.,['Kinos'],['Sacrower Lanke']
Nearest Neighbor Query,Determine the closest Sehenswuerdreg to Besenwirtschaft.,['Sehenswuerdreg'],['Besenwirtschaft']
Nearest Neighbor Query,Find the closest 3 Restaurants in the neighborhood of UFA-Filmbühne Wien.,['Restaurants'],['UFA-Filmbühne Wien']
Nearest Neighbor Query,Can you tell me the nearest Landstrassen to Spreebrücke (Fürstenwalde)?,['Landstrassen'],['Spreebrücke (Fürstenwalde)']
Nearest Neighbor Query,Identify the closest Sehenswuerdreg to Rathaus Schöneberg.,['Sehenswuerdreg'],['Rathaus Schöneberg']
Nearest Neighbor Query,Snapshot the nearest region in Flaechen to Tegeler See.,['Flaechen'],['Tegeler See']
Nearest Neighbor Query,Select the nearest line in Landstrassen to XII Apostel.,['Landstrassen'],['XII Apostel']
Nearest Neighbor Query,Focus on the closest point in Orte2 from Cosmarweg.,['Orte2'],['Cosmarweg']
Nearest Neighbor Query,Show me the 1 nearest Kinos to Grabow|b. Burg.,['Kinos'],['Grabow|b. Burg']
Nearest Neighbor Query,Find the closest 1 WFlaechen in the neighborhood of Rüdigerstr. (Lichtenberg).,['WFlaechen'],['Rüdigerstr. (Lichtenberg)']
Nearest Neighbor Query,Zoom in on the closest region in WFlaechen from Schloß Charlottenburg.,['WFlaechen'],['Schloß Charlottenburg']
Nearest Neighbor Query,Which are the 3 Sehenswuerdreg closest to Seddin?,['Sehenswuerdreg'],['Seddin']
Nearest Neighbor Query,Find the nearest Sehenswuerdpoi to Planufer.,['Sehenswuerdpoi'],['Planufer']
Nearest Neighbor Query,List the 1 PLZBoundaries closest to St.-Peter und Paul-Kirche.,['PLZBoundaries'],['St.-Peter und Paul-Kirche']
Nearest Neighbor Query,Please tell me the 3 nearest WStrassen near Dabie?,['WStrassen'],['Dabie']
Nearest Neighbor Query,Which UBahn are the 3 closest to Landschaftspark Wuhletal?,['UBahn'],['Landschaftspark Wuhletal']
Nearest Neighbor Query,Find the 1 nearest Flaechen to Prenzlauer Promenade.,['Flaechen'],['Prenzlauer Promenade']
Nearest Neighbor Query,Locate the closest point in UBahnhof near Schloß Niederschönhausen.,['UBahnhof'],['Schloß Niederschönhausen']
Nearest Neighbor Query,Zoom in on the closest point in OrteCity from S2.,['OrteCity'],['S2']
Nearest Neighbor Query,Can you tell me the 1 closest RBahnhof to Rehwiese?,['RBahnhof'],['Rehwiese']
Nearest Neighbor Query,List the 2 Landstrassen that are closest to Motzen - Bestensee.,['Landstrassen'],['Motzen - Bestensee']
Nearest Neighbor Query,Zoom in on the closest region in Sehenswuerdreg from Charité-Krankenhaus.,['Sehenswuerdreg'],['Charité-Krankenhaus']
Nearest Neighbor Query,Highlight the nearest region in Flaechen to Baggersee Biesdorf.,['Flaechen'],['Baggersee Biesdorf']
Nearest Neighbor Query,Highlight the nearest line to WStrassen in B246: Belzig - Trebbin.,['WStrassen'],['B246: Belzig - Trebbin']
Nearest Neighbor Query,Can you recommend the 4 nearest Flaechen to Gutsmuthsstr.?,['Flaechen'],['Gutsmuthsstr.']
Nearest Neighbor Query,Find the 2 closest Plaetze to Philharmonie.,['Plaetze'],['Philharmonie']
Nearest Neighbor Query,Determine the nearest point in Plaetze relative to Schwanenwerderbrücke.,['Plaetze'],['Schwanenwerderbrücke']
Nearest Neighbor Query,Locate the closest line in WStrassen near Reiswerder.,['WStrassen'],['Reiswerder']
Nearest Neighbor Query,Find the closest 1 Sehenswuerdreg in the neighborhood of Weinstein.,['Sehenswuerdreg'],['Weinstein']
Nearest Neighbor Query,Snapshot the nearest region in Sehenswuerdreg to Freilichtbühne Wuhlheide.,['Sehenswuerdreg'],['Freilichtbühne Wuhlheide']
Nearest Neighbor Query,Focus on the closest point in Orte2 from Deutschlandhalle.,['Orte2'],['Deutschlandhalle']
Nearest Neighbor Query,Locate the nearest WFlaechen to Jeßnitz.,['WFlaechen'],['Jeßnitz']
Nearest Neighbor Query,Locate the 4 closest Sehenswuerdreg to Seditz Ost.,['Sehenswuerdreg'],['Seditz Ost']
Nearest Neighbor Query,Highlight the nearest region in WFlaechen to Annenstr. (Mitte).,['WFlaechen'],['Annenstr. (Mitte)']
Nearest Neighbor Query,Find the 4 nearest UBahn to Gollmitz.,['UBahn'],['Gollmitz']
Nearest Neighbor Query,What are the 4 nearest poi to Dongbao Road?,['poi'],['Dongbao Road']
Nearest Neighbor Query,Determine the nearest point in Sehenswuerdpoi2 relative to Alt-Tempelhof.,['Sehenswuerdpoi2'],['Alt-Tempelhof']
Nearest Neighbor Query,Show me the 1 closest RBahnhof to Elsensee.,['RBahnhof'],['Elsensee']
Nearest Neighbor Query,Find out which strassen is the closest to Werder - Neuhof.,['strassen'],['Werder - Neuhof']
Nearest Neighbor Query,Locate the closest point in Orte2 near Holländisches Viertel.,['Orte2'],['Holländisches Viertel']
Nearest Neighbor Query,Determine the closest point in UBahnhof relative to Gerostr. (Brandenburg).,['UBahnhof'],['Gerostr. (Brandenburg)']
Nearest Neighbor Query,Highlight the nearest line in strassen to Rehwiese.,['strassen'],['Rehwiese']
Nearest Neighbor Query,Pinpoint the closest region in WFlaechen relative to Züsedom.,['WFlaechen'],['Züsedom']
Nearest Neighbor Query,What are the 2 closest WFlaechen to Guyilang?,['WFlaechen'],['Guyilang']
Range Query,Reveal all Flaechen within a 3 - mile range of Baruth - Luckenwalde.,['Flaechen'],['Baruth - Luckenwalde']
Range Query,Note all regions in Flaechen near Akademie der Künste within 1 km distance.,['Flaechen'],['Akademie der Künste']
Range Query,Can you recommend the strassen located on Vockerode - Dessau?,['strassen'],['Vockerode - Dessau']
Range Query,Which RBahn pass through the Sternstr. (Potsdam)?,['RBahn'],['Sternstr. (Potsdam)']
Range Query,Compile a list of all points within a 4 km radius of SBahnhof in Kirche St. Peter u. Paul.,['SBahnhof'],['Kirche St. Peter u. Paul']
Range Query,Display all Kneipen found within a 3 - kilometer range of Benz.,['Kneipen'],['Benz']
Range Query,Discover all RBahnhof within a 5 - mile radius of Köllnische Heide.,['RBahnhof'],['Köllnische Heide']
Range Query,Select points in OrteCity within a 1 km radius of Janny.,['OrteCity'],['Janny']
Range Query,List all Plaetze existing within a 1 - kilometer range of this Zingster Str. (Hohenschönhausen).,['Plaetze'],['Zingster Str. (Hohenschönhausen)']
Range Query,Mark lines in UBahn close to Königsheide within a 3 km range.,['UBahn'],['Königsheide']
Range Query,Flag lines in UBahn close to Esplanade within a 4 km range.,['UBahn'],['Esplanade']
Range Query,List the Flaechen on Am Eichenhain.,['Flaechen'],['Am Eichenhain']
Range Query,Unearth all SBahnhof within a 1 - mile radius of Glienicker Brücke.,['SBahnhof'],['Glienicker Brücke']
Range Query,List all points in Kinos that are within 2 kilometers from Alte Potsdamer Str..,['Kinos'],['Alte Potsdamer Str.']
Range Query,Show me the Flaechen on Gemeindepark Lankwitz.,['Flaechen'],['Gemeindepark Lankwitz']
Range Query,Catalog all points in OrteCity within a range of 2 kilometers from Kettinger Str..,['OrteCity'],['Kettinger Str.']
Range Query,Find all Kinos positioned within a 5 - kilometer radius of Schlachtensee.,['Kinos'],['Schlachtensee']
Range Query,Inquire about lines in Landstrassen2 located within 4 kilometers of Wuhlebecken.,['Landstrassen2'],['Wuhlebecken']
Range Query,Find all WFlaechen positioned within a 3 - kilometer range of Radebeul.,['WFlaechen'],['Radebeul']
Range Query,Bulid a directory of all points within a 3 km radius of UBahnhof in Shannon.,['UBahnhof'],['Shannon']
Range Query,Tell me which Faehren are on Bäkepark?,['Faehren'],['Bäkepark']
Range Query,Select points in Restaurants within a 2 km radius of Pratau.,['Restaurants'],['Pratau']
Range Query,I'm looking for a SBahn on Insel der Jugend. Can you provide details?,['SBahn'],['Insel der Jugend']
Range Query,Spot all WFlaechen within a 1 - mile radius of Flughafensee.,['WFlaechen'],['Flughafensee']
Range Query,Show all Landstrassen2 existing within a 1 - mile radius of Paulinenaue.,['Landstrassen2'],['Paulinenaue']
Range Query,Enumerate all Flaechen within a range of 5 kilometers from Havel.,['Flaechen'],['Havel']
Range Query,Explore all regions within a 5 km distance from Kneipen in Schloß Babelsberg.,['Kneipen'],['Schloß Babelsberg']
Range Query,Compile a list of all regions within a 1 km radius of Plaetze in ehem. Luisenstädtischer Kanal.,['Plaetze'],['ehem. Luisenstädtischer Kanal']
Range Query,Bulid a directory of all regions within a 2 km radius of Flaechen in Deutsche Oper Berlin.,['Flaechen'],['Deutsche Oper Berlin']
Range Query,Log all regions in Sehenswuerdreg near (Zufahrt Forum) within 2 km distance.,['Sehenswuerdreg'],['(Zufahrt Forum)']
Range Query,Alert me of all points in Kinos that are 2 km or less from Seddinsee.,['Kinos'],['Seddinsee']
Range Query,Show all Flaechen existing within a 4 - mile radius of Müggelsee.,['Flaechen'],['Müggelsee']
Range Query,I'm looking for a poi on Museum für Naturkunde. Do you have any recommendations?,['poi'],['Museum für Naturkunde']
Range Query,What Sehenswuerdpoi are there on Renaissance-Theater?,['Sehenswuerdpoi'],['Renaissance-Theater']
Range Query,Identify all Landstrassen located within a 3 - mile range of Toulouse-Lautrec.,['Landstrassen'],['Toulouse-Lautrec']
Range Query,Find all Faehren that are within 4 kilometers of Köpenicker Str. (Biesdorf).,['Faehren'],['Köpenicker Str. (Biesdorf)']
Range Query,Enumerate all Wasserumland2 within a 1 - meter radius of Sony.,['Wasserumland2'],['Sony']
Range Query,Retrieve all Kneipen situated within a 1 - mile radius of Café Kyril.,['Kneipen'],['Café Kyril']
Range Query,Enumerate all Sehenswuerdreg within a 3 - meter radius of ehem. Luisenstädtischer Kanal.,['Sehenswuerdreg'],['ehem. Luisenstädtischer Kanal']
Range Query,Notify me of all points in Plaetze that are 1 km or less from Frankfurter Tor.,['Plaetze'],['Frankfurter Tor']
Range Query,Which Sehenswuerdreg does the B109/B110 flow through?,['Sehenswuerdreg'],['B109/B110']
Range Query,Enumerate all Sehenswuerdreg within a range of 1 kilometers from Die Banke.,['Sehenswuerdreg'],['Die Banke']
Range Query,Retrieve points in SBahnhof situated within 2 - kilometers range of Märkisches Museum.,['SBahnhof'],['Märkisches Museum']
Range Query,What WFlaechen cross the Wilkendorf?,['WFlaechen'],['Wilkendorf']
Range Query,Which strassen are on Schauspielhaus?,['strassen'],['Schauspielhaus']
Range Query,Find all lines within a 5 km distance from OrteCity in Spreeau - Hartmannsdorf.,['OrteCity'],['Spreeau - Hartmannsdorf']
Range Query,Unearth all poi within a 2 - mile radius of Haselhorster Damm.,['poi'],['Haselhorster Damm']
Range Query,Identify all WFlaechen located within a 5 - mile range of Freizeitpark Tegel.,['WFlaechen'],['Freizeitpark Tegel']
Range Query,Track down all Sehenswuerdreg within a 1 - mile range of Königsweg (Grunewald).,['Sehenswuerdreg'],['Königsweg (Grunewald)']
Range Query,Enumerate all Wasserumland2 within a 2 - meter radius of Ziesar.,['Wasserumland2'],['Ziesar']
Range Query,I'm looking for a Kneipen on Freizeit- und Erholungspark Lübars. Which one is it?,['Kneipen'],['Freizeit- und Erholungspark Lübars']
Range Query,Retrieve all Flaechen situated within a 2 - mile range of Viesen.,['Flaechen'],['Viesen']
Range Query,Find all points within a 3 km distance from Restaurants in Paulsternstr..,['Restaurants'],['Paulsternstr.']
Range Query,Log all points in Sehenswuerdpoi near Barssee within 2 km distance.,['Sehenswuerdpoi'],['Barssee']
Range Query,Get all Wasserumland2 within 800 meters of CinemaxX Colosseum.,['Wasserumland2'],['CinemaxX Colosseum']
Range Query,Unearth all Plaetze within a 4 - mile range of Krossinsee.,['Plaetze'],['Krossinsee']
Range Query,Tell me what UBahn are there in Schloß Pfaueninsel?,['UBahn'],['Schloß Pfaueninsel']
Range Query,Discover regions in WFlaechen found within 5 kilometers from Drebkau.,['WFlaechen'],['Drebkau']
Range Query,Pinpoint all Sehenswuerdreg existing within a 4 - mile radius of Schönfeld - Beiersdorf.,['Sehenswuerdreg'],['Schönfeld - Beiersdorf']
Range Query,Get all road within 500 meters of Halensee.,['road'],['Halensee']
Range Query,Get all Flaechen within 900 meters of Hochmeisterplatz.,['Flaechen'],['Hochmeisterplatz']
Range Query,Please list all the WFlaechen pass through the Ostendstr. (Oberschöneweide).,['WFlaechen'],['Ostendstr. (Oberschöneweide)']
Range Query,What road cross the Rathaus Spandau?,['road'],['Rathaus Spandau']
Range Query,I'm passing by and would like to know which Landstrassen2 are on RB33.,['Landstrassen2'],['RB33']
Range Query,Find all RBahn located on Alemannenstr. (Nikolassee).,['RBahn'],['Alemannenstr. (Nikolassee)']
Range Query,Which Kinos pass through the Chuangye road?,['Kinos'],['Chuangye road']
Range Query,I'm searching for a Landstrassen2 on Tempodrom. Can you help?,['Landstrassen2'],['Tempodrom']
Range Query,I'm visiting the area and would like to explore the road on Sacrower Lanke.,['road'],['Sacrower Lanke']
Range Query,Discover regions in Sehenswuerdreg found within 2 kilometers from Friedrich-Wilhelm-Platz.,['Sehenswuerdreg'],['Friedrich-Wilhelm-Platz']
Range Query,Locate all WFlaechen existing within a 3 - mile range of Berliner Forst Spandau.,['WFlaechen'],['Berliner Forst Spandau']
Range Query,Display all Landstrassen2 found within a 5 - kilometer range of Franckepark.,['Landstrassen2'],['Franckepark']
Range Query,Show all Sehenswuerdreg existing within a 2 - mile radius of Galliano.,['Sehenswuerdreg'],['Galliano']
Range Query,Note regions within a 3 km radius of WFlaechen in Gutspark Britz.,['WFlaechen'],['Gutspark Britz']
Range Query,Alert me of all lines in road that are 5 km or less from Obst & Gemüse.,['road'],['Obst & Gemüse']
Range Query,Scan for all regions in Flaechen that are within 2 kilometers from Palast der Republik.,['Flaechen'],['Palast der Republik']
Range Query,I'm looking for a UBahnhof on Xuguang West Road. Can you help me find it?,['UBahnhof'],['Xuguang West Road']
Range Query,What Landstrassen2 are there in Battin - Bagemühl?,['Landstrassen2'],['Battin - Bagemühl']
Range Query,Discover regions in Sehenswuerdreg found within 3 kilometers from XTC.,['Sehenswuerdreg'],['XTC']
Range Query,What are the WFlaechen that cross the Pfingstberg?,['WFlaechen'],['Pfingstberg']
Range Query,Note all lines in RBahn near Ahrensfelde within 1 km distance.,['RBahn'],['Ahrensfelde']
Range Query,Select regions in Flaechen within a 2 km radius of Prenzlau.,['Flaechen'],['Prenzlau']
Range Query,Tell me which OrteCity are on Müggelwerderweg?,['OrteCity'],['Müggelwerderweg']
Range Query,Locate all UBahn existing within a 3 - mile range of Feuerbachstr..,['UBahn'],['Feuerbachstr.']
Range Query,Cherry - pick lines in Landstrassen situated within a 3 - kilometer range of Guben.,['Landstrassen'],['Guben']
Range Query,I'm visiting the area and would like to know the Kneipen on Bunsenstr.. Can you suggest any?,['Kneipen'],['Bunsenstr.']
Range Query,Highlight regions in Flaechen colse to Schleesen within a 4 km range.,['Flaechen'],['Schleesen']
Range Query,Find all road that are within 4 kilometers of Volkspark Schönholzer Heide.,['road'],['Volkspark Schönholzer Heide']
Range Query,Get all Sehenswuerdreg within 500 meters of Coschen.,['Sehenswuerdreg'],['Coschen']
Range Query,Could you tell me what Flaechen are there on Pergamonmuseum?,['Flaechen'],['Pergamonmuseum']
Range Query,Discover all Flaechen within a 3 - kilometer range of Nanjing travel agency.,['Flaechen'],['Nanjing travel agency']
Range Query,Show all Sehenswuerdreg found within a 1 - mile radius of Volkspark Schönholzer Heide.,['Sehenswuerdreg'],['Volkspark Schönholzer Heide']
Range Query,Reveal all road within a 5 - mile range of Greiffenberg.,['road'],['Greiffenberg']
Range Query,Identify all Sehenswuerdreg located within a 4 - mile range of Rahel-Varnhagen-Promenade.,['Sehenswuerdreg'],['Rahel-Varnhagen-Promenade']
Range Query,Bulid a directory of all regions within a 5 km radius of Wasserumland2 in Tiergarten.,['Wasserumland2'],['Tiergarten']
Range Query,I'm searching for a Landstrassen2 on Rassower Strom. Can you help?,['Landstrassen2'],['Rassower Strom']
Range Query,What Flaechen pass by Zeuthener See?,['Flaechen'],['Zeuthener See']
Range Query,What Landstrassen2 are there in Freizeitpark Tegel?,['Landstrassen2'],['Freizeitpark Tegel']
Range Query,Catalog all regions in Sehenswuerdreg within a range of 4 kilometers from Holländisches Viertel.,['Sehenswuerdreg'],['Holländisches Viertel']
Range Query,Can you direct me to the Sehenswuerdreg that are on Osinow Dolny - Cedinya?,['Sehenswuerdreg'],['Osinow Dolny - Cedinya']
Range Query,Find all Orte2 located on Zeughaus.,['Orte2'],['Zeughaus']
Range Query,Find all poi positioned within a 2 - kilometer radius of Wannsee.,['poi'],['Wannsee']
Range Query,Uncover all Flaechen within a 4 - mile radius of Hufeisensiedlung.,['Flaechen'],['Hufeisensiedlung']
Range Query,Spot all Wasserumland2 within a 5 - mile range of Karl-Marx-Str. (Potsdam).,['Wasserumland2'],['Karl-Marx-Str. (Potsdam)']
Range Query,Can you tell me which Kneipen are on Quandong Road?,['Kneipen'],['Quandong Road']
Range Query,I'm looking for a Flaechen on Oderberger Str.. Can you help me find it?,['Flaechen'],['Oderberger Str.']
Range Query,Track down all Sehenswuerdpoi located within a 4 - mile range of Schwartzkopffstr..,['Sehenswuerdpoi'],['Schwartzkopffstr.']
Range Query,Display all poi existing within a 4 - mile radius of Klinikum Benjamin Franklin.,['poi'],['Klinikum Benjamin Franklin']
Range Query,Compile a list of all points within a 2 km radius of UBahn in Spindlersfeld.,['UBahn'],['Spindlersfeld']
Range Query,Mark regions in Sehenswuerdreg close to Wahrenbrück within a 4 km range.,['Sehenswuerdreg'],['Wahrenbrück']
Range Query,Display all Faehren existing within a 1 - mile radius of Röddelinsee.,['Faehren'],['Röddelinsee']
Range Query,Show all Sehenswuerdpoi found within a 3 - mile range of Café im Zeughaus.,['Sehenswuerdpoi'],['Café im Zeughaus']
Range Query,Discover all Plaetze within a 3 - meter radius of Königsweg (Zehlendorf).,['Plaetze'],['Königsweg (Zehlendorf)']
Range Query,I'm passing by and would like to know which UBahnhof are on Finkenpark.,['UBahnhof'],['Finkenpark']
Range Query,Enumerate all RBahnhof within a range of 1 kilometers from Wilhelmsmühlenweg.,['RBahnhof'],['Wilhelmsmühlenweg']
Range Query,Note all regions in Flaechen near Wusterwitz within 3 km distance.,['Flaechen'],['Wusterwitz']
Range Query,Cherry - pick regions in Sehenswuerdreg situated within a 3 - kilometer range of Am Eichenhain.,['Sehenswuerdreg'],['Am Eichenhain']
Range Query,"Reveal all Sehenswuerdpoi situated within a 2 - mile radius of Hasenheide (Kreuzberg, Neukölln).",['Sehenswuerdpoi'],"['Hasenheide (Kreuzberg, Neukölln)']"
Range Query,Reveal all Landstrassen2 within a 2 - mile range of Messedamm.,['Landstrassen2'],['Messedamm']
Range Query,Could you tell me what Plaetze are there on Der Weiße See?,['Plaetze'],['Der Weiße See']
Range Query,Find all lines in SBahn within a range of 5 kilometers from Steglitz.,['SBahn'],['Steglitz']
Range Query,I'm visiting the area and would like to explore the WFlaechen on Humboldt-Universität.,['WFlaechen'],['Humboldt-Universität']
Range Query,Bulid a directory of all regions within a 2 km radius of Faehren in Eisenbahn-Markthalle.,['Faehren'],['Eisenbahn-Markthalle']
Range Query,Tell me what UBahn are there in Oderstr. (Neukölln)?,['UBahn'],['Oderstr. (Neukölln)']
Range Query,Enumerate all Flaechen within a 1 - meter radius of Pritzerbe.,['Flaechen'],['Pritzerbe']
Range Query,Uncover all WStrassen within a 1 - mile range of Herthastr. (Grunewald).,['WStrassen'],['Herthastr. (Grunewald)']
Range Query,Find all Sehenswuerdreg that are within 5 kilometers of Spree.,['Sehenswuerdreg'],['Spree']
Range Query,Note all points in Restaurants near Gustav-Kurtze-Promenade (Strausberg) within 5 km distance.,['Restaurants'],['Gustav-Kurtze-Promenade (Strausberg)']
Range Query,Spotlight all Sehenswuerdreg within a 2 - mile radius of Marienhöhe.,['Sehenswuerdreg'],['Marienhöhe']
Range Query,I'm looking for a Landstrassen on Westhafen. Do you have any recommendations?,['Landstrassen'],['Westhafen']
Range Query,Locate all Sehenswuerdreg existing within a 5 - mile radius of Birnbaumer Str..,['Sehenswuerdreg'],['Birnbaumer Str.']
Range Query,Identify points in SBahnhof located within 1 kilometers of Leuenberg.,['SBahnhof'],['Leuenberg']
Range Query,List all lines in strassen that are within 4 kilometers from Bauhofstr. (Brandenburg).,['strassen'],['Bauhofstr. (Brandenburg)']
Range Query,Spot all Sehenswuerdpoi2 within a 3 - mile range of Hanjiang Road.,['Sehenswuerdpoi2'],['Hanjiang Road']
Range Query,Track down all strassen within a 3 - mile range of Hubertussee.,['strassen'],['Hubertussee']
Range Query,Compile a list of all regions within a 4 km radius of WStrassen in Krankenhaus Neukölln.,['WStrassen'],['Krankenhaus Neukölln']
Range Query,Identify lines in Landstrassen2 located within 2 kilometers of Stadtpark Steglitz.,['Landstrassen2'],['Stadtpark Steglitz']
Range Query,List all WStrassen existing within a 1 - kilometer range of this Neudorf|Friedenfelde.,['WStrassen'],['Neudorf|Friedenfelde']
Range Query,"Which Flaechen does the S41,S42,S46,S47 flow through?",['Flaechen'],"['S41,S42,S46,S47']"
Range Query,Pinpoint all SBahn existing within a 1 - mile radius of Barricade.,['SBahn'],['Barricade']
Range Query,Get all RBahn within 500 meters of Sowjetisches Ehrenmal (Treptower Park).,['RBahn'],['Sowjetisches Ehrenmal (Treptower Park)']
Range Query,Reveal all Kinos situated within a 1 - mile radius of Körnerstr. (Steglitz).,['Kinos'],['Körnerstr. (Steglitz)']
Range Query,Show all Sehenswuerdreg existing within a 4 - mile radius of Herzfelde - Strausberg.,['Sehenswuerdreg'],['Herzfelde - Strausberg']
Range Query,List all Wasserumland2 positioned within a 2 - kilometer range of this Neue Grottkauer Str..,['Wasserumland2'],['Neue Grottkauer Str.']
Range Query,Explore all lines within a 3 km distance from WFlaechen in Eichhorster Weg.,['WFlaechen'],['Eichhorster Weg']
Range Query,Log all lines in UBahn near B194 within 4 km distance.,['UBahn'],['B194']
Range Query,Enumerate all poi within a 4 - kilometer range of Altentreptow.,['poi'],['Altentreptow']
Range Query,Find out what PLZBoundaries cross the westl. von Wörlitz.,['PLZBoundaries'],['westl. von Wörlitz']
Range Query,Discover all PLZBoundaries within a 4 - meter radius of Schlachtensee.,['PLZBoundaries'],['Schlachtensee']
Range Query,Find all PLZBoundaries that are within 1 kilometer of Stettiner Haff.,['PLZBoundaries'],['Stettiner Haff']
Range Query,Retrieve all Landstrassen within a 500 meters of Mauerpark.,['Landstrassen'],['Mauerpark']
Range Query,Retrieve all PLZBoundaries situated within a 5 - mile radius of Heilandskirche (Sacrow).,['PLZBoundaries'],['Heilandskirche (Sacrow)']
Range Query,Which Flaechen does the Kyritz - Wittstock flow through?,['Flaechen'],['Kyritz - Wittstock']
Range Query,Select all Sehenswuerdreg that are within 5 kilometers of Stahnsdorfer Str. (Teltow).,['Sehenswuerdreg'],['Stahnsdorfer Str. (Teltow)']
Range Query,I'm looking for a Kneipen on Wallstr. (Mitte). Which one is it?,['Kneipen'],['Wallstr. (Mitte)']
Range Query,Find all Landstrassen2 positioned within a 5 - kilometer radius of Haus Zenner.,['Landstrassen2'],['Haus Zenner']
Range Query,I'm passing by and would like to know which Landstrassen are on Landschaftspark Wuhletal (Ahrensfelder Berge).,['Landstrassen'],['Landschaftspark Wuhletal (Ahrensfelder Berge)']
Range Query,I'm interested in the RBahn on Thielpark. Can you suggest any?,['RBahn'],['Thielpark']
Range Query,I'm passing by and would like to know which WFlaechen are on Straße C.,['WFlaechen'],['Straße C']
Range Query,Find all points within a 2 km distance from Landstrassen in Adamswalde.,['Landstrassen'],['Adamswalde']
Range Query,Get all road within 800 meters of Plötzensee|(Berlin-Wedding).,['road'],['Plötzensee|(Berlin-Wedding)']
Range Query,Find all Landstrassen2 positioned within a 1 - kilometer range of Großer Wannsee.,['Landstrassen2'],['Großer Wannsee']
Range Query,Enumerate all Sehenswuerdreg within a range of 4 kilometers from Pichelssee.,['Sehenswuerdreg'],['Pichelssee']
Range Query,Note all points in OrteCity near Friedrichsfelde-Ost within 3 km distance.,['OrteCity'],['Friedrichsfelde-Ost']
Range Query,Mark regions in Sehenswuerdreg close to Stadtmitte (U6) within a 4 km range.,['Sehenswuerdreg'],['Stadtmitte (U6)']
Range Query,Delineate points in UBahnhof found within 3 kilometers from Hermsdorfer See.,['UBahnhof'],['Hermsdorfer See']
Range Query,Flag regions in Flaechen close to Der Weiße See within a 1 km range.,['Flaechen'],['Der Weiße See']
Range Query,Browse for all regions in Flaechen that are within 5 kilometers from Wenchang Road.,['Flaechen'],['Wenchang Road']
Range Query,I'm looking for a Sehenswuerdreg on Adlergestell. Can you help me find it?,['Sehenswuerdreg'],['Adlergestell']
Range Query,Identify all UBahn located within a 1 - mile radius of Heinrich-Lassen-Park.,['UBahn'],['Heinrich-Lassen-Park']
Range Query,Flag regions in WFlaechen close to Lessinghöhe within a 5 km range.,['WFlaechen'],['Lessinghöhe']
Range Query,Which Landstrassen2 are on Komische Oper?,['Landstrassen2'],['Komische Oper']
Range Query,Mark points in Kneipen close to Haus des Rundfunks within a 5 km range.,['Kneipen'],['Haus des Rundfunks']
Range Query,Display all Flaechen found within a 1 - kilometer range of Haus Zenner.,['Flaechen'],['Haus Zenner']
Range Query,Identify all Flaechen located within a 3 - mile radius of Longxing Road.,['Flaechen'],['Longxing Road']
Range Query,Find all poi that are within 2 kilometers of Sernow.,['poi'],['Sernow']
Range Query,What are the Flaechen that run through the Müggelsee?,['Flaechen'],['Müggelsee']
Range Query,What Flaechen are there on Prinz-Friedrich-Leopold-Kanal?,['Flaechen'],['Prinz-Friedrich-Leopold-Kanal']
Range Query,Identify all Landstrassen2 located within a 4 - mile range of Der Insulaner.,['Landstrassen2'],['Der Insulaner']
Range Query,Spotlight all road within a 2 - mile radius of Rathaus Schöneberg.,['road'],['Rathaus Schöneberg']
Range Query,Please list all the strassen that pass through the Postmuseum.,['strassen'],['Postmuseum']
Range Query,Compile a list of all points within a 3 km radius of Sehenswuerdpoi in Malheur.,['Sehenswuerdpoi'],['Malheur']
Range Query,Uncover all Landstrassen2 within a 2 - mile radius of Bernauer Str..,['Landstrassen2'],['Bernauer Str.']
Range Query,Locate all Flaechen existing within a 2 - mile range of Sacrower Lanke.,['Flaechen'],['Sacrower Lanke']
Range Query,Scan for all points in Plaetze that are within 3 kilometers from B115: Jüterbog - Cottbus.,['Plaetze'],['B115: Jüterbog - Cottbus']
Range Query,What Landstrassen2 are there in Volkspark Mariendorf?,['Landstrassen2'],['Volkspark Mariendorf']
Range Query,Unearth all Faehren within a 1 - mile range of Taba.,['Faehren'],['Taba']
Range Query,Can you tell me which Plaetze are on Dahme?,['Plaetze'],['Dahme']
Range Query,Enumerate all UBahnhof within a 1 - meter radius of Haus Zenner.,['UBahnhof'],['Haus Zenner']
Range Query,Select points in Plaetze within a 3 km radius of Botanischer Garten.,['Plaetze'],['Botanischer Garten']
Range Query,Display all Restaurants found within a 5 - kilometer range of Louis-Lewin-Str..,['Restaurants'],['Louis-Lewin-Str.']
Range Query,Unearth all WStrassen within a 5 - mile range of Kreuzbergstr..,['WStrassen'],['Kreuzbergstr.']
Range Query,I'm visiting the area and would like to explore the Plaetze on Großbeeren - Neubeeren.,['Plaetze'],['Großbeeren - Neubeeren']
Range Query,Which RBahnhof pass through the Hobrechtsfelder Chaussee?,['RBahnhof'],['Hobrechtsfelder Chaussee']
Range Query,I'm looking for a UBahnhof on Die Banke. Can you help me find it?,['UBahnhof'],['Die Banke']
Range Query,Compile a list of all regions in Flaechen within a range of 4 kilometers from Wilhelmshagen.,['Flaechen'],['Wilhelmshagen']
Range Query,Scearch for regions in Sehenswuerdreg situated within a 1 - kilometer range of Puschkinallee.,['Sehenswuerdreg'],['Puschkinallee']
Range Query,I'm passing through and would like to know which Landstrassen2 are on Dewichow - Balm.,['Landstrassen2'],['Dewichow - Balm']
Range Query,Which OrteCity intersect the Universitätsklinikum Rudolf Virchow?,['OrteCity'],['Universitätsklinikum Rudolf Virchow']
Range Query,List all regions in WFlaechen that are within 3 kilometers from Jungfernheide.,['WFlaechen'],['Jungfernheide']
Range Query,I'm looking for a Sehenswuerdpoi on Eggesin - Ueckermünde. Can you help?,['Sehenswuerdpoi'],['Eggesin - Ueckermünde']
Range Query,Spotlight all Sehenswuerdpoi within a 2 - mile radius of RB13.,['Sehenswuerdpoi'],['RB13']
Range Query,Find all regions in Flaechen within a range of 2 kilometers from Scharnweberstr..,['Flaechen'],['Scharnweberstr.']
Range Query,Retrieve all Sehenswuerdpoi situated within a 1 - mile radius of Lietzensee.,['Sehenswuerdpoi'],['Lietzensee']
Range Query,Survey points in Kinos found within 1 kilometers from Stadtpark Biesdorf.,['Kinos'],['Stadtpark Biesdorf']
Range Query,Uncover all Sehenswuerdreg within a 2 - mile range of Arcanoa.,['Sehenswuerdreg'],['Arcanoa']
Range Query,What Orte2 pass by Glasow - Waßmannsdorf?,['Orte2'],['Glasow - Waßmannsdorf']
Range Query,Browse for all regions in Flaechen that are within 2 kilometers from Europa-Center.,['Flaechen'],['Europa-Center']
Range Query,Could you tell me what WFlaechen are there on Altes Museum?,['WFlaechen'],['Altes Museum']
Range Query,Can you recommend the SBahn located on Naturtheater Hasenheide?,['SBahn'],['Naturtheater Hasenheide']
Range Query,Enumerate all Sehenswuerdreg within a 4 - kilometer range of Triestpark.,['Sehenswuerdreg'],['Triestpark']
Range Query,Explore all regions within a 1 km distance from road in Jungfernbrücke.,['road'],['Jungfernbrücke']
Range Query,Enumerate all PLZBoundaries within a 5 - meter radius of Ypsilon.,['PLZBoundaries'],['Ypsilon']
Range Query,I'm looking for a WFlaechen on Danfeng Street. Can you help?,['WFlaechen'],['Danfeng Street']
Range Query,Can you tell me the Kinos operating on East-Side-Gallery?,['Kinos'],['East-Side-Gallery']
Range Query,Reveal all Flaechen within a 5 - mile range of Planetarium.,['Flaechen'],['Planetarium']
Range Query,Uncover all Flaechen within a 3 - mile radius of Xintianyou travel agency.,['Flaechen'],['Xintianyou travel agency']
Range Query,What are the UBahn on the Olympiastadion?,['UBahn'],['Olympiastadion']
Range Query,Alert me of all points in SBahnhof that are 4 km or less from Prenzlauer Promenade.,['SBahnhof'],['Prenzlauer Promenade']
Range Query,I'm looking for a WFlaechen on Teufelssee. Can you help me find it?,['WFlaechen'],['Teufelssee']
Range Query,Retrieve all RBahn situated within a 5 - mile range of Liepe|(b. Dahme).,['RBahn'],['Liepe|(b. Dahme)']
Range Query,List all regions in WFlaechen that are within 5 kilometers from Hohenwarthe.,['WFlaechen'],['Hohenwarthe']
Range Query,Bulid a directory of all lines within a 4 km radius of Landstrassen2 in Crellestr..,['Landstrassen2'],['Crellestr.']
Range Query,Look up all regions within a 1 km distance from road in Jungfernheide.,['road'],['Jungfernheide']
Range Query,Could you tell me what Sehenswuerdreg are there in Hermsdorfer See?,['Sehenswuerdreg'],['Hermsdorfer See']
Range Query,Survey lines in PLZBoundaries found within 4 kilometers from Nedlitzer Str. (Potsdam).,['PLZBoundaries'],['Nedlitzer Str. (Potsdam)']
Range Query,Find all Sehenswuerdreg that are within 3 kilometers of Neubrandenburg.,['Sehenswuerdreg'],['Neubrandenburg']
Range Query,List the Sehenswuerdreg on Olympiastadion.,['Sehenswuerdreg'],['Olympiastadion']
Range Query,I'm visiting the area and would like to know the WFlaechen on Yingwei Street. Can you suggest any?,['WFlaechen'],['Yingwei Street']
Range Query,Look up all points within a 3 km distance from UBahn in Anita Wronski.,['UBahn'],['Anita Wronski']
Range Query,List all the Faehren on Jüdisches Museum.,['Faehren'],['Jüdisches Museum']
Range Query,Locate all Wasserumland2 existing within a 1 - mile radius of Intimes.,['Wasserumland2'],['Intimes']
Range Query,Highlight points in OrteCity colse to Werbig within a 5 km range.,['OrteCity'],['Werbig']
Range Query,Unearth all WFlaechen within a 4 - mile radius of Messelpark.,['WFlaechen'],['Messelpark']
Range Query,Which Flaechen intersect the Mündesee?,['Flaechen'],['Mündesee']
Range Query,Reveal all Kinos lots within a 1 - mile range of Netzeband.,['Kinos'],['Netzeband']
Range Query,Locate all strassen existing within a 2 - mile range of Titanic.,['strassen'],['Titanic']
Range Query,Identify points in UBahnhof located within 5 kilometers of Heinrich-von-Kleist-Park.,['UBahnhof'],['Heinrich-von-Kleist-Park']
Range Query,I'm interested in the WStrassen on Weidenweg (Friedrichshain). Can you suggest any?,['WStrassen'],['Weidenweg (Friedrichshain)']
Range Query,"Find all Sehenswuerdpoi that are within 1 kilometer of Promenade, am Teltowkanal.",['Sehenswuerdpoi'],"['Promenade, am Teltowkanal']"
Range Query,"I'm looking for a Wasserumland2 on S46,S47. Can you help me find it?",['Wasserumland2'],"['S46,S47']"
Range Query,Compile a list of all regions in Flaechen within a range of 3 kilometers from Mommsen Eck.,['Flaechen'],['Mommsen Eck']
Range Query,Can you recommend the UBahn located on Marstall?,['UBahn'],['Marstall']
Range Query,Log all points in SBahnhof near Bellevuepark within 3 km distance.,['SBahnhof'],['Bellevuepark']
Range Query,Identify all Restaurants located within a 1 - mile range of Havel.,['Restaurants'],['Havel']
Range Query,Inquire about lines in Wasserumland2 located within 5 kilometers of Neue Nationalgalerie.,['Wasserumland2'],['Neue Nationalgalerie']
Range Query,Retrieve all Flaechen within a 500 meters of Gaogangli.,['Flaechen'],['Gaogangli']
Range Query,Show all OrteCity existing within a 4 - mile radius of Spree.,['OrteCity'],['Spree']
Range Query,Retrieve lines in Landstrassen2 situated within 4 - kilometers range of Jintang line.,['Landstrassen2'],['Jintang line']
Range Query,Find all WFlaechen positioned within a 3 - kilometer radius of Jüdisches Museum.,['WFlaechen'],['Jüdisches Museum']
Range Query,List all Landstrassen2 positioned within a 3 - kilometer range of this SEZ.,['Landstrassen2'],['SEZ']
Range Query,Note regions within a 5 km radius of Sehenswuerdpoi in Schloß Niederschönhausen.,['Sehenswuerdpoi'],['Schloß Niederschönhausen']
Range Query,Please list all the Sehenswuerdpoi2 that pass through the Havel.,['Sehenswuerdpoi2'],['Havel']
Range Query,Can you provide information about the poi on Kapweg?,['poi'],['Kapweg']
Range Query,Show all Sehenswuerdreg existing within a 5 - mile radius of Friedrich-Wilhelm-Platz.,['Sehenswuerdreg'],['Friedrich-Wilhelm-Platz']
Range Query,Scan for all lines in Landstrassen2 that are within 1 kilometers from Hochmeisterplatz.,['Landstrassen2'],['Hochmeisterplatz']
Range Query,Unearth all Flaechen within a 2 - mile radius of Zeuthener See.,['Flaechen'],['Zeuthener See']
Range Query,Catalog all points in Sehenswuerdpoi within a range of 1 kilometers from Gesundbrunnen.,['Sehenswuerdpoi'],['Gesundbrunnen']
Range Query,List all Kinos existing within a 1 - kilometer range of this Jinling Avenue.,['Kinos'],['Jinling Avenue']
Range Query,Scearch for points in SBahnhof situated within a 5 - kilometer range of Fritz-Schloß-Park.,['SBahnhof'],['Fritz-Schloß-Park']
Range Query,Please list all the Orte2 that pass through the Dubrowstr..,['Orte2'],['Dubrowstr.']
Range Query,"Inquire about regions in Sehenswuerdreg located within 5 kilometers of Kurfürstenstr. (Tiergarten, Schöneberg).",['Sehenswuerdreg'],"['Kurfürstenstr. (Tiergarten, Schöneberg)']"
Range Query,Bulid a directory of points in RBahnhof located within 2 kilometers of Cangshan Road.,['RBahnhof'],['Cangshan Road']
Range Query,Spot all WFlaechen within a 1 - mile radius of Marienhöhe.,['WFlaechen'],['Marienhöhe']
Range Query,What are the WFlaechen on the Groß Dölln - Templin?,['WFlaechen'],['Groß Dölln - Templin']
Range Query,Unearth all Orte2 within a 1 - mile radius of Hochmeisterplatz.,['Orte2'],['Hochmeisterplatz']
Range Query,Can you provide information about the UBahn on Hellersdorfer Str.?,['UBahn'],['Hellersdorfer Str.']
Range Query,Scearch for regions in WFlaechen situated within a 2 - kilometer range of Finckensteinallee.,['WFlaechen'],['Finckensteinallee']
Range Query,I'm passing by and would like to know which Landstrassen2 are on Museum für Verkehr und Technik.,['Landstrassen2'],['Museum für Verkehr und Technik']
Range Query,I'm visiting the area and would like to know the poi on Kienwerder (Eberswalde). Do you have any suggestions?,['poi'],['Kienwerder (Eberswalde)']
Range Query,Which WStrassen pass through the Jungfernheide?,['WStrassen'],['Jungfernheide']
Range Query,Please list all the WFlaechen that run through the Alter Spreearm.,['WFlaechen'],['Alter Spreearm']
Range Query,Browse for all lines in road that are within 2 kilometers from Fergitz.,['road'],['Fergitz']
Range Query,Get all Plaetze within 900 meters of Café Bravo.,['Plaetze'],['Café Bravo']
Range Query,Get all WFlaechen within 900 meters of Olivaer Platz.,['WFlaechen'],['Olivaer Platz']
Range Query,Reveal all Landstrassen within a 4 - mile range of Bernau.,['Landstrassen'],['Bernau']
Range Query,Discover all WStrassen within a 4 - mile radius of Innungsstr..,['WStrassen'],['Innungsstr.']
Range Query,Compile a list of all lines in PLZBoundaries within a range of 2 kilometers from Bad Liebenwerda.,['PLZBoundaries'],['Bad Liebenwerda']
Range Query,Cherry - pick regions in WFlaechen situated within a 1 - kilometer range of B207.,['WFlaechen'],['B207']
Range Query,Scearch for lines in Faehren situated within a 2 - kilometer range of Landschaftspark Wuhletal (Ahrensfelder Berge).,['Faehren'],['Landschaftspark Wuhletal (Ahrensfelder Berge)']
Range Query,I'm visiting the area and would like to know the WFlaechen on Darßer Str.. Can you suggest any?,['WFlaechen'],['Darßer Str.']
Range Query,Please list all the Flaechen that cross the Schulzendorfer Str. (Hermsdorf).,['Flaechen'],['Schulzendorfer Str. (Hermsdorf)']
Range Query,Highlight points in UBahnhof colse to Haus Zenner within a 1 km range.,['UBahnhof'],['Haus Zenner']
Range Query,Discover all Landstrassen2 within a 1 - kilometer range of Insel der Jugend.,['Landstrassen2'],['Insel der Jugend']
Range Query,Compile a list of all regions in WFlaechen within a range of 3 kilometers from Tandoory.,['WFlaechen'],['Tandoory']
Range Query,List all Wasserumland2 existing within a 1 - kilometer range of this Dal Buongustaio.,['Wasserumland2'],['Dal Buongustaio']
Range Query,I'm looking for a poi on Sony. Can you provide details?,['poi'],['Sony']
Range Query,Show all Flaechen existing within a 1 - mile radius of Phillip-Müller-Str. (Strausberg).,['Flaechen'],['Phillip-Müller-Str. (Strausberg)']
Range Query,Please list all road flow through the Ließen.,['road'],['Ließen']
Range Query,Reveal all Kinos within a 1 - mile range of Hammelstall|(Brüssow).,['Kinos'],['Hammelstall|(Brüssow)']
Range Query,Find all Faehren located on Berlin-Museum.,['Faehren'],['Berlin-Museum']
Range Query,Retrieve all Sehenswuerdpoi situated within a 2 - mile radius of Berliner Stadtforst Köpenick.,['Sehenswuerdpoi'],['Berliner Stadtforst Köpenick']
Range Query,Note all regions in Sehenswuerdreg near Lindow within 4 km distance.,['Sehenswuerdreg'],['Lindow']
Range Query,Note regions within a 4 km radius of Restaurants in Deutsches Theater.,['Restaurants'],['Deutsches Theater']
Range Query,Find all road that are within 1 kilometer of Sacrower Schloß.,['road'],['Sacrower Schloß']
Range Query,Bulid a directory of lines in SBahn located within 1 kilometers of Herzberg (Elster) West.,['SBahn'],['Herzberg (Elster) West']
Range Query,Find all lines within a 1 km distance from Sehenswuerdpoi in Glasow - Waßmannsdorf.,['Sehenswuerdpoi'],['Glasow - Waßmannsdorf']
Range Query,Unearth all WFlaechen within a 5 - mile radius of Weißenseer Weg.,['WFlaechen'],['Weißenseer Weg']
Range Query,Which Landstrassen intersect the Die Banke?,['Landstrassen'],['Die Banke']
Range Query,Find all Faehren located on Volkspark Wilmersdorf.,['Faehren'],['Volkspark Wilmersdorf']
Range Query,Reveal all PLZBoundaries situated within a 4 - mile radius of B75.,['PLZBoundaries'],['B75']
Range Query,Can you recommend the Plaetze located on Villa Borsig?,['Plaetze'],['Villa Borsig']
Range Query,List all points in OrteCity that are within 2 kilometers from Wildmeisterdamm.,['OrteCity'],['Wildmeisterdamm']
Range Query,Show all UBahnhof existing within a 1 - mile radius of Zeuthener See.,['UBahnhof'],['Zeuthener See']
Range Query,Discover all strassen within a 5 - meter radius of Mirnik.,['strassen'],['Mirnik']
Range Query,Bulid a directory of all regions within a 3 km radius of WFlaechen in Klare Lanke.,['WFlaechen'],['Klare Lanke']
Range Query,Find all OrteCity that are within 1 kilometer of Park Sanssouci.,['OrteCity'],['Park Sanssouci']
Range Query,Enumerate all UBahnhof within a range of 4 kilometers from Marrakesch.,['UBahnhof'],['Marrakesch']
Range Query,Uncover all Flaechen within a 3 - mile radius of Pastor-Niemöller-Platz.,['Flaechen'],['Pastor-Niemöller-Platz']
Range Query,Bulid a directory of regions in Sehenswuerdreg located within 4 kilometers of Breite.,['Sehenswuerdreg'],['Breite']
Range Query,Mark lines in Faehren close to Zgorzelec within a 2 km range.,['Faehren'],['Zgorzelec']
Range Query,Find out which WFlaechen pass through the Nordhafen Spandau.,['WFlaechen'],['Nordhafen Spandau']
Range Query,Look up all lines within a 1 km distance from Landstrassen2 in Wittenauer Str..,['Landstrassen2'],['Wittenauer Str.']
Range Query,Spot all UBahn within a 3 - mile radius of Adalbertstr..,['UBahn'],['Adalbertstr.']
Range Query,Bulid a directory of all regions within a 3 km radius of Sehenswuerdpoi2 in Ruhlebener Altarm.,['Sehenswuerdpoi2'],['Ruhlebener Altarm']
Range Query,What UBahnhof pass by Botanischer Garten?,['UBahnhof'],['Botanischer Garten']
Range Query,Browse for all regions in Flaechen that are within 1 kilometers from Volkspark Jungfernheide.,['Flaechen'],['Volkspark Jungfernheide']
Range Query,Scan for all lines in WStrassen that are within 5 kilometers from Rönnestr..,['WStrassen'],['Rönnestr.']
Range Query,Can you tell me the poi operating on Fritz-Schloß-Park?,['poi'],['Fritz-Schloß-Park']
Range Query,Can you direct me to the poi that are on Ziegeleisee?,['poi'],['Ziegeleisee']
Range Query,Reveal all Sehenswuerdpoi2 lots within a 4 - mile range of Leuenberg.,['Sehenswuerdpoi2'],['Leuenberg']
Range Query,Identify all PLZBoundaries located within a 2 - mile radius of Bezirksamt Kreuzberg.,['PLZBoundaries'],['Bezirksamt Kreuzberg']
Range Query,Select points in Orte2 within a 3 km radius of Böcklerpark.,['Orte2'],['Böcklerpark']
Range Query,List all Kinos positioned within a 4 - kilometer radius of this Zhongshan South Road.,['Kinos'],['Zhongshan South Road']
Range Query,Can you direct me to the SBahn that are on Baerwaldstr.?,['SBahn'],['Baerwaldstr.']
Range Query,What SBahn pass by Dohndorf?,['SBahn'],['Dohndorf']
Range Query,Select lines in road within a 2 km radius of Berlin Friedrichstr..,['road'],['Berlin Friedrichstr.']
Range Query,I'm looking for a WStrassen on Stadtpark Lichtenberg. Do you have any recommendations?,['WStrassen'],['Stadtpark Lichtenberg']
Range Query,Identify all Restaurants located within a 1 - mile radius of Café Berio.,['Restaurants'],['Café Berio']
Range Query,What are the Sehenswuerdreg on the Alter Park?,['Sehenswuerdreg'],['Alter Park']
Range Query,Please list all the Sehenswuerdpoi that pass through the Müggelsee.,['Sehenswuerdpoi'],['Müggelsee']
Range Query,I'm passing by and would like to know which Landstrassen are on Große Krampe.,['Landstrassen'],['Große Krampe']
Range Query,Reveal all road within a 5 - mile range of Jungfernheide.,['road'],['Jungfernheide']
Range Query,Tell me what Sehenswuerdreg are there in Badesee Arkenberge?,['Sehenswuerdreg'],['Badesee Arkenberge']
Range Query,Which poi are on Dahme?,['poi'],['Dahme']
Range Query,Enumerate all poi within a range of 2 kilometers from Porta Brandenburgo.,['poi'],['Porta Brandenburgo']
Range Query,Reveal all WFlaechen situated within a 1 - mile radius of Maselake.,['WFlaechen'],['Maselake']
Range Query,List all the UBahnhof on Dahlwitz - Altlandsberg.,['UBahnhof'],['Dahlwitz - Altlandsberg']
Range Query,Annotate lines in strassen located within 4 kilometers of Meinsdorf.,['strassen'],['Meinsdorf']
Range Query,Can you recommend any Flaechen that are on Grimmstr. (Kreuzberg)?,['Flaechen'],['Grimmstr. (Kreuzberg)']
Range Query,List all WFlaechen positioned within a 3 - kilometer range of this Paul-Löbe-Haus.,['WFlaechen'],['Paul-Löbe-Haus']
Range Query,Find out what Sehenswuerdreg cross the Berlin-Museum.,['Sehenswuerdreg'],['Berlin-Museum']
Range Query,Can you tell me which Faehren are on Luisenhain?,['Faehren'],['Luisenhain']
Range Query,Can you direct me to the WStrassen that are on Burg - Leipe?,['WStrassen'],['Burg - Leipe']
Range Query,Please list all the UBahn that cross the Neue Krugallee.,['UBahn'],['Neue Krugallee']
Range Query,Please tell me what Wasserumland2 are there on Verlängerte Daumstr.?,['Wasserumland2'],['Verlängerte Daumstr.']
Range Query,Spot all RBahnhof within a 5 - mile radius of Teltowkanal.,['RBahnhof'],['Teltowkanal']
Range Query,Look up all points within a 1 km distance from Restaurants in Fürstenberg.,['Restaurants'],['Fürstenberg']
Range Query,Show me the Sehenswuerdpoi on (Coppistr. - Nöldnerplatz).,['Sehenswuerdpoi'],['(Coppistr. - Nöldnerplatz)']
Range Query,Bulid a directory of regions in WFlaechen located within 1 kilometers of Deutschlandhalle.,['WFlaechen'],['Deutschlandhalle']
Range Query,Get all Landstrassen2 within 500 meters of Zauchwitz - Luckenwalde.,['Landstrassen2'],['Zauchwitz - Luckenwalde']
Range Query,Locate all Sehenswuerdreg existing within a 3 - mile range of Drewitz|b. Ziesar.,['Sehenswuerdreg'],['Drewitz|b. Ziesar']
Range Query,Get all regions in WFlaechen near Taucha with 3 km distance.,['WFlaechen'],['Taucha']
Range Query,Reveal all Plaetze within a 1 - mile range of Kreuzkrug.,['Plaetze'],['Kreuzkrug']
Range Query,Retrieve all Sehenswuerdpoi situated within a 3 - mile radius of Nassenheide - Liebenwalde.,['Sehenswuerdpoi'],['Nassenheide - Liebenwalde']
Range Query,I'm looking for a Faehren on Kisselnallee. Which one is it?,['Faehren'],['Kisselnallee']
Range Query,Please list all the Kinos that pass through the St.-Josef-Krankenhaus.,['Kinos'],['St.-Josef-Krankenhaus']
Range Query,I'm searching for a Flaechen on Volkspark am Weinberg. Can you help?,['Flaechen'],['Volkspark am Weinberg']
Range Query,Find all Kneipen located on Pinggang Road.,['Kneipen'],['Pinggang Road']
Range Query,Show all road existing within a 1 - mile radius of Arena.,['road'],['Arena']
Range Query,Browse for all regions in Sehenswuerdreg that are within 2 kilometers from Schloß Köpenick.,['Sehenswuerdreg'],['Schloß Köpenick']
Range Query,Find all lines in Landstrassen within a range of 1 kilometers from Herrensee.,['Landstrassen'],['Herrensee']
Range Query,Identify all road located within a 2 - mile radius of Brunn.,['road'],['Brunn']
Range Query,Pinpoint all UBahn existing within a 1 - mile radius of Thielpark.,['UBahn'],['Thielpark']
Range Query,Bulid a directory of lines in Wasserumland2 located within 2 kilometers of Treptower Park.,['Wasserumland2'],['Treptower Park']
Range Query,Please list all the Sehenswuerdreg pass through the Berliner Dom.,['Sehenswuerdreg'],['Berliner Dom']
Range Query,Uncover all SBahnhof within a 2 - mile range of Melita Sundström.,['SBahnhof'],['Melita Sundström']
Range Query,I'm interested in the Landstrassen on Tingying Road. Can you suggest any?,['Landstrassen'],['Tingying Road']
Range Query,Can you recommend any Landstrassen2 that are on Mühlenstr. (Zehlendorf)?,['Landstrassen2'],['Mühlenstr. (Zehlendorf)']
Range Query,Scearch for lines in Landstrassen situated within a 5 - kilometer range of Kleiner Kuhwall.,['Landstrassen'],['Kleiner Kuhwall']
Range Query,Select all Kneipen that are within 2 kilometers of Löbnitz|(Mecklenburg).,['Kneipen'],['Löbnitz|(Mecklenburg)']
Range Query,I'm passing through and would like to know which Kneipen are on Dieffenbachstr..,['Kneipen'],['Dieffenbachstr.']
Range Query,Reveal all WStrassen situated within a 2 - mile radius of Utopia.,['WStrassen'],['Utopia']
Range Query,Enumerate all Landstrassen2 within a 3 - meter radius of Volkspark Jungfernheide.,['Landstrassen2'],['Volkspark Jungfernheide']
Range Query,Reveal all Flaechen situated within a 3 - mile radius of Möckern.,['Flaechen'],['Möckern']
Range Query,Note all lines in SBahn near X-Beliebig within 3 km distance.,['SBahn'],['X-Beliebig']
Range Query,Identify all WFlaechen located within a 3 - mile radius of Senftenhütte.,['WFlaechen'],['Senftenhütte']
Range Query,Log all lines in UBahn near Troquet within 5 km distance.,['UBahn'],['Troquet']
Range Query,Uncover all Sehenswuerdreg within a 5 - mile radius of Hohenschönhausen.,['Sehenswuerdreg'],['Hohenschönhausen']
Range Query,Browse for all regions in Sehenswuerdreg that are within 1 kilometers from Mesa.,['Sehenswuerdreg'],['Mesa']
Range Query,I'm passing by and would like to know which road are on Rosenfelder Ring.,['road'],['Rosenfelder Ring']
Range Query,Notify me of all points in Kneipen that are 3 km or less from Rhinow - Rübehorst.,['Kneipen'],['Rhinow - Rübehorst']
Range Query,Annotate points in Kinos located within 5 kilometers of Am Bahnhof (Fürstenwalde).,['Kinos'],['Am Bahnhof (Fürstenwalde)']
Range Query,Uncover all Wasserumland2 within a 2 - mile range of Möckern - Drewitz.,['Wasserumland2'],['Möckern - Drewitz']
Range Query,Enumerate all Sehenswuerdpoi within a 5 - kilometer range of Am Eichenhain (Verlängerung?).,['Sehenswuerdpoi'],['Am Eichenhain (Verlängerung ?)']
Range Query,Scan for all lines in PLZBoundaries that are within 1 kilometers from Kirschallee (Potsdam).,['PLZBoundaries'],['Kirschallee (Potsdam)']
Range Query,Annotate lines in RBahn located within 2 kilometers of Blackpoint.,['RBahn'],['Blackpoint']
Range Query,Retrieve all RBahn situated within a 4 - mile range of Gemeindepark Lankwitz.,['RBahn'],['Gemeindepark Lankwitz']
Range Query,Can you recommend the Flaechen located on B110: Rostock - Gnoien?,['Flaechen'],['B110: Rostock - Gnoien']
Range Query,Find all poi that are within 1 kilometer of Stößensee.,['poi'],['Stößensee']
Range Query,Discover all WFlaechen within a 2 - kilometer range of Doberaner Str. (Hohenschönhausen).,['WFlaechen'],['Doberaner Str. (Hohenschönhausen)']
Range Query,Note regions within a 4 km radius of WStrassen in Gedenkstätte Haus d. Wanseekonferenz.,['WStrassen'],['Gedenkstätte Haus d. Wanseekonferenz']
Range Query,Please list all the Flaechen that pass through the Café am Heinrichplatz.,['Flaechen'],['Café am Heinrichplatz']
Range Query,Show all WStrassen found within a 1 - mile range of Hertelstr..,['WStrassen'],['Hertelstr.']
Range Query,Bulid a directory of regions in WFlaechen located within 1 kilometers of Fischtalpark.,['WFlaechen'],['Fischtalpark']
Range Query,Select points in Kneipen within a 4 km radius of Gedenkstätte Deutscher Widerstand.,['Kneipen'],['Gedenkstätte Deutscher Widerstand']
Range Query,Discover points in Kinos found within 1 kilometers from Fsk am Oranienplatz.,['Kinos'],['Fsk am Oranienplatz']
Range Query,Inquire about points in Kneipen located within 4 kilometers of Neue Wache.,['Kneipen'],['Neue Wache']
Range Query,Find all Plaetze positioned within a 3 - kilometer range of Wildenbruchplatz.,['Plaetze'],['Wildenbruchplatz']
Range Query,Uncover all Landstrassen2 within a 1 - mile radius of Liebesinsel.,['Landstrassen2'],['Liebesinsel']
Range Query,I'm looking for a Wasserumland2 on Spreestr. (Niederschöneweide). Do you have any recommendations?,['Wasserumland2'],['Spreestr. (Niederschöneweide)']
Range Query,I'm visiting the area and would like to know the Sehenswuerdreg on Schmöckwitzer Werder. Do you have any suggestions?,['Sehenswuerdreg'],['Schmöckwitzer Werder']
Range Query,What are the PLZBoundaries that cross the Berliner Forst Spandau?,['PLZBoundaries'],['Berliner Forst Spandau']
Range Query,Could you tell me what RBahnhof are there in Philharmonie?,['RBahnhof'],['Philharmonie']
Range Query,Notify me of all regions in Sehenswuerdreg that are 3 km or less from Melzow - Warnitz.,['Sehenswuerdreg'],['Melzow - Warnitz']
Range Query,What are the WFlaechen that cross the Hauptgebäude der TU?,['WFlaechen'],['Hauptgebäude der TU']
Range Query,Track down all road within a 1 - mile range of Tramper Weg.,['road'],['Tramper Weg']
Range Query,Uncover all WFlaechen within a 3 - mile radius of Kien Du Thairestaurant.,['WFlaechen'],['Kien Du Thairestaurant']
Range Query,List all Sehenswuerdreg existing within a 1 - kilometer range of this Märkische Allee -- Alt-Biesdorf.,['Sehenswuerdreg'],['Märkische Allee -- Alt-Biesdorf']
Range Query,Find all WFlaechen positioned within a 3 - kilometer radius of Südhafen.,['WFlaechen'],['Südhafen']
Range Query,Show all UBahnhof existing within a 3 - mile radius of Rembrandtstr. (Friedenau).,['UBahnhof'],['Rembrandtstr. (Friedenau)']
Range Query,Discover regions in WFlaechen found within 3 kilometers from Wusterhausen (Dosse).,['WFlaechen'],['Wusterhausen (Dosse)']
Range Query,Find all Kneipen that are within 5 kilometers of Europa-Center.,['Kneipen'],['Europa-Center']
Range Query,Spot all road within a 5 - mile radius of Kaakstedt - Pinnow.,['road'],['Kaakstedt - Pinnow']
Range Query,Show me all lines in SBahn that are 5 km or less from Triftstr. (Buchholz).,['SBahn'],['Triftstr. (Buchholz)']
Range Query,Catalog all regions in Sehenswuerdreg within a range of 5 kilometers from Abgeordnetenhaus.,['Sehenswuerdreg'],['Abgeordnetenhaus']
Range Query,Identify line in SBahn located within 3 kilometers of B101: Berlin - Jüterbog.,['SBahn'],['B101: Berlin - Jüterbog']
Range Query,Alert me of all lines in RBahn that are 2 km or less from Dorfkirche Stralau.,['RBahn'],['Dorfkirche Stralau']
Range Query,Find all Flaechen that are within 1 kilometers of Soufflé.,['Flaechen'],['Soufflé']
Range Query,Uncover all road within a 4 - mile radius of Galliano.,['road'],['Galliano']
Range Query,I'm interested in the road on Alter Park. Can you suggest any?,['road'],['Alter Park']
Range Query,List all the OrteCity on Richardstr..,['OrteCity'],['Richardstr.']
Range Query,Note regions within a 1 km radius of WFlaechen in Französischer Dom.,['WFlaechen'],['Französischer Dom']
Range Query,I'm visiting the area and would like to explore the WStrassen on Amerika-Gedenkbibliothek.,['WStrassen'],['Amerika-Gedenkbibliothek']
Range Query,Please list all the Sehenswuerdreg that run through the Bürknerstr..,['Sehenswuerdreg'],['Bürknerstr.']
Range Query,Can you tell me the WFlaechen operating on Xingxue Road?,['WFlaechen'],['Xingxue Road']
Range Query,I'm visiting the area and would like to know the UBahnhof on Messelpark. Do you have any suggestions?,['UBahnhof'],['Messelpark']
Range Query,Scan for all points in poi that are within 3 kilometers from Spree.,['poi'],['Spree']
Range Query,Retrieve points in Kneipen situated within 1 - kilometers range of Helsingforser Platz.,['Kneipen'],['Helsingforser Platz']
Range Query,Select regions in WFlaechen within a 2 km radius of Rosenfelder Ring.,['WFlaechen'],['Rosenfelder Ring']
Range Query,Enumerate all Landstrassen within a range of 3 kilometers from Havel.,['Landstrassen'],['Havel']
Range Query,Catalog all regions in WFlaechen within a range of 4 kilometers from Ernst-Thälmann-Park.,['WFlaechen'],['Ernst-Thälmann-Park']
Range Query,Alert me of all lines in Landstrassen that are 3 km or less from Stadtbibliothek.,['Landstrassen'],['Stadtbibliothek']
Range Query,Get all SBahnhof within 900 meters of Fischtalpark.,['SBahnhof'],['Fischtalpark']
Range Query,Retrieve all Flaechen situated within a 3 - mile range of Eberswalde - Oderberg.,['Flaechen'],['Eberswalde - Oderberg']
Range Query,Uncover all Kinos within a 1 - mile range of Nordbahnhof.,['Kinos'],['Nordbahnhof']
Range Query,Find out which road pass through the Derya.,['road'],['Derya']
Range Query,Cherry - pick regions in Flaechen situated within a 5 - kilometer range of Berliner Str. (Tegel).,['Flaechen'],['Berliner Str. (Tegel)']
Range Query,Spot all WFlaechen within a 1 - mile range of Schloß Bellevue.,['WFlaechen'],['Schloß Bellevue']
Range Query,Enumerate all WFlaechen within a range of 1 kilometers from Janny.,['WFlaechen'],['Janny']
Range Query,I'm looking for a Plaetze on Zühlsdorf - Wandlitz. Can you help me find it?,['Plaetze'],['Zühlsdorf - Wandlitz']
Range Query,Delineate lines in Landstrassen2 found within 4 kilometers from Brunne.,['Landstrassen2'],['Brunne']
Range Query,Can you tell me which Flaechen are on Volkspark Mariendorf?,['Flaechen'],['Volkspark Mariendorf']
Range Query,Browse for all points in Sehenswuerdpoi that are within 2 kilometers from Bodemuseum.,['Sehenswuerdpoi'],['Bodemuseum']
Range Query,Pinpoint all Landstrassen existing within a 2 - mile radius of Kulmer Str..,['Landstrassen'],['Kulmer Str.']
Range Query,Spot all Wasserumland2 within a 3 - mile radius of B404.,['Wasserumland2'],['B404']
Range Query,Compile a list of all regions within a 3 km radius of Landstrassen in Gosener Kanal.,['Landstrassen'],['Gosener Kanal']
Range Query,Track down all Sehenswuerdpoi within a 2 - mile range of Staaken.,['Sehenswuerdpoi'],['Staaken']
Range Query,List all the Sehenswuerdpoi on Universitäts-Bibliothek.,['Sehenswuerdpoi'],['Universitäts-Bibliothek']
Range Query,I'm searching for a Sehenswuerdpoi2 on Flughafen Schönefeld. Can you help?,['Sehenswuerdpoi2'],['Flughafen Schönefeld']
Range Query,Cherry - pick regions in Sehenswuerdreg situated within a 2 - kilometer range of Landschaftspark Wuhletal (Ahrensfelder Berge).,['Sehenswuerdreg'],['Landschaftspark Wuhletal (Ahrensfelder Berge)']
Range Query,Retrieve all PLZBoundaries within a 500 meters of St.-Josef-Krankenhaus.,['PLZBoundaries'],['St.-Josef-Krankenhaus']
Range Query,Find all Sehenswuerdreg that are within 1 kilometer of Körtestr..,['Sehenswuerdreg'],['Körtestr.']
Range Query,Browse for all points in Kneipen that are within 3 kilometers from Fährweg.,['Kneipen'],['Fährweg']
Range Query,List all the WFlaechen on Luisenhain.,['WFlaechen'],['Luisenhain']
Range Query,Spotlight all UBahnhof within a 2 - mile radius of Guanyintiao Road.,['UBahnhof'],['Guanyintiao Road']
Range Query,Please tell me what WStrassen are there on Beimen Bridge?,['WStrassen'],['Beimen Bridge']
Range Query,Tell me which UBahn are on Qixianghe Avenue?,['UBahn'],['Qixianghe Avenue']
Range Query,Retrieve lines in SBahn situated within 2 - kilometers range of Zeughaus.,['SBahn'],['Zeughaus']
Range Query,Show me all points in Orte2 that are 5 km or less from Die Banke.,['Orte2'],['Die Banke']
Range Query,Find all Landstrassen positioned within a 2 - kilometer radius of Rathaus Neukölln.,['Landstrassen'],['Rathaus Neukölln']
Range Query,Explore all regions within a 4 km distance from Sehenswuerdreg in Werner-von-Siemens-Park.,['Sehenswuerdreg'],['Werner-von-Siemens-Park']
Range Query,Find all PLZBoundaries that are within 1 kilometer of Universitätsklinikum Rudolf Virchow.,['PLZBoundaries'],['Universitätsklinikum Rudolf Virchow']
Range Query,Enumerate all Kneipen within a 2 - kilometer range of Martin-Gropius-Bau.,['Kneipen'],['Martin-Gropius-Bau']
Range Query,"Track down all Sehenswuerdreg within a 1 - mile range of RE5,RB20.",['Sehenswuerdreg'],"['RE5,RB20']"
Range Query,Uncover all Landstrassen within a 2 - mile range of Wilhelm-Kuhr-Str..,['Landstrassen'],['Wilhelm-Kuhr-Str.']
Range Query,Identify all Faehren located within a 1 - mile range of Teltowkanal.,['Faehren'],['Teltowkanal']
Range Query,Find all points in Kneipen within a range of 5 kilometers from Buch.,['Kneipen'],['Buch']
Range Query,Show all Sehenswuerdreg found within a 5 - mile range of Wittenberge.,['Sehenswuerdreg'],['Wittenberge']
Range Query,List all Plaetze positioned within a 2 - kilometer radius of this Mittelheide.,['Plaetze'],['Mittelheide']
Range Query,Locate all Flaechen existing within a 2 - mile range of Bahnsdorf.,['Flaechen'],['Bahnsdorf']
Range Query,Track down all Landstrassen2 located within a 5 - mile range of Leopoldplatz.,['Landstrassen2'],['Leopoldplatz']
Range Query,Uncover all WFlaechen within a 2 - mile radius of Longzhao Road.,['WFlaechen'],['Longzhao Road']
Range Query,Get all Orte2 within 500 meters of Fabeckstr..,['Orte2'],['Fabeckstr.']
Range Query,Notify me of all regions in Flaechen that are 1 km or less from Plötzensee|(Berlin-Wedding).,['Flaechen'],['Plötzensee|(Berlin-Wedding)']
Range Query,Could you tell me what WFlaechen are there in Berlin-Museum?,['WFlaechen'],['Berlin-Museum']
Range Query,Find all road that are within 2 kilometers of Jungfernheide.,['road'],['Jungfernheide']
Range Query,Find all WFlaechen located on Marheinekehalle.,['WFlaechen'],['Marheinekehalle']
Range Query,What Orte2 pass by Waldpark Steinberg?,['Orte2'],['Waldpark Steinberg']
Range Query,Please list all the WFlaechen pass through the Treptower Park.,['WFlaechen'],['Treptower Park']
Range Query,Bulid a directory of all lines within a 1 km radius of Faehren in Paul-Löbe-Str..,['Faehren'],['Paul-Löbe-Str.']
Range Query,Enumerate all RBahn within a 2 - kilometer range of debis.,['RBahn'],['debis']
Range Query,Show all Sehenswuerdreg found within a 5 - mile range of Jimmy Mc's Irish Pub.,['Sehenswuerdreg'],"[""Jimmy Mc's Irish Pub""]"
Range Query,Display all Plaetze existing within a 4 - mile radius of Havel.,['Plaetze'],['Havel']
Range Query,Find out which WFlaechen pass through the Nattwerder - Grube.,['WFlaechen'],['Nattwerder - Grube']
Range Query,Reveal all PLZBoundaries within a 5 - mile range of Abtei Zenner.,['PLZBoundaries'],['Abtei Zenner']
Range Query,Find all UBahnhof that are within 1 kilometer of Eggesin - Ueckermünde.,['UBahnhof'],['Eggesin - Ueckermünde']
Range Query,Look up all points within a 5 km distance from RBahnhof in Café Swing.,['RBahnhof'],['Café Swing']
Range Query,Note regions within a 2 km radius of Plaetze in Flughafen Tempelhof.,['Plaetze'],['Flughafen Tempelhof']
Range Query,Get all Flaechen within 500 meters of Chorau.,['Flaechen'],['Chorau']
Range Query,I'm visiting the area and would like to know the Orte2 on Nauen - Hertefeld. Can you suggest any?,['Orte2'],['Nauen - Hertefeld']
Range Query,Alert me of all points in SBahnhof that are 1 km or less from Bestensee - Groß Köris.,['SBahnhof'],['Bestensee - Groß Köris']
Range Query,"Look up all lines within a 3 km distance from WFlaechen in Friedrichstr. (Mitte, Kreuzberg).",['WFlaechen'],"['Friedrichstr. (Mitte, Kreuzberg)']"
Range Query,Please list all the Faehren pass through the Ostseebad Zingst.,['Faehren'],['Ostseebad Zingst']
Range Query,Get all lines in Landstrassen2 near Neuenhagen - Fredersdorf with 3 km distance.,['Landstrassen2'],['Neuenhagen - Fredersdorf']
Range Query,Get all Faehren within 500 meters of Schernsdorf.,['Faehren'],['Schernsdorf']
Range Query,List all lines in Landstrassen that are within 4 kilometers from S7.,['Landstrassen'],['S7']
Range Query,Compile a list of all regions within a 2 km radius of Sehenswuerdpoi2 in Dammheide.,['Sehenswuerdpoi2'],['Dammheide']
Range Query,Catalog all points in UBahnhof within a range of 1 kilometers from Elisabethstr. (Biesdorf).,['UBahnhof'],['Elisabethstr. (Biesdorf)']
Range Query,I'm looking for a Landstrassen on Rheinsteinstr.. Can you help me find it?,['Landstrassen'],['Rheinsteinstr.']
Range Query,Show all Flaechen found within a 3 - mile radius of Pohlesee.,['Flaechen'],['Pohlesee']
Range Query,Please list all the Sehenswuerdreg that run through the Friedrchstadtpalast.,['Sehenswuerdreg'],['Friedrchstadtpalast']
Range Query,What Kneipen pass by Akademie der Künste?,['Kneipen'],['Akademie der Künste']
Range Query,Catalog all lines in Wasserumland2 within a range of 1 kilometers from Könnern.,['Wasserumland2'],['Könnern']
Range Query,I'm looking for a Kinos on Waldbühne. Can you help me find it?,['Kinos'],['Waldbühne']
Range Query,What are the Wasserumland2 that run through the Lotte-Pulewka-Str. (Potsdam)?,['Wasserumland2'],['Lotte-Pulewka-Str. (Potsdam)']
Range Query,Uncover all Sehenswuerdreg within a 1 - mile radius of Eva-Lichtspiele.,['Sehenswuerdreg'],['Eva-Lichtspiele']
Range Query,What are the WStrassen that run through the Schöneicher Str. (Schöneiche)?,['WStrassen'],['Schöneicher Str. (Schöneiche)']
Range Query,Find all PLZBoundaries that are within 2 kilometers of Pariser Platz.,['PLZBoundaries'],['Pariser Platz']
Range Query,Find all UBahn located on Tauernallee.,['UBahn'],['Tauernallee']
Range Query,What Wasserumland2 pass by Attilastr.?,['Wasserumland2'],['Attilastr.']
Range Query,Find all Sehenswuerdreg located on Hauptgebäude der TU.,['Sehenswuerdreg'],['Hauptgebäude der TU']
Range Query,Get all Faehren within 500 meters of Zhenghe South Road.,['Faehren'],['Zhenghe South Road']
Range Query,Show me the WFlaechen on Pichelsdorfer Gemünd.,['WFlaechen'],['Pichelsdorfer Gemünd']
Range Query,Which Restaurants does the Wannseestr. (Potsdam) go through?,['Restaurants'],['Wannseestr. (Potsdam)']
Range Query,I'm looking for a RBahnhof on Chemnitzer Str.. Do you have any recommendations?,['RBahnhof'],['Chemnitzer Str.']
Range Query,Tell me which Sehenswuerdreg are on Schloßpark Lichterfelde?,['Sehenswuerdreg'],['Schloßpark Lichterfelde']
Range Query,Please list all the strassen pass through the Mierendorffstr..,['strassen'],['Mierendorffstr.']
Range Query,Spot all Faehren within a 1 - mile range of Zinnowitz - Neuendorf.,['Faehren'],['Zinnowitz - Neuendorf']
Range Query,Notify me of all lines in SBahn that are 1 km or less from Kurfürstenstr..,['SBahn'],['Kurfürstenstr.']
Range Query,Find all Sehenswuerdreg that are within 1 kilometer of Puchanstr..,['Sehenswuerdreg'],['Puchanstr.']
Range Query,Log all points in OrteCity near Max-Schmelling-Halle within 4 km distance.,['OrteCity'],['Max-Schmelling-Halle']
Range Query,Which Wasserumland2 flow through the Bellevuepark?,['Wasserumland2'],['Bellevuepark']
Range Query,Bulid a directory of lines in Faehren located within 3 kilometers of Kleiner Tiergarten.,['Faehren'],['Kleiner Tiergarten']
Range Query,Explore all regions within a 2 km distance from PLZBoundaries in Pechsee.,['PLZBoundaries'],['Pechsee']
Range Query,Reveal all Sehenswuerdreg lots within a 2 - mile range of Laagensee.,['Sehenswuerdreg'],['Laagensee']
Spatial Join Query,Find the strassen that are within the boundaries of Teufelssee.,['strassen'],['Teufelssee']
Spatial Join Query,List the Kinos within the boundaries of Friedrchstadtpalast.,['Kinos'],['Friedrchstadtpalast']
Spatial Join Query,Find the Sehenswuerdreg situated within 4 kilometers of Grimmstr..,['Sehenswuerdreg'],['Grimmstr.']
Spatial Join Query,Find the WFlaechen that are located in Köllnische Heide.,['WFlaechen'],['Köllnische Heide']
Spatial Join Query,Tell me what RBahnhof are available in all the region in Flaechen.,"['RBahnhof', 'Flaechen']",[]
Spatial Join Query,Identify the strassen situated in Volkspark Jungfernheide.,['strassen'],['Volkspark Jungfernheide']
Spatial Join Query,Which SBahn are in each region in Ziegeleisee?,['SBahn'],['Ziegeleisee']
Spatial Join Query,Tell me what are the OrteCity in each region of WFlaechen.,"['OrteCity', 'WFlaechen']",[]
Spatial Join Query,Find the Sehenswuerdreg that are within Prinz-Friedrich-Leopold-Kanal.,['Sehenswuerdreg'],['Prinz-Friedrich-Leopold-Kanal']
Spatial Join Query,Tell me what Kneipen are available in all the region in Flaechen.,"['Kneipen', 'Flaechen']",[]
Spatial Join Query,Find the Orte2 that are located in Flughafen Tegel.,['Orte2'],['Flughafen Tegel']
Spatial Join Query,Which Sehenswuerdreg are located in each region of Flaechen?,"['Sehenswuerdreg', 'Flaechen']",[]
Spatial Join Query,Identify the Wasserumland2 that are situated within Ernst-Thälmann-Park.,['Wasserumland2'],['Ernst-Thälmann-Park']
Spatial Join Query,What are the WFlaechen in the Columbiahalle whose names start with the letter H?,['WFlaechen'],['Columbiahalle']
Spatial Join Query,Please list the Wasserumland2 in each region in Königsheide.,['Wasserumland2'],['Königsheide']
Spatial Join Query,Identify the Landstrassen2 that are within Bezirksamt Kreuzberg.,['Landstrassen2'],['Bezirksamt Kreuzberg']
Spatial Join Query,Can you tell me which PLZBoundaries are in the neighborhoods whose names end with the letter P in Sehenswuerdreg?,"['PLZBoundaries', 'Sehenswuerdreg']",[]
Spatial Join Query,Identify the Flaechen situated in Haus Bethanien.,['Flaechen'],['Haus Bethanien']
Spatial Join Query,Please list the WFlaechen with a population of more than 2 that each SBahn passes through.,"['WFlaechen', 'SBahn']",[]
Spatial Join Query,List the poi within Humboldt-Universität.,['poi'],['Humboldt-Universität']
Spatial Join Query,In what WFlaechen are these Flaechen located?,"['WFlaechen', 'Flaechen']",[]
Spatial Join Query,Which Landstrassen does line in Flaechen flow through?,"['Landstrassen', 'Flaechen']",[]
Spatial Join Query,What Sehenswuerdreg are region in Flaechen located in?,"['Sehenswuerdreg', 'Flaechen']",[]
Spatial Join Query,Show me Sehenswuerdpoi2 that are located in Volkspark Jungfernheide.,['Sehenswuerdpoi2'],['Volkspark Jungfernheide']
Spatial Join Query,Tell me which WFlaechen these poi in Wuhlheide (Volkspark und FEZ) are located at.,"['WFlaechen', 'poi']",['Wuhlheide (Volkspark und FEZ)']
Spatial Join Query,What WFlaechen are there in each region of Flaechen?,"['WFlaechen', 'Flaechen']",[]
Spatial Join Query,Locate the Sehenswuerdreg that are situated within the boundaries of Schloß Glienicke.,['Sehenswuerdreg'],['Schloß Glienicke']
Spatial Join Query,List the UBahn that are within the boundaries of Stadtpark Biesdorf.,['UBahn'],['Stadtpark Biesdorf']
Spatial Join Query,Tell me which RBahn each Faehren in Schloß Bellevue flows through.,"['RBahn', 'Faehren']",['Schloß Bellevue']
Spatial Join Query,List the PLZBoundaries located in Jungfernheideteich.,['PLZBoundaries'],['Jungfernheideteich']
Spatial Join Query,What are the Restaurants in the region whose names start with the letter B in Flaechen?,"['Restaurants', 'Flaechen']",[]
Spatial Join Query,What Sehenswuerdreg are region in Flaechen located in?,"['Sehenswuerdreg', 'Flaechen']",[]
Spatial Join Query,On which UBahn are all the Plaetze located?,"['UBahn', 'Plaetze']",[]
Spatial Join Query,Find the Restaurants that are within the boundaries of Dämeritzsee.,['Restaurants'],['Dämeritzsee']
Spatial Join Query,Find the Sehenswuerdreg that are located in Mauerpark.,['Sehenswuerdreg'],['Mauerpark']
Spatial Join Query,Show me OrteCity that are situated in Heidekampweg.,['OrteCity'],['Heidekampweg']
Spatial Join Query,Please list the UBahn of each region in Flaechen whose name begins with the letter T.,"['UBahn', 'Flaechen']",[]
Spatial Join Query,List the UBahn within Schloß Köpenick.,['UBahn'],['Schloß Köpenick']
Spatial Join Query,Can you tell me which Kinos are in each neighborhood in Langer See (Dahme)?,['Kinos'],['Langer See (Dahme)']
Spatial Join Query,Identify the SBahnhof of Jungfernheide.,['SBahnhof'],['Jungfernheide']
Spatial Join Query,Please list the Flaechen in each region in Sehenswuerdreg separately.,"['Flaechen', 'Sehenswuerdreg']",[]
Spatial Join Query,Can you tell me which WFlaechen are in each neighborhood in Gosener Kanal?,['WFlaechen'],['Gosener Kanal']
Spatial Join Query,Provide a list of road which situated in Park Babelsberg.,['road'],['Park Babelsberg']
Spatial Join Query,Tell me which Sehenswuerdreg each Landstrassen2 in Thielpark passes through.,"['Sehenswuerdreg', 'Landstrassen2']",['Thielpark']
Spatial Join Query,Please list the Sehenswuerdpoi2 that each WStrassen in Alter Spreearm passes through.,"['Sehenswuerdpoi2', 'WStrassen']",['Alter Spreearm']
Spatial Join Query,Find the Sehenswuerdpoi that are within the boundaries of Elsensee.,['Sehenswuerdpoi'],['Elsensee']
Spatial Join Query,Find the Plaetze that are within the boundaries of Ernst-Thälmann-Park.,['Plaetze'],['Ernst-Thälmann-Park']
Spatial Join Query,Find the Sehenswuerdpoi2 situated in Schloßpark Tegel.,['Sehenswuerdpoi2'],['Schloßpark Tegel']
Spatial Join Query,Provide a list of Faehren which situated in Haus der Kulturen (Kongreßhalle).,['Faehren'],['Haus der Kulturen (Kongreßhalle)']
Spatial Join Query,Identify the SBahnhof situated in Pergamonmuseum.,['SBahnhof'],['Pergamonmuseum']
Spatial Join Query,Please list the RBahn in Theater des Westens separately.,['RBahn'],['Theater des Westens']
Spatial Join Query,Provide a list of WFlaechen which located in Zeiss-Planetarium.,['WFlaechen'],['Zeiss-Planetarium']
Spatial Join Query,Show me road that are within the boundaries of Thielpark.,['road'],['Thielpark']
Spatial Join Query,What are the Plaetze in the KaDeWe whose names start with the letter Q?,['Plaetze'],['KaDeWe']
Spatial Join Query,Locate the PLZBoundaries in Dahme.,['PLZBoundaries'],['Dahme']
Spatial Join Query,What are the strassen in the Lietzenseepark whose names start with the letter G?,['strassen'],['Lietzenseepark']
Spatial Join Query,Tell me what Faehren are available in all the region in Flaechen.,"['Faehren', 'Flaechen']",[]
Spatial Join Query,Can you tell me which Flaechen these 3 WStrassen are located in?,"['Flaechen', 'WStrassen']",[]
Spatial Join Query,Tell me what Faehren are there in each region of WFlaechen.,"['Faehren', 'WFlaechen']",[]
Spatial Join Query,Find the WFlaechen that are located in Scharfe Lanke.,['WFlaechen'],['Scharfe Lanke']
Spatial Join Query,Provide a list of Sehenswuerdreg which situated in Rotes Rathaus.,['Sehenswuerdreg'],['Rotes Rathaus']
Spatial Join Query,Identify the Flaechen in Havel.,['Flaechen'],['Havel']
Spatial Join Query,What Kinos are there on each Sehenswuerdreg in Ruinenberg?,"['Kinos', 'Sehenswuerdreg']",['Ruinenberg']
Spatial Join Query,List the WFlaechen that are within the boundaries of Rehwiese.,['WFlaechen'],['Rehwiese']
Spatial Join Query,Identify the Restaurants that are situated within Gutspark Britz.,['Restaurants'],['Gutspark Britz']
Spatial Join Query,Tell me what are the Restaurants in each region of Flaechen.,"['Restaurants', 'Flaechen']",[]
Spatial Join Query,List the road situated in Die Banke.,['road'],['Die Banke']
Spatial Join Query,What are the Landstrassen in the Pergamonmuseum whose names start with the letter J?,['Landstrassen'],['Pergamonmuseum']
Spatial Join Query,What Flaechen are there on each Sehenswuerdreg in REGION?,"['Flaechen', 'Sehenswuerdreg']",[]
Spatial Join Query,Can you tell me which Landstrassen2 are in each neighborhood in Plötzensee|(Berlin-Wedding)?,['Landstrassen2'],['Plötzensee|(Berlin-Wedding)']
Spatial Join Query,List the Sehenswuerdpoi2 within Auswärtiges Amt.,['Sehenswuerdpoi2'],['Auswärtiges Amt']
Spatial Join Query,Provide a list of WFlaechen which situated in Schloßpark Tegel.,['WFlaechen'],['Schloßpark Tegel']
Spatial Join Query,Which Sehenswuerdpoi are located in each region of WFlaechen?,"['Sehenswuerdpoi', 'WFlaechen']",[]
Spatial Join Query,Can you tell me which WFlaechen are in each neighborhood in Berliner Stadtforst Köpenick?,['WFlaechen'],['Berliner Stadtforst Köpenick']
Spatial Join Query,List the poi situated within the Der Faule See.,['poi'],['Der Faule See']
Spatial Join Query,Which Flaechen are located in each region of WFlaechen?,"['Flaechen', 'WFlaechen']",[]
Spatial Join Query,Identify the SBahn of Eiswerder.,['SBahn'],['Eiswerder']
Spatial Join Query,Can you tell me what are the Restaurants on Rudolph-Wilde-Park whose name starts with the letter Q?,['Restaurants'],['Rudolph-Wilde-Park']
Spatial Join Query,Which Kinos are located in each region of Sehenswuerdreg?,"['Kinos', 'Sehenswuerdreg']",[]
Spatial Join Query,Can you tell me which Landstrassen are in the neighborhoods whose names end with the letter K in Flaechen?,"['Landstrassen', 'Flaechen']",[]
Spatial Join Query,Find the Sehenswuerdreg that are within the boundaries of Museum für Naturkunde.,['Sehenswuerdreg'],['Museum für Naturkunde']
Spatial Join Query,List the Faehren that are within Pichelssee.,['Faehren'],['Pichelssee']
Spatial Join Query,Find the Orte2 situated in Flaischlenstr..,['Orte2'],['Flaischlenstr.']
Spatial Join Query,Find the Sehenswuerdreg situated in Rathaus Spandau.,['Sehenswuerdreg'],['Rathaus Spandau']
Spatial Join Query,Identify the RBahnhof located in Paul-Löbe-Haus.,['RBahnhof'],['Paul-Löbe-Haus']
Spatial Join Query,Tell me what are the Flaechen in each region of WFlaechen.,"['Flaechen', 'WFlaechen']",[]
Spatial Join Query,Tell me which strassen each Landstrassen2 in Dämeritzsee intersects with.,"['strassen', 'Landstrassen2']",['Dämeritzsee']
Spatial Join Query,Find the poi situated in Haus Bethanien.,['poi'],['Haus Bethanien']
Spatial Join Query,Tell me what WFlaechen are available in all the region in Flaechen.,"['WFlaechen', 'Flaechen']",[]
Spatial Join Query,Please list the SBahn of each region in WFlaechen whose name begins with the letter F.,"['SBahn', 'WFlaechen']",[]
Spatial Join Query,Tell me which road are in each region in Sehenswuerdreg.,"['road', 'Sehenswuerdreg']",[]
Spatial Join Query,Tell me which Orte2 each UBahn in Fischtalpark passes through.,"['Orte2', 'UBahn']",['Fischtalpark']
Spatial Join Query,On which Landstrassen2 are Ostseebad Sellin located?,['Landstrassen2'],['Ostseebad Sellin']
Spatial Join Query,Tell me which Sehenswuerdreg are the Sehenswuerdpoi in Philharmonie located on.,"['Sehenswuerdreg', 'Sehenswuerdpoi']",['Philharmonie']
Spatial Join Query,Please list the Wasserumland2 of each region in Flaechen whose name begins with the letter W.,"['Wasserumland2', 'Flaechen']",[]
Spatial Join Query,Locate the WStrassen situated in Berliner Stadtforst Köpenick.,['WStrassen'],['Berliner Stadtforst Köpenick']
Spatial Join Query,Please list the road with a population of more than 2 that each Wasserumland2 passes through.,"['road', 'Wasserumland2']",[]
Spatial Join Query,Show me Restaurants which located within 3 miles of Berliner Stadtforst Köpenick.,['Restaurants'],['Berliner Stadtforst Köpenick']
Spatial Join Query,Tell me what Faehren are available in all the region in Sehenswuerdreg.,"['Faehren', 'Sehenswuerdreg']",[]
Spatial Join Query,Find the Faehren that are located in Ägyptisches Museum.,['Faehren'],['Ägyptisches Museum']
Spatial Join Query,Please list the UBahnhof that each road in Rudower Höhe passes through.,"['UBahnhof', 'road']",['Rudower Höhe']
Spatial Join Query,Can you tell me what are the road on Velodrom (Berlin Arena) whose name starts with the letter T?,['road'],['Velodrom (Berlin Arena)']
Spatial Join Query,Provide a list of road which situated in Berliner Forst Düppel.,['road'],['Berliner Forst Düppel']
Spatial Join Query,Identify the Sehenswuerdreg in Akademie der Künste.,['Sehenswuerdreg'],['Akademie der Künste']
Spatial Join Query,List the OrteCity that are within Amerika-Gedenkbibliothek.,['OrteCity'],['Amerika-Gedenkbibliothek']
Spatial Join Query,Locate the PLZBoundaries in Waldpark Steinberg.,['PLZBoundaries'],['Waldpark Steinberg']
Spatial Join Query,Show me Kinos which located within 5 miles of Berliner Forst Düppel.,['Kinos'],['Berliner Forst Düppel']
Spatial Join Query,Can you tell me which WFlaechen these 5 Sehenswuerdpoi are located in?,"['WFlaechen', 'Sehenswuerdpoi']",[]
Spatial Join Query,Please list the Sehenswuerdreg in which these UBahn are located.,"['Sehenswuerdreg', 'UBahn']",[]
Spatial Join Query,Tell me what WFlaechen are there in each region of Sehenswuerdreg.,"['WFlaechen', 'Sehenswuerdreg']",[]
Spatial Join Query,Tell me what WFlaechen are there in each region of Sehenswuerdreg.,"['WFlaechen', 'Sehenswuerdreg']",[]
Spatial Join Query,Which Faehren does line in WFlaechen flow through?,"['Faehren', 'WFlaechen']",[]
Spatial Join Query,Tell me which Flaechen these Sehenswuerdreg are on.,"['Flaechen', 'Sehenswuerdreg']",[]
Spatial Join Query,Tell me what Faehren are available in all the region in WFlaechen.,"['Faehren', 'WFlaechen']",[]
Spatial Join Query,Tell me which PLZBoundaries the RBahnhof in Südhafen are located on.,"['PLZBoundaries', 'RBahnhof']",['Südhafen']
Spatial Join Query,Find the Plaetze that are within the boundaries of Maselake.,['Plaetze'],['Maselake']
Spatial Join Query,What are the WFlaechen in the region whose names start with the letter T in Sehenswuerdreg?,"['WFlaechen', 'Sehenswuerdreg']",[]
Spatial Join Query,Which WStrassen have more than 3 line in the region whose names begin with the letter P in WFlaechen?,"['WStrassen', 'WFlaechen']",[]
Spatial Join Query,Please list the UBahn in each region in Gedenkstätte Deutscher Widerstand.,['UBahn'],['Gedenkstätte Deutscher Widerstand']
Spatial Join Query,Tell me which Faehren these Flaechen are on.,"['Faehren', 'Flaechen']",[]
Spatial Join Query,Show all SBahn that intersect with RB13.,['SBahn'],['RB13']
Spatial Join Query,Tell me which Sehenswuerdreg these WFlaechen are on.,"['Sehenswuerdreg', 'WFlaechen']",[]
Spatial Join Query,Tell me what Kneipen are available in all the region in Flaechen.,"['Kneipen', 'Flaechen']",[]
Spatial Join Query,Tell me which WFlaechen are the Flaechen in Schloß Britz located on.,"['WFlaechen', 'Flaechen']",['Schloß Britz']
Spatial Join Query,"Show me poi which situated within 1 kilometers of Knesebeckstr. (Charlottenburg, Wilmersdorf).",['poi'],"['Knesebeckstr. (Charlottenburg, Wilmersdorf)']"
Spatial Join Query,Identify the PLZBoundaries situated in Volkspark Prenzlauer Berg.,['PLZBoundaries'],['Volkspark Prenzlauer Berg']
Spatial Join Query,In which Sehenswuerdreg are these Restaurants located?,"['Sehenswuerdreg', 'Restaurants']",[]
Spatial Join Query,Show me RBahnhof that are located in Baumwerder.,['RBahnhof'],['Baumwerder']
Spatial Join Query,Tell me which PLZBoundaries the Sehenswuerdreg in Eiswerder are located on.,"['PLZBoundaries', 'Sehenswuerdreg']",['Eiswerder']
Spatial Join Query,Tell me which Landstrassen2 each Faehren in Rudolph-Wilde-Park flows through.,"['Landstrassen2', 'Faehren']",['Rudolph-Wilde-Park']
Spatial Join Query,Can you tell me which Sehenswuerdreg these 4 Flaechen are located in?,"['Sehenswuerdreg', 'Flaechen']",[]
Spatial Join Query,Tell me which Sehenswuerdpoi2 are in each region in WFlaechen.,"['Sehenswuerdpoi2', 'WFlaechen']",[]
Spatial Join Query,Tell me what are the Plaetze in each region of WFlaechen.,"['Plaetze', 'WFlaechen']",[]
Spatial Join Query,Tell me which UBahn are in Flughafen Tempelhof.,['UBahn'],['Flughafen Tempelhof']
Spatial Join Query,Show me Restaurants that are located in Raumerstr..,['Restaurants'],['Raumerstr.']
Spatial Join Query,List the SBahn that are within Neuer Garten.,['SBahn'],['Neuer Garten']
Spatial Join Query,Please list the RBahn with a length of more than 3 kilometers that intersect any road in Landschaftspark Wuhletal.,"['RBahn', 'road']",['Landschaftspark Wuhletal']
Spatial Join Query,Show me Sehenswuerdpoi which situated within 3 kilometers of Donglong line.,['Sehenswuerdpoi'],['Donglong line']
Spatial Join Query,Please list the road that intersect the PLZBoundaries whose names begin with the letter F in Volkspark Rehberge.,"['road', 'PLZBoundaries']",['Volkspark Rehberge']
Spatial Join Query,Tell me which Restaurants are in each region in Flaechen.,"['Restaurants', 'Flaechen']",[]
Spatial Join Query,Find the Plaetze that are within the Gatower Heide.,['Plaetze'],['Gatower Heide']
Spatial Join Query,Tell me which Wasserumland2 the Sehenswuerdreg in Schloßpark Lichterfelde are located on.,"['Wasserumland2', 'Sehenswuerdreg']",['Schloßpark Lichterfelde']
Spatial Join Query,Provide a list of Wasserumland2 which situated in Königsheide.,['Wasserumland2'],['Königsheide']
Spatial Join Query,Tell me which strassen are in Messegelände.,['strassen'],['Messegelände']
Spatial Join Query,Tell me which UBahn are the Landstrassen2 in Schloß Babelsberg located on.,"['UBahn', 'Landstrassen2']",['Schloß Babelsberg']
Spatial Join Query,Can you tell me which strassen are in the neighborhoods in Freizeit- und Erholungszentrum (FEZ)?,['strassen'],['Freizeit- und Erholungszentrum (FEZ)']
Spatial Join Query,What RBahnhof are there on each WFlaechen in Der Faule See?,"['RBahnhof', 'WFlaechen']",['Der Faule See']
Spatial Join Query,Can you tell me which Flaechen these Wasserumland2 are located in?,"['Flaechen', 'Wasserumland2']",[]
Spatial Join Query,Tell me which Landstrassen each RBahn in Rudolph-Wilde-Park flows through.,"['Landstrassen', 'RBahn']",['Rudolph-Wilde-Park']
Spatial Join Query,Tell me which Sehenswuerdreg these OrteCity in Flughafen Tegel are located at.,"['Sehenswuerdreg', 'OrteCity']",['Flughafen Tegel']
Spatial Join Query,Tell me which WFlaechen are the poi in Komische Oper located on.,"['WFlaechen', 'poi']",['Komische Oper']
Spatial Join Query,In what Flaechen are these Faehren located?,"['Flaechen', 'Faehren']",[]
Spatial Join Query,Please list the Flaechen in each region in WFlaechen separately.,"['Flaechen', 'WFlaechen']",[]
Spatial Join Query,Tell me which strassen the WFlaechen in Kanzleramt are located on.,"['strassen', 'WFlaechen']",['Kanzleramt']
Spatial Join Query,Tell me which WFlaechen are the Restaurants in Stadtpark Steglitz located on.,"['WFlaechen', 'Restaurants']",['Stadtpark Steglitz']
Spatial Join Query,Please list the Orte2 with a population of more than 4 that each UBahn passes through.,"['Orte2', 'UBahn']",[]
Spatial Join Query,Please list the Sehenswuerdpoi2 that each road whose name begins with the letter U goes through.,"['Sehenswuerdpoi2', 'road']",[]
Spatial Join Query,Identify the Wasserumland2 of Rathaus Köpenick.,['Wasserumland2'],['Rathaus Köpenick']
Spatial Join Query,Show me SBahnhof that are located in Luise-Henriette-Steg (Oranienburg).,['SBahnhof'],['Luise-Henriette-Steg (Oranienburg)']
Spatial Join Query,Which Landstrassen are located in each region of Flaechen?,"['Landstrassen', 'Flaechen']",[]
Spatial Join Query,Show me Flaechen which situated within 2 kilometers of Dammheide.,['Flaechen'],['Dammheide']
Spatial Join Query,Identify the SBahnhof located in Landschaftspark Wuhletal (Biesdorfer Berg).,['SBahnhof'],['Landschaftspark Wuhletal (Biesdorfer Berg)']
Spatial Join Query,On which PLZBoundaries are all the Plaetze located?,"['PLZBoundaries', 'Plaetze']",[]
Spatial Join Query,Find the WFlaechen that are within Staatsoper.,['WFlaechen'],['Staatsoper']
Spatial Join Query,Which WFlaechen have more than 3 region in each region of Sehenswuerdreg?,"['WFlaechen', 'Sehenswuerdreg']",[]
Spatial Join Query,Can you tell me which Sehenswuerdreg are in the neighborhoods in Gatower Heide?,['Sehenswuerdreg'],['Gatower Heide']
Spatial Join Query,What Flaechen are there in each region of WFlaechen?,"['Flaechen', 'WFlaechen']",[]
Spatial Join Query,Tell me which poi are in WFlaechen.,"['poi', 'WFlaechen']",[]
Spatial Join Query,Locate the Faehren situated in Botanischer Garten.,['Faehren'],['Botanischer Garten']
Spatial Join Query,Which Sehenswuerdreg are located on the region of St.-Josef-Krankenhaus?,['Sehenswuerdreg'],['St.-Josef-Krankenhaus']
Spatial Join Query,Identify the RBahnhof in St. Hedwigs-Kathedrale.,['RBahnhof'],['St. Hedwigs-Kathedrale']
Spatial Join Query,Please list the Flaechen have an area of less than 1 square kilometers in each Sehenswuerdreg.,"['Flaechen', 'Sehenswuerdreg']",[]
Spatial Join Query,Tell me what are the Wasserumland2 in each region of Sehenswuerdreg.,"['Wasserumland2', 'Sehenswuerdreg']",[]
Spatial Join Query,Please list the Faehren with a length of more than 1 kilometers that intersect any Landstrassen in Rehwiese.,"['Faehren', 'Landstrassen']",['Rehwiese']
Spatial Join Query,Tell me what Flaechen are there in each region of Sehenswuerdreg.,"['Flaechen', 'Sehenswuerdreg']",[]
Spatial Join Query,Identify the WFlaechen in Volkspark Friedrichshain.,['WFlaechen'],['Volkspark Friedrichshain']
Spatial Join Query,List the Plaetze located within 3 kilometers of Ruinenberg.,['Plaetze'],['Ruinenberg']
Spatial Join Query,Please list the Sehenswuerdreg in each region in WFlaechen.,"['Sehenswuerdreg', 'WFlaechen']",[]
Spatial Join Query,Can you tell me which WFlaechen these Flaechen are located in?,"['WFlaechen', 'Flaechen']",[]
Spatial Join Query,Tell me which Landstrassen the WFlaechen in Zitadelle are located on.,"['Landstrassen', 'WFlaechen']",['Zitadelle']
Spatial Join Query,Can you tell me which UBahnhof are in the neighborhoods whose names start with the letter R in Sehenswuerdreg?,"['UBahnhof', 'Sehenswuerdreg']",[]
Spatial Join Query,Tell me which WFlaechen are the SBahn located in Wuhlheide (Volkspark und FEZ).,"['WFlaechen', 'SBahn']",['Wuhlheide (Volkspark und FEZ)']
Spatial Join Query,List the WFlaechen within the boundaries of Gemeindepark Lankwitz.,['WFlaechen'],['Gemeindepark Lankwitz']
Spatial Join Query,Identify the UBahn that are situated within Nikolaikirche.,['UBahn'],['Nikolaikirche']
Spatial Join Query,List the Flaechen situated within the Gutspark Britz.,['Flaechen'],['Gutspark Britz']
Spatial Join Query,Can you tell me which Sehenswuerdpoi are in the neighborhoods whose names end with the letter D in WFlaechen?,"['Sehenswuerdpoi', 'WFlaechen']",[]
Spatial Join Query,Locate the Sehenswuerdreg that are situated within the boundaries of Arena.,['Sehenswuerdreg'],['Arena']
Spatial Join Query,Identify the Wasserumland2 that are within Schloß Babelsberg.,['Wasserumland2'],['Schloß Babelsberg']
Spatial Join Query,Identify the UBahnhof located in Wuhlheide.,['UBahnhof'],['Wuhlheide']
Spatial Join Query,Which Kinos are there in the region of Haus Bethanien?,['Kinos'],['Haus Bethanien']
Spatial Join Query,Show me Kneipen that are located in Vorarlberger Damm.,['Kneipen'],['Vorarlberger Damm']
Spatial Join Query,Locate the WFlaechen within Schloßpark Niederschönhausen.,['WFlaechen'],['Schloßpark Niederschönhausen']
Spatial Join Query,Can you tell me which WFlaechen these Landstrassen are located in?,"['WFlaechen', 'Landstrassen']",[]
Spatial Join Query,Show me WFlaechen that are within the boundaries of Auguste-Vikoria-Krankenhaus.,['WFlaechen'],['Auguste-Vikoria-Krankenhaus']
Spatial Join Query,Which WFlaechen are located in each region of Sehenswuerdreg?,"['WFlaechen', 'Sehenswuerdreg']",[]
Spatial Join Query,Identify the Sehenswuerdreg that are within Berliner Forst Düppel.,['Sehenswuerdreg'],['Berliner Forst Düppel']
Spatial Join Query,What PLZBoundaries are there in each region of Flaechen?,"['PLZBoundaries', 'Flaechen']",[]
Spatial Join Query,Identify the OrteCity located in Werner-von-Siemens-Park.,['OrteCity'],['Werner-von-Siemens-Park']
Spatial Join Query,Please list the SBahnhof that each Landstrassen in Jungfernheideteich passes through.,"['SBahnhof', 'Landstrassen']",['Jungfernheideteich']
Spatial Join Query,Tell me what SBahnhof are available in all the region in Flaechen.,"['SBahnhof', 'Flaechen']",[]
Spatial Join Query,List the UBahn within the boundaries of Heiligensee.,['UBahn'],['Heiligensee']
Spatial Join Query,What PLZBoundaries is Kneipen on?,"['PLZBoundaries', 'Kneipen']",[]
Spatial Join Query,Please list the road of each region in Flaechen whose name begins with the letter T.,"['road', 'Flaechen']",[]
Spatial Join Query,Find the Restaurants that are within the boundaries of Liebesinsel.,['Restaurants'],['Liebesinsel']
Spatial Join Query,Can you tell me what are the Flaechen on Wuhlebecken whose name starts with the letter W?,['Flaechen'],['Wuhlebecken']
Spatial Join Query,Identify the Sehenswuerdpoi located in Flughafen Tempelhof.,['Sehenswuerdpoi'],['Flughafen Tempelhof']
Spatial Join Query,Tell me which Sehenswuerdreg are in each region in Flaechen.,"['Sehenswuerdreg', 'Flaechen']",[]
Spatial Join Query,Please list the Faehren that each SBahn in Freizeit- und Erholungszentrum (FEZ) passes through.,"['Faehren', 'SBahn']",['Freizeit- und Erholungszentrum (FEZ)']
Spatial Join Query,Please list the Flaechen with a population of more than 1 that each SBahn passes through.,"['Flaechen', 'SBahn']",[]
Spatial Join Query,Show me Orte2 which located within 4 miles of Villa Borsig.,['Orte2'],['Villa Borsig']
Spatial Join Query,Can you tell me which WFlaechen these 2 UBahn are located in?,"['WFlaechen', 'UBahn']",[]
Spatial Join Query,Which Landstrassen have more than 5 line in each region of Flaechen?,"['Landstrassen', 'Flaechen']",[]
Spatial Join Query,Find the Landstrassen that are within the boundaries of Messelpark.,['Landstrassen'],['Messelpark']
Spatial Join Query,Tell me what SBahnhof are available in all the region in Sehenswuerdreg.,"['SBahnhof', 'Sehenswuerdreg']",[]
Spatial Join Query,Show me Sehenswuerdpoi2 which situated within 1 kilometers of Reinickendorfer Str..,['Sehenswuerdpoi2'],['Reinickendorfer Str.']
Spatial Join Query,Tell me which Flaechen are the SBahn located in Forsthaus Nikolskoe.,"['Flaechen', 'SBahn']",['Forsthaus Nikolskoe']
Spatial Join Query,Tell me what Flaechen are there in each region of Sehenswuerdreg.,"['Flaechen', 'Sehenswuerdreg']",[]
Spatial Join Query,Can you tell me which OrteCity are in the neighborhoods whose names end with the letter M in Flaechen?,"['OrteCity', 'Flaechen']",[]
Spatial Join Query,List the Flaechen within the boundaries of Thielpark.,['Flaechen'],['Thielpark']
Spatial Join Query,Locate the UBahn within Deutsche Oper Berlin.,['UBahn'],['Deutsche Oper Berlin']
Spatial Join Query,Tell me what RBahn are there in each region of Sehenswuerdreg.,"['RBahn', 'Sehenswuerdreg']",[]
Spatial Join Query,Tell me what poi are available in all the region in Flaechen.,"['poi', 'Flaechen']",[]
Spatial Join Query,Tell me which UBahn are the UBahnhof located in Goethepark.,"['UBahn', 'UBahnhof']",['Goethepark']
Spatial Join Query,List the Wasserumland2 within the boundaries of Deutsches Theater.,['Wasserumland2'],['Deutsches Theater']
Spatial Join Query,Find the road situated in Humboldt-Universität.,['road'],['Humboldt-Universität']
Spatial Join Query,Identify the WFlaechen that are situated within Britzer Garten.,['WFlaechen'],['Britzer Garten']
Spatial Join Query,Which Flaechen have more than 2 region in the region whose names begin with the letter F in Sehenswuerdreg?,"['Flaechen', 'Sehenswuerdreg']",[]
Spatial Join Query,Tell me what RBahn are there in each region of WFlaechen.,"['RBahn', 'WFlaechen']",[]
Spatial Join Query,Find the strassen that are located in Schauspielhaus.,['strassen'],['Schauspielhaus']
Spatial Join Query,Identify the strassen that are within Palast der Republik.,['strassen'],['Palast der Republik']
Spatial Join Query,What Flaechen are there in each region of WFlaechen?,"['Flaechen', 'WFlaechen']",[]
Spatial Join Query,Identify the Flaechen of Jürgenlanke.,['Flaechen'],['Jürgenlanke']
Spatial Join Query,List the RBahnhof located within 2 kilometers of Badesee Arkenberge.,['RBahnhof'],['Badesee Arkenberge']
Spatial Join Query,Please list the strassen that intersect any PLZBoundaries in Berliner Forst Spandau.,"['strassen', 'PLZBoundaries']",['Berliner Forst Spandau']
Spatial Join Query,Tell me which Plaetze are in each region in WFlaechen.,"['Plaetze', 'WFlaechen']",[]
Spatial Join Query,Find the UBahnhof that are located in Altes Museum.,['UBahnhof'],['Altes Museum']
Spatial Join Query,List the Sehenswuerdreg that are within Französischer Dom.,['Sehenswuerdreg'],['Französischer Dom']
Spatial Join Query,Which Flaechen are located in each region of WFlaechen?,"['Flaechen', 'WFlaechen']",[]
Spatial Join Query,Please list the UBahn in each region in Pfingstberg separately.,['UBahn'],['Pfingstberg']
Spatial Join Query,Tell me which WStrassen each PLZBoundaries in Elsensee passes through.,"['WStrassen', 'PLZBoundaries']",['Elsensee']
Spatial Join Query,Identify the Flaechen that are situated within Musical-Theater.,['Flaechen'],['Musical-Theater']
Spatial Join Query,Which WFlaechen have more than 1 region in each region of Flaechen?,"['WFlaechen', 'Flaechen']",[]
Spatial Join Query,Find the Kneipen situated in Musical-Theater.,['Kneipen'],['Musical-Theater']
Spatial Join Query,Can you tell me what are the Flaechen on Alter Park whose name starts with the letter U?,['Flaechen'],['Alter Park']
Spatial Join Query,Tell me which WFlaechen these Orte2 are on.,"['WFlaechen', 'Orte2']",[]
Spatial Join Query,On which SBahn are these RBahnhof located?,"['SBahn', 'RBahnhof']",[]
Spatial Join Query,Tell me which RBahn each road in Amerika-Gedenkbibliothek passes through.,"['RBahn', 'road']",['Amerika-Gedenkbibliothek']
Spatial Join Query,Tell me which Faehren each RBahn in Freilichtbühne Wuhlheide passes through.,"['Faehren', 'RBahn']",['Freilichtbühne Wuhlheide']
Spatial Join Query,What are the Plaetze in the Zeiss-Planetarium whose names start with the letter J?,['Plaetze'],['Zeiss-Planetarium']
Spatial Join Query,Find the WFlaechen that are located in Nikolaikirche.,['WFlaechen'],['Nikolaikirche']
Spatial Join Query,Tell me which WFlaechen these Restaurants are on.,"['WFlaechen', 'Restaurants']",[]
Spatial Join Query,What are the Plaetze in the Rudower Höhe whose names start with the letter J?,['Plaetze'],['Rudower Höhe']
Spatial Join Query,List the Flaechen that are within ICC.,['Flaechen'],['ICC']
Spatial Join Query,Which UBahnhof have more than 3 point in each region of WFlaechen?,"['UBahnhof', 'WFlaechen']",[]
Spatial Join Query,What are the PLZBoundaries in the Botanischer Garten whose names start with the letter N?,['PLZBoundaries'],['Botanischer Garten']
Spatial Join Query,Find the OrteCity that are within the boundaries of Haus des Rundfunks.,['OrteCity'],['Haus des Rundfunks']
Spatial Join Query,Please list the PLZBoundaries that intersect Wasserumland2 with more than 4 nodes.,"['PLZBoundaries', 'Wasserumland2']",[]
Spatial Join Query,Can you tell me which Sehenswuerdreg are in the neighborhoods in Friedrchstadtpalast?,['Sehenswuerdreg'],['Friedrchstadtpalast']
Spatial Join Query,Which Orte2 are there in the region of Friedrchstadtpalast?,['Orte2'],['Friedrchstadtpalast']
Spatial Join Query,What are the OrteCity in the Berliner Stadtforst Köpenick whose names start with the letter V?,['OrteCity'],['Berliner Stadtforst Köpenick']
Spatial Join Query,Identify the RBahn situated in Sacrower Lanke.,['RBahn'],['Sacrower Lanke']
Spatial Join Query,Locate the Sehenswuerdpoi within Deutscher Dom.,['Sehenswuerdpoi'],['Deutscher Dom']
Spatial Join Query,Tell me what WFlaechen are available in all the region in Sehenswuerdreg.,"['WFlaechen', 'Sehenswuerdreg']",[]
Spatial Join Query,Tell me which Sehenswuerdreg are the PLZBoundaries in Der Obersee located on.,"['Sehenswuerdreg', 'PLZBoundaries']",['Der Obersee']
Spatial Join Query,Locate the RBahnhof that are within Seddinsee.,['RBahnhof'],['Seddinsee']
Spatial Join Query,Which SBahnhof are located on the region of Klinikum Benjamin Franklin?,['SBahnhof'],['Klinikum Benjamin Franklin']
Spatial Join Query,Tell me what are the WFlaechen in each region of Flaechen.,"['WFlaechen', 'Flaechen']",[]
Spatial Join Query,Can you tell me which WFlaechen these 2 Landstrassen are located in?,"['WFlaechen', 'Landstrassen']",[]
Spatial Join Query,Please list the WFlaechen in which these Kneipen are located.,"['WFlaechen', 'Kneipen']",[]
Spatial Join Query,List the Sehenswuerdpoi2 located within 1 kilometers of Goethepark.,['Sehenswuerdpoi2'],['Goethepark']
Spatial Join Query,Can you tell me what are the UBahn on Schloßpark Köpenick whose name starts with the letter G?,['UBahn'],['Schloßpark Köpenick']
Spatial Join Query,Identify the Kneipen that are situated within Haus Bethanien.,['Kneipen'],['Haus Bethanien']
Spatial Join Query,In which WFlaechen are these Sehenswuerdpoi2 located?,"['WFlaechen', 'Sehenswuerdpoi2']",[]
Spatial Join Query,What are the Landstrassen in the Volkspark am Weinberg whose names start with the letter C?,['Landstrassen'],['Volkspark am Weinberg']
Spatial Join Query,List the WFlaechen situated in Volkspark Rehberge.,['WFlaechen'],['Volkspark Rehberge']
Spatial Join Query,Please list the Flaechen of each region in Flughafen Schönefeld whose name begins with the letter A.,['Flaechen'],['Flughafen Schönefeld']
Spatial Join Query,Locate the Landstrassen2 that are within Pichelsdorfer Gemünd.,['Landstrassen2'],['Pichelsdorfer Gemünd']
Spatial Join Query,Please list the Faehren in Marienkirche separately.,['Faehren'],['Marienkirche']
Spatial Join Query,Please list the Kneipen that each PLZBoundaries whose name begins with the letter V goes through.,"['Kneipen', 'PLZBoundaries']",[]
Spatial Join Query,Tell me what WStrassen are available in all the region in WFlaechen.,"['WStrassen', 'WFlaechen']",[]
Spatial Join Query,Which Plaetze are located on the region of Musical-Theater?,['Plaetze'],['Musical-Theater']
Spatial Join Query,Tell me which Landstrassen each strassen in Schloßpark Köpenick intersects with.,"['Landstrassen', 'strassen']",['Schloßpark Köpenick']
Spatial Join Query,Identify the PLZBoundaries that are within Zitadelle.,['PLZBoundaries'],['Zitadelle']
Spatial Join Query,Provide a list of RBahn which located in Universitätsklinikum Rudolf Virchow.,['RBahn'],['Universitätsklinikum Rudolf Virchow']
Spatial Join Query,What strassen is Kinos on?,"['strassen', 'Kinos']",[]
Spatial Join Query,Please list the Sehenswuerdreg in which these Faehren are located.,"['Sehenswuerdreg', 'Faehren']",[]
Spatial Join Query,Find the Flaechen that are located in Abgeordnetenhaus.,['Flaechen'],['Abgeordnetenhaus']
Spatial Join Query,Tell me which PLZBoundaries are in Dianasee.,['PLZBoundaries'],['Dianasee']
Spatial Join Query,Locate the Sehenswuerdreg within Scharfe Lanke.,['Sehenswuerdreg'],['Scharfe Lanke']
Spatial Join Query,What UBahn are there in each region of Sehenswuerdreg?,"['UBahn', 'Sehenswuerdreg']",[]
Spatial Join Query,List the Sehenswuerdreg situated in Berliner Forst Spandau.,['Sehenswuerdreg'],['Berliner Forst Spandau']
Spatial Join Query,Please list the WFlaechen in which these Faehren are located.,"['WFlaechen', 'Faehren']",[]
Spatial Join Query,Tell me which Sehenswuerdreg are the RBahn in Rehwiese located on.,"['Sehenswuerdreg', 'RBahn']",['Rehwiese']
Spatial Join Query,What are the Wasserumland2 in the Der Obersee whose names start with the letter K?,['Wasserumland2'],['Der Obersee']
Spatial Join Query,Can you tell me which WFlaechen are in the neighborhoods whose names end with the letter U in Sehenswuerdreg?,"['WFlaechen', 'Sehenswuerdreg']",[]
Spatial Join Query,On which RBahn are Kinos with W in their names?,"['RBahn', 'Kinos']",[]
Spatial Join Query,Please list the Flaechen in which these RBahnhof are located.,"['Flaechen', 'RBahnhof']",[]
Spatial Join Query,Please list the Flaechen that each Landstrassen in Pohlesee passes through.,"['Flaechen', 'Landstrassen']",['Pohlesee']
Spatial Join Query,Which UBahn have more than 4 line in each region of WFlaechen?,"['UBahn', 'WFlaechen']",[]
Spatial Join Query,Show me Orte2 that are within the boundaries of Waldeckpark.,['Orte2'],['Waldeckpark']
Spatial Join Query,Which Flaechen are located on the region of Spree?,['Flaechen'],['Spree']
Spatial Join Query,List the Plaetze located within 1 kilometers of Thielpark.,['Plaetze'],['Thielpark']
Spatial Join Query,Can you tell me which Sehenswuerdreg these 5 Restaurants are located in?,"['Sehenswuerdreg', 'Restaurants']",[]
Spatial Join Query,Tell me what Landstrassen are available in all the region in Sehenswuerdreg.,"['Landstrassen', 'Sehenswuerdreg']",[]
Spatial Join Query,What UBahn are there in the region called Erholungspark Marzahn (Kienberg)?,['UBahn'],['Erholungspark Marzahn (Kienberg)']
Spatial Join Query,Tell me which RBahn are the SBahn located in Ziegeleisee.,"['RBahn', 'SBahn']",['Ziegeleisee']
Spatial Join Query,Find the Restaurants situated in Hussitenstr..,['Restaurants'],['Hussitenstr.']
Spatial Join Query,On which Landstrassen2 are Wittenberge located?,['Landstrassen2'],['Wittenberge']
Spatial Join Query,Tell me which PLZBoundaries each SBahn in Spree flows through.,"['PLZBoundaries', 'SBahn']",['Spree']
Spatial Join Query,Provide a list of Flaechen which situated in Königsheide.,['Flaechen'],['Königsheide']
Spatial Join Query,List the Faehren within the boundaries of Volkspark am Weinberg.,['Faehren'],['Volkspark am Weinberg']
Spatial Join Query,Find the WFlaechen that are within the boundaries of Berliner Stadtforst Köpenick.,['WFlaechen'],['Berliner Stadtforst Köpenick']
Spatial Join Query,Can you tell me what are the Wasserumland2 on Bosepark whose name starts with the letter R?,['Wasserumland2'],['Bosepark']
Spatial Join Query,Please list the Sehenswuerdpoi2 of each region in WFlaechen whose name begins with the letter M.,"['Sehenswuerdpoi2', 'WFlaechen']",[]
Spatial Join Query,What RBahn are there in each region of Flaechen?,"['RBahn', 'Flaechen']",[]
Spatial Join Query,Show me WFlaechen that are within the boundaries of Rehwiese.,['WFlaechen'],['Rehwiese']
Spatial Join Query,Identify the Sehenswuerdreg that are within Görlitzer Park.,['Sehenswuerdreg'],['Görlitzer Park']
Spatial Join Query,Show me Kneipen which located within 2 miles of Landschaftspark Wuhletal (Ahrensfelder Berge).,['Kneipen'],['Landschaftspark Wuhletal (Ahrensfelder Berge)']
Spatial Join Query,List the UBahnhof situated within the ehem. Luisenstädtischer Kanal.,['UBahnhof'],['ehem. Luisenstädtischer Kanal']
Spatial Join Query,In what Sehenswuerdreg are these Flaechen located?,"['Sehenswuerdreg', 'Flaechen']",[]
Spatial Join Query,List the WFlaechen situated in Metropol.,['WFlaechen'],['Metropol']
Spatial Join Query,List the Sehenswuerdpoi2 that are within the boundaries of Berliner Forst Tegel.,['Sehenswuerdpoi2'],['Berliner Forst Tegel']
Spatial Join Query,Which Landstrassen2 are located in each region of Flaechen?,"['Landstrassen2', 'Flaechen']",[]
Spatial Join Query,Tell me which WFlaechen these RBahnhof are on.,"['WFlaechen', 'RBahnhof']",[]
Spatial Join Query,List the Restaurants within the Hermsdorfer See.,['Restaurants'],['Hermsdorfer See']
Spatial Join Query,Can you tell me which Flaechen these 2 RBahnhof are located in?,"['Flaechen', 'RBahnhof']",[]
Spatial Join Query,Tell me which RBahn are the Flaechen in Akademie der Künste located on.,"['RBahn', 'Flaechen']",['Akademie der Künste']
Spatial Join Query,What WFlaechen are region in Sehenswuerdreg located in?,"['WFlaechen', 'Sehenswuerdreg']",[]
Spatial Join Query,Tell me what WStrassen are available in all the region in Flaechen.,"['WStrassen', 'Flaechen']",[]
Spatial Join Query,List the WFlaechen that are within the boundaries of Wuhlebecken.,['WFlaechen'],['Wuhlebecken']
Spatial Join Query,List the WStrassen located in Fischtalpark.,['WStrassen'],['Fischtalpark']
Spatial Join Query,On which Faehren are these OrteCity located?,"['Faehren', 'OrteCity']",[]
Spatial Join Query,List the WStrassen situated in Gedenkstätte Plötzensee.,['WStrassen'],['Gedenkstätte Plötzensee']
Spatial Join Query,Tell me which SBahn each PLZBoundaries in Tegeler See passes through.,"['SBahn', 'PLZBoundaries']",['Tegeler See']
Spatial Join Query,Locate the Flaechen that are situated within the boundaries of Schillerpark.,['Flaechen'],['Schillerpark']
Spatial Join Query,Identify the WFlaechen situated in Jungfernheide.,['WFlaechen'],['Jungfernheide']
Spatial Join Query,List the WFlaechen that are within East-Side-Gallery.,['WFlaechen'],['East-Side-Gallery']
Spatial Join Query,List the Sehenswuerdreg within Bodemuseum.,['Sehenswuerdreg'],['Bodemuseum']
Spatial Join Query,Can you tell me which Wasserumland2 are in the neighborhoods in Finkenpark?,['Wasserumland2'],['Finkenpark']
Spatial Join Query,Show me Landstrassen that are situated in Baumwerder.,['Landstrassen'],['Baumwerder']
Spatial Join Query,Tell me what WStrassen are available in all the region in Sehenswuerdreg.,"['WStrassen', 'Sehenswuerdreg']",[]
Spatial Join Query,Please list the WFlaechen that each PLZBoundaries in Havel passes through.,"['WFlaechen', 'PLZBoundaries']",['Havel']
Spatial Join Query,Provide a list of Restaurants which located in Paul-Löbe-Haus.,['Restaurants'],['Paul-Löbe-Haus']
Spatial Join Query,Locate the WFlaechen that are within Der Obersee.,['WFlaechen'],['Der Obersee']
Spatial Join Query,Can you tell me which road are in the neighborhoods whose names start with the letter K in WFlaechen?,"['road', 'WFlaechen']",[]
Spatial Join Query,Show me Flaechen which situated within 4 kilometers of Volkspark Humboldthain.,['Flaechen'],['Volkspark Humboldthain']
Spatial Join Query,Find the UBahn situated in Zeiss-Planetarium.,['UBahn'],['Zeiss-Planetarium']
Spatial Join Query,Identify the RBahn in Zeuthener See.,['RBahn'],['Zeuthener See']
Spatial Join Query,Can you tell me which Flaechen are in each neighborhood in Britzer Garten?,['Flaechen'],['Britzer Garten']
Spatial Join Query,List the Flaechen located within 5 kilometers of Halensee.,['Flaechen'],['Halensee']
Spatial Join Query,Tell me which Sehenswuerdreg are the Flaechen located in Dianasee.,"['Sehenswuerdreg', 'Flaechen']",['Dianasee']
Spatial Join Query,List the SBahn that are within the boundaries of Velodrom (Berlin Arena).,['SBahn'],['Velodrom (Berlin Arena)']
Spatial Join Query,Identify the Sehenswuerdreg of Universitätsklinikum Rudolf Virchow.,['Sehenswuerdreg'],['Universitätsklinikum Rudolf Virchow']
Spatial Join Query,Which Flaechen are located on the region of Rudower Höhe?,['Flaechen'],['Rudower Höhe']
Spatial Join Query,Please list the Sehenswuerdreg have an area of less than 4 square kilometers in each WFlaechen.,"['Sehenswuerdreg', 'WFlaechen']",[]
Spatial Join Query,Tell me which Wasserumland2 these Kneipen are on.,"['Wasserumland2', 'Kneipen']",[]
Spatial Join Query,Tell me which Landstrassen are the WFlaechen in Thielpark located on.,"['Landstrassen', 'WFlaechen']",['Thielpark']
Spatial Join Query,List the RBahnhof that are within the boundaries of Corbusier-Haus.,['RBahnhof'],['Corbusier-Haus']
Spatial Join Query,Identify the SBahnhof located in Jungfernheide.,['SBahnhof'],['Jungfernheide']
Spatial Join Query,Tell me what Flaechen are there in each region of WFlaechen.,"['Flaechen', 'WFlaechen']",[]
Spatial Join Query,Tell me what Plaetze are available in all the region in WFlaechen.,"['Plaetze', 'WFlaechen']",[]
Spatial Join Query,Show me Plaetze which situated within 4 kilometers of Schloß Glienicke.,['Plaetze'],['Schloß Glienicke']
Spatial Join Query,Tell me what Sehenswuerdreg are there in each region of WFlaechen.,"['Sehenswuerdreg', 'WFlaechen']",[]
Spatial Join Query,Show all UBahn that intersect with Deutsches Theater.,['UBahn'],['Deutsches Theater']
Spatial Join Query,Can you tell me which WFlaechen are in each neighborhood in Gedenkstätte Deutscher Widerstand?,['WFlaechen'],['Gedenkstätte Deutscher Widerstand']
Spatial Join Query,Identify the Faehren that are situated within Berlin-Museum.,['Faehren'],['Berlin-Museum']
Spatial Join Query,What are the road in the region whose names start with the letter P in WFlaechen?,"['road', 'WFlaechen']",[]
Spatial Join Query,In which Flaechen are these Sehenswuerdpoi located?,"['Flaechen', 'Sehenswuerdpoi']",[]
Spatial Join Query,Tell me which strassen these UBahnhof are on.,"['strassen', 'UBahnhof']",[]
Spatial Join Query,Please list the Flaechen in which these Sehenswuerdreg are located.,"['Flaechen', 'Sehenswuerdreg']",[]
Spatial Join Query,Identify the Restaurants of Berliner Forst Spandau.,['Restaurants'],['Berliner Forst Spandau']
Spatial Join Query,List the PLZBoundaries situated within Neue Nationalgalerie.,['PLZBoundaries'],['Neue Nationalgalerie']
Spatial Join Query,List the strassen within Dammheide.,['strassen'],['Dammheide']
Spatial Join Query,In what WFlaechen are these Sehenswuerdreg located?,"['WFlaechen', 'Sehenswuerdreg']",[]
Spatial Join Query,Please list the Flaechen in Erholungspark Marzahn (Kienberg) separately.,['Flaechen'],['Erholungspark Marzahn (Kienberg)']
Spatial Join Query,Please list the SBahnhof that each WStrassen in Ziegeleisee passes through.,"['SBahnhof', 'WStrassen']",['Ziegeleisee']
Spatial Join Query,Tell me what Sehenswuerdreg are there in each region of WFlaechen.,"['Sehenswuerdreg', 'WFlaechen']",[]
Spatial Join Query,Find the road situated in Sony.,['road'],['Sony']
Spatial Join Query,What are the RBahnhof in the Bosepark whose names start with the letter L?,['RBahnhof'],['Bosepark']
Spatial Join Query,Please list the Kinos that each Faehren whose name begins with the letter J goes through.,"['Kinos', 'Faehren']",[]
Spatial Join Query,Tell me which Kinos are in Sehenswuerdreg.,"['Kinos', 'Sehenswuerdreg']",[]
Spatial Join Query,Identify the Sehenswuerdpoi2 located in Der Faule See.,['Sehenswuerdpoi2'],['Der Faule See']
Spatial Join Query,Locate the PLZBoundaries that are situated within the boundaries of Palast der Republik.,['PLZBoundaries'],['Palast der Republik']
Spatial Join Query,Please list the Plaetze in each region in Flaechen.,"['Plaetze', 'Flaechen']",[]
Spatial Join Query,Please list the Flaechen with a population of more than 2 that each strassen passes through.,"['Flaechen', 'strassen']",[]
Spatial Join Query,What are the UBahn in the region whose names start with the letter Y in Sehenswuerdreg?,"['UBahn', 'Sehenswuerdreg']",[]
Spatial Join Query,Please list the Sehenswuerdreg have an area of less than 3 square kilometers in Flaechen whose names begin with the letter U.,"['Sehenswuerdreg', 'Flaechen']",[]
Spatial Join Query,Provide a list of Sehenswuerdreg which situated in Landschaftspark Wuhletal.,['Sehenswuerdreg'],['Landschaftspark Wuhletal']
Spatial Join Query,Tell me what are the WFlaechen in each region of Sehenswuerdreg.,"['WFlaechen', 'Sehenswuerdreg']",[]
Spatial Join Query,Show me Restaurants which located within 5 miles of Waghäuseler Str..,['Restaurants'],['Waghäuseler Str.']
Spatial Join Query,Show me Flaechen that are located in Badesee Arkenberge.,['Flaechen'],['Badesee Arkenberge']
Spatial Join Query,Can you tell me which WFlaechen are in the neighborhoods whose names start with the letter B in Flaechen?,"['WFlaechen', 'Flaechen']",[]
Spatial Join Query,Find the strassen situated in Jungfernheide.,['strassen'],['Jungfernheide']
Spatial Join Query,List the WFlaechen that are within Flughafen Tegel.,['WFlaechen'],['Flughafen Tegel']
Spatial Join Query,Tell me what Landstrassen are available in all the region in Sehenswuerdreg.,"['Landstrassen', 'Sehenswuerdreg']",[]
Spatial Join Query,Can you tell me which Flaechen these SBahn are located in?,"['Flaechen', 'SBahn']",[]
Spatial Join Query,Which road have more than 1 line in the region whose names begin with the letter F in Sehenswuerdreg?,"['road', 'Sehenswuerdreg']",[]
Spatial Join Query,Please list the Flaechen with a population of more than 4 that each RBahn passes through.,"['Flaechen', 'RBahn']",[]
Spatial Join Query,What are the Landstrassen in the Buga-Gelände whose names start with the letter O?,['Landstrassen'],['Buga-Gelände']
Spatial Join Query,List the Sehenswuerdreg that are within Berliner Forst Düppel.,['Sehenswuerdreg'],['Berliner Forst Düppel']
Spatial Join Query,Which WFlaechen are located in each region of Sehenswuerdreg?,"['WFlaechen', 'Sehenswuerdreg']",[]
Spatial Join Query,Please list the Flaechen with a population of more than 4 that each Landstrassen passes through.,"['Flaechen', 'Landstrassen']",[]
Spatial Join Query,Identify the Flaechen that are situated within Der Obersee.,['Flaechen'],['Der Obersee']
Spatial Join Query,Show me WStrassen that are within the boundaries of Krankenhaus Neukölln.,['WStrassen'],['Krankenhaus Neukölln']
Spatial Join Query,Please list the WStrassen with a length of more than 4 kilometers that intersect any road in Heiligensee.,"['WStrassen', 'road']",['Heiligensee']
Spatial Join Query,Tell me what Kinos are available in all the region in Flaechen.,"['Kinos', 'Flaechen']",[]
Spatial Join Query,Which Sehenswuerdreg have more than 1 region in the region whose names begin with the letter G in Flaechen?,"['Sehenswuerdreg', 'Flaechen']",[]
Spatial Join Query,Identify the Flaechen situated in Triestpark.,['Flaechen'],['Triestpark']
Spatial Join Query,Please list the Sehenswuerdreg in which these Flaechen are located.,"['Sehenswuerdreg', 'Flaechen']",[]
Spatial Join Query,Which Landstrassen2 have more than 2 line in the region whose names begin with the letter X in Flaechen?,"['Landstrassen2', 'Flaechen']",[]
Spatial Join Query,Please list the Kneipen in each region in WFlaechen separately.,"['Kneipen', 'WFlaechen']",[]
Spatial Join Query,What Flaechen are there on each WFlaechen in REGION?,"['Flaechen', 'WFlaechen']",[]
Spatial Join Query,Locate the Sehenswuerdreg within Flughafen Berlin-Schönefeld.,['Sehenswuerdreg'],['Flughafen Berlin-Schönefeld']
Spatial Join Query,Which WFlaechen are in each region in Sehenswuerdreg?,"['WFlaechen', 'Sehenswuerdreg']",[]
Spatial Join Query,Tell me which Sehenswuerdreg are the Flaechen in Waldbühne located on.,"['Sehenswuerdreg', 'Flaechen']",['Waldbühne']
Spatial Join Query,Find the WStrassen situated within 4 kilometers of Berliner Stadtforst Köpenick.,['WStrassen'],['Berliner Stadtforst Köpenick']
Spatial Join Query,Can you tell me which WFlaechen these 5 strassen are located in?,"['WFlaechen', 'strassen']",[]
Spatial Join Query,Locate the Plaetze that are situated within the boundaries of Friedrchstadtpalast.,['Plaetze'],['Friedrchstadtpalast']
Spatial Join Query,List the Sehenswuerdreg located in Max-Schmelling-Halle.,['Sehenswuerdreg'],['Max-Schmelling-Halle']
Spatial Join Query,Can you tell me which Sehenswuerdreg these 1 WFlaechen are located in?,"['Sehenswuerdreg', 'WFlaechen']",[]
Spatial Join Query,Tell me which Sehenswuerdreg these poi are on.,"['Sehenswuerdreg', 'poi']",[]
Spatial Join Query,Find the Restaurants that are within the boundaries of Universität der Künste.,['Restaurants'],['Universität der Künste']
Spatial Join Query,List the Flaechen located within 2 kilometers of Hundekehlesee.,['Flaechen'],['Hundekehlesee']
Spatial Join Query,Show me WFlaechen which situated within 1 kilometers of Sony.,['WFlaechen'],['Sony']
Spatial Join Query,Can you tell me what are the Flaechen on Großer Wannsee whose name starts with the letter C?,['Flaechen'],['Großer Wannsee']
Spatial Join Query,Find the Sehenswuerdreg that are within the boundaries of Malchower See.,['Sehenswuerdreg'],['Malchower See']
Spatial Join Query,Tell me which SBahn are the Plaetze located in Orankesee.,"['SBahn', 'Plaetze']",['Orankesee']
Spatial Join Query,Tell me what Landstrassen2 are available in all the region in Sehenswuerdreg.,"['Landstrassen2', 'Sehenswuerdreg']",[]
Spatial Join Query,Locate the Kneipen in Grunewaldsee.,['Kneipen'],['Grunewaldsee']
Spatial Join Query,Show me UBahnhof which situated within 1 kilometers of Nordring.,['UBahnhof'],['Nordring']
Spatial Join Query,Please list the Faehren with a length of more than 5 kilometers that intersect any PLZBoundaries in Groß-Glienicker See.,"['Faehren', 'PLZBoundaries']",['Groß-Glienicker See']
Spatial Join Query,List the Kneipen that are within Eiswerder.,['Kneipen'],['Eiswerder']
Spatial Join Query,List the strassen that are within the boundaries of Corbusier-Haus.,['strassen'],['Corbusier-Haus']
Spatial Join Query,Please list the Sehenswuerdpoi in each region in Sehenswuerdreg separately.,"['Sehenswuerdpoi', 'Sehenswuerdreg']",[]
Spatial Join Query,Please list the RBahn with a length of more than 3 kilometers that intersect any UBahn in Gosener Kanal.,"['RBahn', 'UBahn']",['Gosener Kanal']
Spatial Join Query,List the WFlaechen situated in Staatsoper.,['WFlaechen'],['Staatsoper']
Spatial Join Query,Show me Kinos that are situated in Krefelder Str..,['Kinos'],['Krefelder Str.']
Spatial Join Query,Tell me what UBahnhof are there in each region of Flaechen.,"['UBahnhof', 'Flaechen']",[]
Spatial Join Query,List the road located within 2 kilometers of Schlesischer Busch.,['road'],['Schlesischer Busch']
Spatial Join Query,Can you tell me which WFlaechen these 2 Flaechen are located in?,"['WFlaechen', 'Flaechen']",[]
Spatial Join Query,Tell me what are the Sehenswuerdpoi2 in each region of Sehenswuerdreg.,"['Sehenswuerdpoi2', 'Sehenswuerdreg']",[]
Spatial Join Query,Which RBahn are in each region in Schloß Bellevue?,['RBahn'],['Schloß Bellevue']
Spatial Join Query,Tell me which road are the Sehenswuerdreg in Bezirksamt Kreuzberg located on.,"['road', 'Sehenswuerdreg']",['Bezirksamt Kreuzberg']
Spatial Join Query,Show me Faehren that are within the boundaries of Kammergericht.,['Faehren'],['Kammergericht']
Spatial Join Query,Show me strassen that are within the boundaries of Villa Borsig.,['strassen'],['Villa Borsig']
Spatial Join Query,Which Plaetze are located on the region of Fennsee?,['Plaetze'],['Fennsee']
Spatial Join Query,On which WStrassen are these Orte2 located?,"['WStrassen', 'Orte2']",[]
Spatial Join Query,Tell me what Sehenswuerdreg are available in all the region in Flaechen.,"['Sehenswuerdreg', 'Flaechen']",[]
Spatial Join Query,Please list the Kneipen in each region in Flaechen.,"['Kneipen', 'Flaechen']",[]
Spatial Join Query,Find the Sehenswuerdreg that are within the boundaries of Rathaus Spandau.,['Sehenswuerdreg'],['Rathaus Spandau']
Spatial Join Query,List the Plaetze within the boundaries of Kammergericht.,['Plaetze'],['Kammergericht']
Spatial Join Query,Tell me which Faehren each PLZBoundaries in Grunewald intersects with.,"['Faehren', 'PLZBoundaries']",['Grunewald']
Spatial Join Query,Tell me which WFlaechen are the Sehenswuerdreg located in Museum für Verkehr und Technik.,"['WFlaechen', 'Sehenswuerdreg']",['Museum für Verkehr und Technik']
Spatial Join Query,Please list the road that intersect any PLZBoundaries in Spree.,"['road', 'PLZBoundaries']",['Spree']
Spatial Join Query,Can you tell me which OrteCity are in the neighborhoods whose names end with the letter V in WFlaechen?,"['OrteCity', 'WFlaechen']",[]
Spatial Join Query,In what WFlaechen are these Sehenswuerdreg located?,"['WFlaechen', 'Sehenswuerdreg']",[]
Spatial Join Query,Provide a list of Sehenswuerdreg which located in Müggelsee.,['Sehenswuerdreg'],['Müggelsee']
Spatial Join Query,What are the Sehenswuerdpoi in the region whose names start with the letter P in Sehenswuerdreg?,"['Sehenswuerdpoi', 'Sehenswuerdreg']",[]
Spatial Join Query,Please list the Sehenswuerdpoi in Stadtpark Biesdorf separately.,['Sehenswuerdpoi'],['Stadtpark Biesdorf']
Spatial Join Query,Which Sehenswuerdpoi are in each region in WFlaechen?,"['Sehenswuerdpoi', 'WFlaechen']",[]
Spatial Join Query,Locate the Sehenswuerdreg within Jürgenlanke.,['Sehenswuerdreg'],['Jürgenlanke']
Spatial Join Query,Please list the PLZBoundaries in each region in Palast der Republik.,['PLZBoundaries'],['Palast der Republik']
Spatial Join Query,Tell me which Landstrassen2 are the Faehren located in Freizeit- und Erholungspark Lübars.,"['Landstrassen2', 'Faehren']",['Freizeit- und Erholungspark Lübars']
Spatial Join Query,In which Sehenswuerdreg are these Flaechen located?,"['Sehenswuerdreg', 'Flaechen']",[]
Spatial Join Query,Tell me what Sehenswuerdreg are available in all the region in WFlaechen.,"['Sehenswuerdreg', 'WFlaechen']",[]
Spatial Join Query,Find the Kinos that are within the Volkspark Friedrichshain.,['Kinos'],['Volkspark Friedrichshain']
Spatial Join Query,On which SBahn are Osloer Str. located?,['SBahn'],['Osloer Str.']
Spatial Join Query,Tell me which RBahn are the Flaechen located in Bauhaus-Archiv.,"['RBahn', 'Flaechen']",['Bauhaus-Archiv']
Spatial Join Query,Which Kinos are in each region in WFlaechen?,"['Kinos', 'WFlaechen']",[]
Spatial Join Query,Can you tell me which Sehenswuerdreg are in the neighborhoods whose names start with the letter G in WFlaechen?,"['Sehenswuerdreg', 'WFlaechen']",[]
Spatial Join Query,Tell me which SBahn are in each region in Sehenswuerdreg.,"['SBahn', 'Sehenswuerdreg']",[]
Spatial Join Query,Tell me what RBahn are there in each region of Sehenswuerdreg.,"['RBahn', 'Sehenswuerdreg']",[]
Spatial Join Query,Find the WFlaechen situated within 2 kilometers of Potsdamer Platz Arkaden.,['WFlaechen'],['Potsdamer Platz Arkaden']
Spatial Join Query,Identify the OrteCity of Stadtpark Lichtenberg.,['OrteCity'],['Stadtpark Lichtenberg']
Spatial Join Query,In which Sehenswuerdreg are these RBahnhof located?,"['Sehenswuerdreg', 'RBahnhof']",[]
Spatial Join Query,Tell me what Sehenswuerdreg are available in all the region in Flaechen.,"['Sehenswuerdreg', 'Flaechen']",[]
Spatial Join Query,Tell me what PLZBoundaries are available in all the region in Flaechen.,"['PLZBoundaries', 'Flaechen']",[]
Spatial Join Query,Locate the Sehenswuerdreg that are within Forsthaus Nikolskoe.,['Sehenswuerdreg'],['Forsthaus Nikolskoe']
Spatial Join Query,Show all SBahn that intersect with Mecklenburgische Str..,['SBahn'],['Mecklenburgische Str.']
Spatial Join Query,Provide a list of WFlaechen which situated in Landschaftspark Wuhletal.,['WFlaechen'],['Landschaftspark Wuhletal']
Spatial Join Query,Which UBahnhof have more than 5 point in each region of Flaechen?,"['UBahnhof', 'Flaechen']",[]
Spatial Join Query,List the Restaurants located in Erholungspark Marzahn (Kienberg).,['Restaurants'],['Erholungspark Marzahn (Kienberg)']
Spatial Join Query,Tell me which Landstrassen2 each road in Schloß Pfaueninsel flows through.,"['Landstrassen2', 'road']",['Schloß Pfaueninsel']
Spatial Join Query,Which SBahnhof have more than 3 point in the region whose names begin with the letter M in WFlaechen?,"['SBahnhof', 'WFlaechen']",[]
Spatial Join Query,Find the Orte2 that are within the boundaries of Fischtalpark.,['Orte2'],['Fischtalpark']
Spatial Join Query,Find the WFlaechen that are within the boundaries of Stößensee.,['WFlaechen'],['Stößensee']
Spatial Join Query,Identify the Sehenswuerdreg in Görlitzer Park.,['Sehenswuerdreg'],['Görlitzer Park']
