cat,template,type
Aggregation-count Query,Calculate the number of line in LINE.,0
Aggregation-count Query,Calculate the number of point in POINT.,0
Aggregation-count Query,Calculate the number of region in REGION.,0
Aggregation-count Query,Can you furnish me with the aggregate count of LINE in REGION?,1
Aggregation-count Query,Can you furnish me with the aggregate count of POINT in REGION?,1
Aggregation-count Query,Can you furnish me with the aggregate count of REGION in REGION?,1
Aggregation-count Query,Can you inform me about the count of LINE in each region of REGION?,2
Aggregation-count Query,Can you inform me about the count of LINE in REGION?,1
Aggregation-count Query,Can you inform me about the count of POINT in each region of REGION?,2
Aggregation-count Query,Can you inform me about the count of POINT in REGION?,1
Aggregation-count Query,Can you inform me about the count of REGION in each region of REGION?,2
Aggregation-count Query,Can you inform me about the count of REGION in REGION?,1
Aggregation-count Query,Can you inform me about the number of LINE in REGION?,1
Aggregation-count Query,Can you inform me about the number of POINT in REGION?,1
Aggregation-count Query,Can you inform me about the number of REGION in REGION?,1
Aggregation-count Query,Can you provide the count of LINE in REGION?,1
Aggregation-count Query,Can you provide the count of LINE in REGION?,1
Aggregation-count Query,Can you provide the count of POINT in REGION?,1
Aggregation-count Query,Can you provide the count of POINT in REGION?,1
Aggregation-count Query,Can you provide the count of REGION in REGION?,1
Aggregation-count Query,Can you provide the count of REGION in REGION?,1
Aggregation-count Query,Can you provide the number of LINE in REGION?,1
Aggregation-count Query,Can you provide the number of LINE in REGION?,1
Aggregation-count Query,Can you provide the number of POINT in REGION?,1
Aggregation-count Query,Can you provide the number of POINT in REGION?,1
Aggregation-count Query,Can you provide the number of REGION in REGION?,1
Aggregation-count Query,Can you provide the number of REGION in REGION?,1
Aggregation-count Query,Can you tell me the count of LINE in REGION?,1
Aggregation-count Query,Can you tell me the count of POINT in REGION?,1
Aggregation-count Query,Can you tell me the count of REGION in REGION?,1
Aggregation-count Query,Can you tell me the number of LINE in REGION?,1
Aggregation-count Query,Can you tell me the number of POINT in REGION?,1
Aggregation-count Query,Can you tell me the number of REGION in REGION?,1
Aggregation-count Query,Can you tell me the quantity of LINE in REGION?,1
Aggregation-count Query,Can you tell me the quantity of POINT in REGION?,1
Aggregation-count Query,Can you tell me the quantity of REGION in REGION?,1
Aggregation-count Query,Could you enumerate the aggregate number of LINE in REGION?,1
Aggregation-count Query,Could you enumerate the aggregate number of POINT in REGION?,1
Aggregation-count Query,Could you enumerate the aggregate number of REGION in REGION?,1
Aggregation-count Query,Could you enumerate the number of LINE in REGION?,1
Aggregation-count Query,Could you enumerate the number of POINT in REGION?,1
Aggregation-count Query,Could you enumerate the number of REGION in REGION?,1
Aggregation-count Query,Could you furnish me with the aggregate number of LINE in REGION?,1
Aggregation-count Query,Could you furnish me with the aggregate number of POINT in REGION?,1
Aggregation-count Query,Could you furnish me with the aggregate number of REGION in REGION?,1
Aggregation-count Query,Could you give me the total number of LINE in REGION?,1
Aggregation-count Query,Could you give me the total number of POINT in REGION?,1
Aggregation-count Query,Could you give me the total number of REGION in REGION?,1
Aggregation-count Query,Could you inform me about the count of LINE in REGION?,1
Aggregation-count Query,Could you inform me about the count of POINT in REGION?,1
Aggregation-count Query,Could you inform me about the count of REGION in REGION?,1
Aggregation-count Query,Could you inform me about the number of LINE in REGION?,1
Aggregation-count Query,Could you inform me about the number of POINT in REGION?,1
Aggregation-count Query,Could you inform me about the number of REGION in REGION?,1
Aggregation-count Query,Could you inform me about the quantity of LINE in REGION?,1
Aggregation-count Query,Could you inform me about the quantity of POINT in REGION?,1
Aggregation-count Query,Could you inform me about the quantity of REGION in REGION?,1
Aggregation-count Query,Could you inform me about the total number of LINE in REGION?,1
Aggregation-count Query,Could you inform me about the total number of POINT in REGION?,1
Aggregation-count Query,Could you inform me about the total number of REGION in REGION?,1
Aggregation-count Query,Could you please advise me on the total count of LINE in REGION?,1
Aggregation-count Query,Could you please advise me on the total count of POINT in REGION?,1
Aggregation-count Query,Could you please advise me on the total count of REGION in REGION?,1
Aggregation-count Query,Could you please enumerate the number of LINE in REGION?,1
Aggregation-count Query,Could you please enumerate the number of POINT in REGION?,1
Aggregation-count Query,Could you please enumerate the number of REGION in REGION?,1
Aggregation-count Query,Could you please furnish me with the total count of LINE in REGION?,1
Aggregation-count Query,Could you please furnish me with the total count of POINT in REGION?,1
Aggregation-count Query,Could you please furnish me with the total count of REGION in REGION?,1
Aggregation-count Query,Could you please furnish me with the total number of LINE in REGION?,1
Aggregation-count Query,Could you please furnish me with the total number of POINT in REGION?,1
Aggregation-count Query,Could you please furnish me with the total number of REGION in REGION?,1
Aggregation-count Query,Could you please inform me about the aggregate number of LINE in REGION?,1
Aggregation-count Query,Could you please inform me about the aggregate number of POINT in REGION?,1
Aggregation-count Query,Could you please inform me about the aggregate number of REGION in REGION?,1
Aggregation-count Query,Could you please provide me with the aggregate count of LINE in REGION?,1
Aggregation-count Query,Could you please provide me with the aggregate count of POINT in REGION?,1
Aggregation-count Query,Could you please provide me with the aggregate count of REGION in REGION?,1
Aggregation-count Query,Could you please provide me with the total count of LINE in REGION?,1
Aggregation-count Query,Could you please provide me with the total count of POINT in REGION?,1
Aggregation-count Query,Could you please provide me with the total count of REGION in REGION?,1
Aggregation-count Query,Could you please provide the total number of LINE in REGION?,1
Aggregation-count Query,Could you please provide the total number of POINT in REGION?,1
Aggregation-count Query,Could you please provide the total number of REGION in REGION?,1
Aggregation-count Query,Could you please tell me the count of LINE in REGION?,1
Aggregation-count Query,Could you please tell me the count of POINT in REGION?,1
Aggregation-count Query,Could you please tell me the count of REGION in REGION?,1
Aggregation-count Query,Could you provide the count of LINE in REGION?,1
Aggregation-count Query,Could you provide the count of POINT in REGION?,1
Aggregation-count Query,Could you provide the count of REGION in REGION?,1
Aggregation-count Query,Could you provide the number of LINE in REGION?,1
Aggregation-count Query,Could you provide the number of POINT in REGION?,1
Aggregation-count Query,Could you provide the number of REGION in REGION?,1
Aggregation-count Query,Could you provide the quantity of LINE in REGION?,1
Aggregation-count Query,Could you provide the quantity of POINT in REGION?,1
Aggregation-count Query,Could you provide the quantity of REGION in REGION?,1
Aggregation-count Query,Could you provide the total number of LINE in REGION?,1
Aggregation-count Query,Could you provide the total number of POINT in REGION?,1
Aggregation-count Query,Could you provide the total number of REGION in REGION?,1
Aggregation-count Query,Could you tell me the count of LINE in REGION?,1
Aggregation-count Query,Could you tell me the count of POINT in REGION?,1
Aggregation-count Query,Could you tell me the count of REGION in REGION?,1
Aggregation-count Query,Could you tell me the quantity of LINE in REGION?,1
Aggregation-count Query,Could you tell me the quantity of POINT in REGION?,1
Aggregation-count Query,Could you tell me the quantity of REGION in REGION?,1
Aggregation-count Query,Could you tell me the total number of LINE in REGION?,1
Aggregation-count Query,Could you tell me the total number of POINT in REGION?,1
Aggregation-count Query,Could you tell me the total number of REGION in REGION?,1
Aggregation-count Query,Count the number of LINE in REGION.,1
Aggregation-count Query,Count the number of POINT in REGION.,1
Aggregation-count Query,Count the number of REGION in REGION.,1
Aggregation-count Query,Count the total number of LINE in REGION.,1
Aggregation-count Query,Count the total number of POINT in REGION.,1
Aggregation-count Query,Count the total number of REGION in REGION.,1
Aggregation-count Query,How many LINE are there in REGION?,1
Aggregation-count Query,How many POINT are there in REGION?,1
Aggregation-count Query,How many REGION are there in REGION?,1
Aggregation-count Query,How many POINT are there on LINE?,1
Aggregation-count Query,How many LINE intersects with REGION?,1
Aggregation-count Query,How many LINE pass through REGION?,1
Aggregation-count Query,How many LINE pass through POINT?,1
Aggregation-count Query,How many LINE pass through LINE?,1
Aggregation-count Query,How many LINE does the LINE go through?,1
Aggregation-count Query,How many LINE does the LINE run through?,1
Aggregation-count Query,How many LINE flows through the POINT?,1
Aggregation-count Query,How many LINE flows through the REGION?,1
Aggregation-count Query,How many LINE goes through the LINE?,1
Aggregation-count Query,How many LINE goes through the POINT?,1
Aggregation-count Query,How many LINE goes through the REGION?,1
Aggregation-count Query,How many LINE on the LINE?,1
Aggregation-count Query,How many LINE on the REGION?,1
Aggregation-count Query,How many LINE pass by LINE?,1
Aggregation-count Query,How many LINE pass by POINT?,1
Aggregation-count Query,How many LINE pass by REGION?,1
Aggregation-count Query,How many LINE runs through the LINE?,1
Aggregation-count Query,How many LINE runs through the POINT?,1
Aggregation-count Query,How many LINE runs through the REGION?,1
Aggregation-count Query,How many POINT does the LINE flow through?,1
Aggregation-count Query,How many POINT does the LINE go through?,1
Aggregation-count Query,How many POINT does the LINE run through?,1
Aggregation-count Query,How many POINT goes through the LINE?,1
Aggregation-count Query,How many POINT goes through the REGION?,1
Aggregation-count Query,How many POINT on the LINE?,1
Aggregation-count Query,How many POINT on the REGION?,1
Aggregation-count Query,How many POINT pass by LINE?,1
Aggregation-count Query,How many POINT pass by POINT?,1
Aggregation-count Query,How many POINT pass by REGION?,1
Aggregation-count Query,How many POINT pass through LINE?,1
Aggregation-count Query,How many POINT pass through REGION?,1
Aggregation-count Query,How many REGION does the LINE flow through?,1
Aggregation-count Query,How many REGION does the LINE go through?,1
Aggregation-count Query,How many REGION does the LINE run through?,1
Aggregation-count Query,How many REGION does the REGION go through?,1
Aggregation-count Query,How many REGION does the REGION run through?,1
Aggregation-count Query,How many REGION goes through the LINE?,1
Aggregation-count Query,How many REGION goes through the REGION?,1
Aggregation-count Query,How many REGION on the LINE?,1
Aggregation-count Query,How many REGION on the REGION?,1
Aggregation-count Query,How many REGION pass by LINE?,1
Aggregation-count Query,How many REGION pass by POINT?,1
Aggregation-count Query,How many REGION pass by REGION?,1
Aggregation-count Query,How many REGION pass through LINE?,1
Aggregation-count Query,How many REGION pass through REGION?,1
Aggregation-count Query,How many REGION runs through the LINE?,1
Aggregation-count Query,How many REGION runs through the REGION?,1
Aggregation-count Query,I am interested in knowing the overall number of LINE in REGION.,1
Aggregation-count Query,I am interested in knowing the overall number of POINT in REGION.,1
Aggregation-count Query,I am interested in knowing the overall number of REGION in REGION.,1
Aggregation-count Query,I am interested in the aggregate count of LINE in REGION.,1
Aggregation-count Query,I am interested in the aggregate count of POINT in REGION.,1
Aggregation-count Query,I am interested in the aggregate count of REGION in REGION.,1
Aggregation-count Query,I am interested in the count of LINE in REGION.,1
Aggregation-count Query,I am interested in the count of POINT in REGION.,1
Aggregation-count Query,I am interested in the count of REGION in REGION.,1
Aggregation-count Query,I am interested in the overall number of LINE in REGION.,1
Aggregation-count Query,I am interested in the overall number of POINT in REGION.,1
Aggregation-count Query,I am interested in the overall number of REGION in REGION.,1
Aggregation-count Query,I am looking for the count of LINE in REGION.,1
Aggregation-count Query,I am looking for the count of POINT in REGION.,1
Aggregation-count Query,I am looking for the count of REGION in REGION.,1
Aggregation-count Query,I am looking for the overall number of LINE in REGION.,1
Aggregation-count Query,I am looking for the overall number of POINT in REGION.,1
Aggregation-count Query,I am looking for the overall number of REGION in REGION.,1
Aggregation-count Query,I am looking for the total number of LINE in REGION.,1
Aggregation-count Query,I am looking for the total number of POINT in REGION.,1
Aggregation-count Query,I am looking for the total number of REGION in REGION.,1
Aggregation-count Query,I would like to know the aggregate count of LINE in REGION.,1
Aggregation-count Query,I would like to know the aggregate count of POINT in REGION.,1
Aggregation-count Query,I would like to know the aggregate count of REGION in REGION.,1
Aggregation-count Query,I would like to know the aggregate number of LINE in REGION.,1
Aggregation-count Query,I would like to know the aggregate number of POINT in REGION.,1
Aggregation-count Query,I would like to know the aggregate number of REGION in REGION.,1
Aggregation-count Query,I would like to know the count of LINE in REGION.,1
Aggregation-count Query,I would like to know the count of POINT in REGION.,1
Aggregation-count Query,I would like to know the count of REGION in REGION.,1
Aggregation-count Query,I would like to know the number of LINE in REGION.,1
Aggregation-count Query,I would like to know the number of POINT in REGION.,1
Aggregation-count Query,I would like to know the number of REGION in REGION.,1
Aggregation-count Query,I would like to know the overall number of LINE in REGION.,1
Aggregation-count Query,I would like to know the overall number of POINT in REGION.,1
Aggregation-count Query,I would like to know the overall number of REGION in REGION.,1
Aggregation-count Query,Is it possible to obtain the count of LINE in REGION?,1
Aggregation-count Query,Is it possible to obtain the count of POINT in REGION?,1
Aggregation-count Query,Is it possible to obtain the count of REGION in REGION?,1
Aggregation-count Query,Is it possible to obtain the overall count of LINE in REGION?,1
Aggregation-count Query,Is it possible to obtain the overall count of POINT in REGION?,1
Aggregation-count Query,Is it possible to obtain the overall count of REGION in REGION?,1
Aggregation-count Query,Is there a way to ascertain the total number of LINE in REGION?,1
Aggregation-count Query,Is there a way to ascertain the total number of POINT in REGION?,1
Aggregation-count Query,Is there a way to ascertain the total number of REGION in REGION?,1
Aggregation-count Query,Kindly inform me about the aggregate count of LINE in REGION.,1
Aggregation-count Query,Kindly inform me about the aggregate count of POINT in REGION.,1
Aggregation-count Query,Kindly inform me about the aggregate count of REGION in REGION.,1
Aggregation-count Query,Kindly inform me about the aggregate number of LINE in REGION.,1
Aggregation-count Query,Kindly inform me about the aggregate number of POINT in REGION.,1
Aggregation-count Query,Kindly inform me about the aggregate number of REGION in REGION.,1
Aggregation-count Query,Kindly inform me about the overall number of LINE in REGION.,1
Aggregation-count Query,Kindly inform me about the overall number of POINT in REGION.,1
Aggregation-count Query,Kindly inform me about the overall number of REGION in REGION.,1
Aggregation-count Query,Kindly inform me about the total number of LINE in REGION.,1
Aggregation-count Query,Kindly inform me about the total number of POINT in REGION.,1
Aggregation-count Query,Kindly inform me about the total number of REGION in REGION.,1
Aggregation-count Query,Kindly provide me with the count of LINE in REGION.,1
Aggregation-count Query,Kindly provide me with the count of POINT in REGION.,1
Aggregation-count Query,Kindly provide me with the count of REGION in REGION.,1
Aggregation-count Query,Kindly provide me with the overall number of LINE in REGION.,1
Aggregation-count Query,Kindly provide me with the overall number of POINT in REGION.,1
Aggregation-count Query,Kindly provide me with the overall number of REGION in REGION.,1
Aggregation-count Query,Kindly provide me with the total count of LINE in REGION.,1
Aggregation-count Query,Kindly provide me with the total count of POINT in REGION.,1
Aggregation-count Query,Kindly provide me with the total count of REGION in REGION.,1
Aggregation-count Query,List the count of LINE in REGION.,1
Aggregation-count Query,List the count of POINT in REGION.,1
Aggregation-count Query,List the count of REGION in REGION.,1
Aggregation-count Query,List the total count of LINE in REGION.,1
Aggregation-count Query,List the total count of POINT in REGION.,1
Aggregation-count Query,List the total count of REGION in REGION.,1
Aggregation-count Query,List the total number of LINE in REGION.,1
Aggregation-count Query,List the total number of POINT in REGION.,1
Aggregation-count Query,List the total number of REGION in REGION.,1
Aggregation-count Query,Please advise me on the aggregate number of LINE in REGION.,1
Aggregation-count Query,Please advise me on the aggregate number of POINT in REGION.,1
Aggregation-count Query,Please advise me on the aggregate number of REGION in REGION.,1
Aggregation-count Query,Please advise me on the count of LINE in REGION.,1
Aggregation-count Query,Please advise me on the count of POINT in REGION.,1
Aggregation-count Query,Please advise me on the count of REGION in REGION.,1
Aggregation-count Query,Please advise me on the number of LINE in REGION.,1
Aggregation-count Query,Please advise me on the number of POINT in REGION.,1
Aggregation-count Query,Please advise me on the number of REGION in REGION.,1
Aggregation-count Query,Please advise me on the total count of LINE in REGION.,1
Aggregation-count Query,Please advise me on the total count of POINT in REGION.,1
Aggregation-count Query,Please advise me on the total count of REGION in REGION.,1
Aggregation-count Query,Provide the count of LINE in REGION.,1
Aggregation-count Query,Provide the count of POINT in REGION.,1
Aggregation-count Query,Provide the count of REGION in REGION.,1
Aggregation-count Query,Provide the number of LINE in REGION.,1
Aggregation-count Query,Provide the number of POINT in REGION.,1
Aggregation-count Query,Provide the number of REGION in REGION.,1
Aggregation-count Query,What is the count of LINE in REGION?,1
Aggregation-count Query,What is the count of POINT in REGION?,1
Aggregation-count Query,What is the count of REGION in REGION?,1
Aggregation-count Query,What is the number of LINE in REGION?,1
Aggregation-count Query,What is the number of POINT in REGION?,1
Aggregation-count Query,What is the number of REGION in REGION?,1
Aggregation-count Query,What is the quantity of LINE in REGION?,1
Aggregation-count Query,What is the quantity of POINT in REGION?,1
Aggregation-count Query,What is the quantity of REGION in REGION?,1
Aggregation-count Query,What is the tally of LINE in REGION?,1
Aggregation-count Query,What is the tally of POINT in REGION?,1
Aggregation-count Query,What is the tally of REGION in REGION?,1
Aggregation-count Query,What is the total count of LINE in REGION?,1
Aggregation-count Query,What is the total count of POINT in REGION?,1
Aggregation-count Query,What is the total count of REGION in REGION?,1
Aggregation-count Query,What is the total number of LINE in REGION?,1
Aggregation-count Query,What is the total number of POINT in REGION?,1
Aggregation-count Query,What is the total number of REGION in REGION?,1
Aggregation-max Query,"Among all LINE, which one experiences the most intersections of roads?",0
Aggregation-max Query,"Among all LINE, which one has the highest stream intersection density?",0
Aggregation-max Query,"Among all REGION, which one experiences the most intersections of paths?",0
Aggregation-max Query,"Among all REGION, which one experiences the most intersections of roads?",0
Aggregation-max Query,"Among all REGION, which one has the highest concentration of road intersections?",0
Aggregation-max Query,"Among all REGION, which one has the largest number of rivers and paths crossing one another?",0
Aggregation-max Query,"Among all REGION, which one has the largest overlapping territory with REGION?",1
Aggregation-max Query,"Among all REGION, which one has the most convergence of paths?",0
Aggregation-max Query,"Among all REGION, which one has the most convergence of roads.",0
Aggregation-max Query,"Among LINE, which one has the most trails intersecting at its corners?",0
Aggregation-max Query,Among REGION which one has the most LINE converging?,2
Aggregation-max Query,"Among REGION, which one has the greatest extent of intersection with REGION?",1
Aggregation-max Query,"Among REGION, which one has the greatest extent of intersection with REGION?",1
Aggregation-max Query,"Among REGION, which one has the most extensive intersection with REGION?",1
Aggregation-max Query,"Among REGION, which one has the most LINE intersecting?",2
Aggregation-max Query,"Among REGION, which one has the most substantial extent of intersection with REGION?",1
Aggregation-max Query,In which REGION can you find the most REGION?,2
Aggregation-max Query,What REGION has the most REGION?,2
Aggregation-max Query,What REGION offers the most REGION?,2
Aggregation-max Query,Which LINE has the highest number of LINE crossing within its boundaries?,1
Aggregation-max Query,Which LINE has the most intersecting LINE?,2
Aggregation-max Query,Which LINE has the most intersection points compared to others?,0
Aggregation-max Query,Which LINE interchange experiences the highest amount of LINE intersections?,2
Aggregation-max Query,Which LINE interchange has the largest number of LINE intersecting within its boundaries?,2
Aggregation-max Query,Which LINE junction experiences the highest amount of LINE intersections?,2
Aggregation-max Query,Which LINE junction has the largest number of LINE intersecting within its boundaries?,2
Aggregation-max Query,Which POINT has the greatest number of LINE crossing through it?,2
Aggregation-max Query,Which POINT is crossed by the most number of LINE?,2
Aggregation-max Query,Which POINT is crossed by the most number of LINE?,2
Aggregation-max Query,Which REGION encompasses the largest area at the intersection of REGION?,1
Aggregation-max Query,Which REGION encompasses the largest area where REGION intersects?,1
Aggregation-max Query,Which REGION encompasses the largest area where REGION intersects?,1
Aggregation-max Query,Which REGION encompasses the most extensive area where REGION intersects?,1
Aggregation-max Query,Which REGION encounters the highest number of crossing points for LINE?,2
Aggregation-max Query,Which REGION has the greatest number of LINE meeting within its premises?,2
Aggregation-max Query,Which REGION has the greatest number of REGION?,1
Aggregation-max Query,Which REGION has the highest number of LINE crossing within its boundaries?,2
Aggregation-max Query,Which REGION has the highest number of LINE crossing within its boundaries?,2
Aggregation-max Query,Which REGION has the largest area of intersecting REGION?,1
Aggregation-max Query,Which REGION has the largest number of LINE intersecting within its boundaries?,2
Aggregation-max Query,Which REGION has the largest overlapping area with REGION?,1
Aggregation-max Query,Which REGION has the most extensive intersection with REGION?,1
Aggregation-max Query,Which REGION has the most extensive intersection with REGION?,1
Aggregation-max Query,Which REGION has the most extensive intersection with REGION?,1
Aggregation-max Query,Which REGION has the most extensive overlap with REGION?,1
Aggregation-max Query,Which REGION has the most intersecting LINE?,2
Aggregation-max Query,Which REGION has the most intersecting LINE?,2
Aggregation-max Query,Which REGION has the most intersection points compared to others?,0
Aggregation-max Query,Which REGION has the most LINE intersecting at its borders?,2
Aggregation-max Query,Which REGION has the most significant intersection with REGION?,1
Aggregation-max Query,Which REGION has the most significant intersection with REGION?,1
Aggregation-max Query,Which REGION intersects the largest area with REGION?,1
Aggregation-max Query,Which REGION intersects the largest area with REGION?,1
Aggregation-max Query,Which REGION intersects the largest territory with REGION?,1
Aggregation-max Query,Which REGION intersects the most extensive territory with REGION?,1
Aggregation-max Query,Which REGION is crossed by the most number LINE?,2
Aggregation-max Query,Which REGION is crossed by the most number of LINE?,2
Aggregation-max Query,Which REGION is crossed by the most number of LINE?,2
Aggregation-max Query,Which REGION occupies the most substantial area at the intersection of REGION?,1
Aggregation-max Query,Which REGION overlaps the largest area with REGION?,1
Aggregation-max Query,Which REGION overlaps the largest area with REGION?,1
Aggregation-max Query,Which REGION overlaps the largest territory with REGION?,1
Aggregation-max Query,Which REGION overlaps the largest territory with REGION?,1
Aggregation-max Query,Which REGION range has the most LINE crossing through it?,2
Aggregation-max Query,Which REGION range intersects the most extensive territory with REGION?,1
Aggregation-max Query,Which REGION reserve has the most significant overlap with REGION?,1
Aggregation-sum Query,Aggregate the total area covered by REGION in REGION.,1
Aggregation-sum Query,Aggregate the total number of endangered species in REGION.,0
Aggregation-sum Query,Calculate the aggregate length of all LINE in REGION.,1
Aggregation-sum Query,Calculate the combined area of all REGION in REGION.,1
Aggregation-sum Query,Calculate the sum of # in POINT.,0
Aggregation-sum Query,Calculate the sum of # in REGION.,0
Aggregation-sum Query,Calculate the sum of all # in POINT.,0
Aggregation-sum Query,Calculate the sum of all # in REGION.,0
Aggregation-sum Query,Calculate the total # in REGION.,0
Aggregation-sum Query,Calculate the total area of all REGION located within REGION.,1
Aggregation-sum Query,Calculate the total length of all LINE in REGION.,1
Aggregation-sum Query,Calculate the total REGION area in REGION.,1
Aggregation-sum Query,Can you calculate the land area of REGION in REGION?,1
Aggregation-sum Query,Can you calculate the total area of all REGION intersecting REGION Range?,1
Aggregation-sum Query,Can you calculate the water area of REGION in REGION?,1
Aggregation-sum Query,Can you give me the combined area of all REGION in REGION?,1
Aggregation-sum Query,Can you provide the aggregate area of all REGION intersecting LINE?,1
Aggregation-sum Query,Can you provide the aggregate area of all REGION intersecting REGION?,1
Aggregation-sum Query,Can you provide the aggregate land area of all # in POINT?,0
Aggregation-sum Query,Can you provide the aggregate land area of all # in REGION?,0
Aggregation-sum Query,Can you provide the aggregate land area of all REGION in REGION?,1
Aggregation-sum Query,Can you provide the combined area of all # in POINT?,0
Aggregation-sum Query,Can you provide the combined area of all # in REGION?,0
Aggregation-sum Query,Can you provide the combined area of all REGION in REGION?,1
Aggregation-sum Query,Can you provide the combined area of all REGION in REGION?,1
Aggregation-sum Query,Can you provide the combined surface area of all LINE that intersect LINE?,1
Aggregation-sum Query,Can you provide the combined surface area of all LINE that intersect REGION?,1
Aggregation-sum Query,Can you provide the combined water area of all LINE intersecting REGION?,1
Aggregation-sum Query,Can you provide the sum of # in POINT?,0
Aggregation-sum Query,Can you provide the sum of # in REGION?,0
Aggregation-sum Query,Can you provide the sum of all # exports from REGION?,0
Aggregation-sum Query,Can you provide the sum of all # production in REGION?,0
Aggregation-sum Query,Can you provide the total area of REGION in REGION?,1
Aggregation-sum Query,Can you provide the total length of all LINE in REGION?,1
Aggregation-sum Query,Can you provide the total number of # in REGION?,0
Aggregation-sum Query,Can you provide the total water area of all REGION in REGION?,1
Aggregation-sum Query,Can you tell me the aggregate area of all REGION in REGION?,1
Aggregation-sum Query,Can you tell me the combined area of all REGION in REGION?,1
Aggregation-sum Query,Can you tell me the combined water area of all REGION in REGION?,1
Aggregation-sum Query,Can you tell me the sum of all # in POINT?,0
Aggregation-sum Query,Can you tell me the sum of all # in REGION?,0
Aggregation-sum Query,Can you tell me the total # of all # in REGION?,0
Aggregation-sum Query,Can you tell me the total area covered by lakes in REGION?,0
Aggregation-sum Query,Can you tell me the total area of all REGION intersecting REGION?,1
Aggregation-sum Query,Can you tell me the total land area occupied by all REGION in REGION?,1
Aggregation-sum Query,Can you tell me the total land area of all protected forests in REGION?,0
Aggregation-sum Query,Can you tell me the total number of # in REGION?,0
Aggregation-sum Query,Compute the aggregate # in POINT.,0
Aggregation-sum Query,Compute the aggregate # in REGION.,0
Aggregation-sum Query,Compute the overall coastline length of all islands in REGION.,0
Aggregation-sum Query,Compute the sum of # in POINT.,0
Aggregation-sum Query,Compute the sum of # in REGION.,0
Aggregation-sum Query,Compute the sum of all # in POINT.,0
Aggregation-sum Query,Compute the sum of all # in REGION.,0
Aggregation-sum Query,Compute the total area of REGION in REGION.,1
Aggregation-sum Query,Find the sum of the lengths of all LINE in REGION.,1
Aggregation-sum Query,Give me the total of # from POINT.,0
Aggregation-sum Query,Give me the total of # from REGION.,0
Aggregation-sum Query,Give me the total value of # from POINT.,0
Aggregation-sum Query,Give me the total value of # from REGION.,0
Aggregation-sum Query,Give the total # in POINT.,0
Aggregation-sum Query,Give the total # in REGION.,0
Aggregation-sum Query,Give the total number of # in POINT.,0
Aggregation-sum Query,Give the total number of # in REGION.,0
Aggregation-sum Query,How much land area is shared between REGION and REGION?,1
Aggregation-sum Query,I am interested in the aggregate area of all REGION in REGION.,1
Aggregation-sum Query,I am interested in the aggregate land area of all REGION in REGION.,1
Aggregation-sum Query,I am interested in the aggregate water area of all REGION in REGION.,1
Aggregation-sum Query,I am interested in the combined area of all REGION within REGION.,1
Aggregation-sum Query,I am interested in the combined land area of all REGION within REGION.,1
Aggregation-sum Query,I am interested in the combined water area of all REGION within REGION.,1
Aggregation-sum Query,I would like to know the combined water area of all REGION in REGION.,1
Aggregation-sum Query,I would like to know the total area of all REGION in REGION.,1
Aggregation-sum Query,I would like to know the total land area covered by all REGION in REGION.,1
Aggregation-sum Query,I would like to know the total land area of all REGION in REGION.,1
Aggregation-sum Query,I would like to know the total water area covered by all REGION in REGION.,1
Aggregation-sum Query,I would like to know the total water area of all REGION in REGION.,1
Aggregation-sum Query,Identify the total REGION area in REGION.,1
Aggregation-sum Query,List the sum of # in POINT.,0
Aggregation-sum Query,List the sum of # in REGION.,0
Aggregation-sum Query,List the total area covered by REGION in REGION.,1
Aggregation-sum Query,List the total length of all LINE in REGION.,1
Aggregation-sum Query,List the total number of # in REGION.,0
Aggregation-sum Query,Please calculate the combined area of all REGION in REGION.,1
Aggregation-sum Query,Please calculate the total area of all REGION intersecting REGION.,1
Aggregation-sum Query,Please calculate the total land area covered by all REGION in REGION.,1
Aggregation-sum Query,Please determine the aggregate land area of all REGION within REGION.,1
Aggregation-sum Query,Please determine the aggregate water area of all REGION within REGION.,1
Aggregation-sum Query,Please determine the combined area of all REGION within REGION.,1
Aggregation-sum Query,Please determine the combined land area of all REGION within REGION.,1
Aggregation-sum Query,Please determine the total area of all REGION in REGION.,1
Aggregation-sum Query,Please provide the aggregate area of all REGION in REGION.,1
Aggregation-sum Query,Please provide the aggregate area of all REGION intersecting REGION.,1
Aggregation-sum Query,Please provide the total area of all REGION in REGION.,1
Aggregation-sum Query,Please provide the total area of all REGION intersecting REGION.,1
Aggregation-sum Query,Please provide the total water area of all REGION in REGION.,1
Aggregation-sum Query,Provide the sum of # in REGION.,0
Aggregation-sum Query,Provide the total number of # in REGION.,0
Aggregation-sum Query,What is the accumulated number of # in REGION?,0
Aggregation-sum Query,What is the collective length of all LINE in REGION?,1
Aggregation-sum Query,What is the combined # in REGION?,0
Aggregation-sum Query,What is the combined area of all REGION intersecting REGION?,1
Aggregation-sum Query,What is the combined extent of all REGION in REGION?,1
Aggregation-sum Query,What is the sum of # in REGION?,0
Aggregation-sum Query,What is the sum of all # in REGION?,0
Aggregation-sum Query,What is the total area covered by REGION in REGION?,1
Aggregation-sum Query,What is the total area of all REGION intersecting REGION?,1
Aggregation-sum Query,What is the total area of REGION in REGION?,1
Aggregation-sum Query,What is the total length of all LINE in REGION?,1
Aggregation-sum Query,What is the total length of LINE in REGION?,1
Aggregation-sum Query,What is the total number of REGION in REGION?,1
Aggregation-sum Query,What is the total sum of REGION in REGION?,1
Basic-area Query,Area of REGION in RERE?,1
Basic-area Query,Can you enlighten me about the expansive scope of REGION in RERE?,1
Basic-area Query,Can you give me the area of REGION in RERE?,1
Basic-area Query,Can you give me the dimensions of REGION in RERE?,1
Basic-area Query,Can you give me the size of REGION in RERE?,1
Basic-area Query,Can you provide insights into the expansive scope of REGION in RERE?,1
Basic-area Query,Can you provide the area of REGION in RERE?,1
Basic-area Query,Can you provide the dimensions of REGION in RERE?,1
Basic-area Query,Can you provide the geographical area of REGION in RERE?,1
Basic-area Query,Can you reveal the immensity of REGION in RERE?,1
Basic-area Query,Can you shed light on the proportions of REGION in RERE?,1
Basic-area Query,Could you clarify the land area encompassed by REGION of RERE?,1
Basic-area Query,Could you enlighten me about the dimensions of REGION in RERE?,1
Basic-area Query,Could you furnish the areal details of REGION in RERE?,1
Basic-area Query,Could you illuminate me about the sheer scale of REGION in RERE?,1
Basic-area Query,Could you please clarify the territorial area of REGION?,0
Basic-area Query,Could you please detail the geographical area of REGION?,0
Basic-area Query,Find all REGION that cover an area larger than 100 hectares.,0
Basic-area Query,Could you please detail the territorial extent of REGION in RERE?,1
Basic-area Query,Could you please elaborate on the geographical area of REGION?,0
Basic-area Query,Could you please furnish the area specifications for REGION of RERE?,1
Basic-area Query,Could you please provide the area details of REGION in RERE?,1
Basic-area Query,Could you please provide the area of REGION in RERE?,1
Basic-area Query,Could you please provide the areal specifications of REGION in RERE?,1
Basic-area Query,Could you please provide the geographical area of REGION?,0
Basic-area Query,Could you please specify the surface area of REGION?,0
Basic-area Query,"Could you provide the area details for REGION, RERE?",1
Basic-area Query,Could you provide the geographical area of REGION?,0
Basic-area Query,Could you reveal the expansive dimensions of REGION in RERE?,1
Basic-area Query,Could you reveal the immense scale of REGION in RERE?,1
Basic-area Query,Could you reveal the monumental proportions of REGION in RERE?,1
Basic-area Query,Could you reveal the monumental scale of REGION in RERE?,1
Basic-area Query,Could you reveal the vast expanse of REGION in RERE?,1
Basic-area Query,Could you tell me the area of REGION in RERE?,1
Basic-area Query,Could you tell me the size of REGION in RERE?,1
Basic-area Query,"Dimensions of REGION in RERE, please?",1
Basic-area Query,Dimensions of REGION in RERE?,1
Basic-area Query,Expanse of REGION in RERE?,1
Basic-area Query,How large is REGION in RERE?,1
Basic-area Query,How vast is REGION in RERE?,1
Basic-area Query,I'm captivated by the sheer vastness of REGION in RERE.,1
Basic-area Query,I'm captivated by the vast expanse of REGION in RERE.,1
Basic-area Query,I'm curious about the area of REGION in RERE.,1
Basic-area Query,I'm curious about the expansive dimensions of REGION in RERE.,1
Basic-area Query,I'm curious about the immense scale of REGION in RERE.,1
Basic-area Query,I'm curious about the vast expanse of REGION.,0
Basic-area Query,"I'm fascinated by the sheer enormity of REGION, RERE.",1
Basic-area Query,I'm fascinated by the vast expanse covered by REGION in RERE.,1
Basic-area Query,I'm fascinated by the vast expanse of REGION in RERE.,1
Basic-area Query,I'm interested in the areal dimensions of REGION in RERE.,1
Basic-area Query,I'm interested in the areal specifications of REGION.,0
Basic-area Query,I'm interested in the dimensions of REGION in RERE.,1
Basic-area Query,I'm interested in the expanse of REGION in RERE. Could you furnish that information?,1
Basic-area Query,I'm interested in the geographical area of REGION in RERE.,1
Basic-area Query,I'm interested in the geographical spread of REGION in RERE.,1
Basic-area Query,I'm interested in the territorial area of REGION in RERE.,1
Basic-area Query,I'm intrigued by the immense scale of REGION in RERE.,1
Basic-area Query,I'm intrigued by the monumental size of REGION in RERE.,1
Basic-area Query,I'm intrigued by the spatial dimensions of REGION in RERE.,1
Basic-area Query,I'm seeking information on the areal extent of REGION in RERE.,1
Basic-area Query,I'm seeking the area measurement of REGION in RERE.,1
Basic-area Query,I'm seeking the areal specifications of REGION in RERE.,1
Basic-area Query,I'm seeking the territorial area of REGION in RERE.,1
Basic-area Query,I'm seeking the territorial spread of REGION in RERE.,1
Basic-area Query,I'm seeking the total territorial area of REGION in RERE.,1
Basic-area Query,I'm wondering about the areal extent of REGION in RERE.,1
Basic-area Query,I'm wondering about the expanse of REGION in RERE.,1
Basic-area Query,I'm wondering about the territorial area of REGION in RERE.,1
Basic-area Query,Kindly advise me on the areal extent of REGION in RERE.,1
Basic-area Query,Kindly furnish me with the geographical dimensions of REGION in RERE.,1
Basic-area Query,Kindly furnish me with the surface area of REGION in RERE.,1
Basic-area Query,Kindly inform me about the areal extent of REGION in RERE.,1
Basic-area Query,Kindly inform me about the geographical area of REGION in RERE.,1
Basic-area Query,Kindly inform me about the territorial extent of REGION in RERE.,1
Basic-area Query,Please advise me on the geographical area of REGION in RERE.,1
Basic-area Query,Please advise me on the territorial area of REGION in RERE.,1
Basic-area Query,Please advise me on the territorial spread of REGION in RERE.,1
Basic-area Query,Please advise me on the total acreage of REGION in RERE.,1
Basic-area Query,Please advise me on the total area of REGION in RERE.,1
Basic-area Query,Please enumerate the areal dimensions of REGION in RERE.,1
Basic-area Query,Please enumerate the dimensions of REGION in RERE.,1
Basic-area Query,Please enumerate the geographical area of REGION in RERE.,1
Basic-area Query,Please enumerate the landmass dimensions of REGION in RERE.,1
Basic-area Query,Please provide insights into the expanse of REGION in RERE.,1
Basic-area Query,Please provide insights into the expansive scope of REGION in RERE.,1
Basic-area Query,Please provide the area of REGION in RERE.,1
Basic-area Query,Please provide the area of REGION situated in RERE.,1
Basic-area Query,Please tell me the area of REGION in RERE.,1
Basic-area Query,Please tell me the area of REGION located in RERE.,1
Basic-area Query,Please tell me the surface area of REGION in RERE.,1
Basic-area Query,Provide an overview of the geographical area encompassed by REGION in RERE.,1
Basic-area Query,REGION's expanse in RERE?,1
Basic-area Query,REGION in RERE's area?,1
Basic-area Query,REGION in RERE's surface area?,1
Basic-area Query,REGION's area in RERE?,1
Basic-area Query,REGION's dimensions in RERE?,1
Basic-area Query,REGION's expanse in RERE?,1
Basic-area Query,REGION's size in RERE?,1
Basic-area Query,REGION's surface area in RERE?,1
Basic-area Query,Surface area of REGION in RERE?,1
Basic-area Query,What are the areal dimensions of REGION in RERE?,1
Basic-area Query,What are the celestial dimensions of REGION in RERE?,1
Basic-area Query,What are the colossal dimensions of REGION in RERE?,1
Basic-area Query,What are the dimensions of REGION in RERE?,1
Basic-area Query,What are the dimensions of REGION in terms of geographical area?,0
Basic-area Query,What are the dimensions of REGION located in RERE?,1
Basic-area Query,"What are the dimensions of REGION of RERE, please?",1
Basic-area Query,What are the dimensions of REGION of RERE?,1
Basic-area Query,What are the grand dimensions of REGION in RERE?,1
Basic-area Query,What are the territorial dimensions of REGION?,0
Basic-area Query,What are the vast dimensions of REGION in RERE?,1
Basic-area Query,What is the approximate areal extent of REGION in RERE?,1
Basic-area Query,What is the approximate geographical area of REGION in RERE?,1
Basic-area Query,What is the approximate geographical spread of REGION in RERE?,1
Basic-area Query,What is the area of REGION in RERE?,1
Basic-area Query,What is the area of REGION located in RERE?,1
Basic-area Query,What is the area of REGION within RERE?,1
Basic-area Query,What is the area of the Palace of REGION in RERE?,1
Basic-area Query,What is the area of the Palace of REGION situated in RERE?,1
Basic-area Query,What is the areal spread of REGION in RERE?,1
Basic-area Query,What is the expanse of REGION in RERE?,1
Basic-area Query,"What is the expanse of REGION, RERE?",1
Basic-area Query,What is the size of REGION in RERE?,1
Basic-area Query,What is the surface area of REGION in RERE?,1
Basic-area Query,"What is the surface area of REGION, RERE?",1
Basic-area Query,What is the territorial spread of REGION in RERE?,1
Basic-area Query,What is the total area of REGION in RERE?,1
Basic-area Query,What is the total area of REGION situated in RERE?,1
Basic-area Query,What is the total land area of REGION in RERE?,1
Basic-area Query,What is the total land area of REGION situated in RERE?,1
Basic-area Query,What is the total land area of REGION?,0
Basic-area Query,What's the area covered by REGION in RERE?,1
Basic-area Query,What's the area covered by REGION located in RERE?,1
Basic-area Query,What's the area of REGION in RERE?,1
Basic-area Query,What's the extent of REGION in RERE?,1
Basic-area Query,What's the grandeur of REGION in RERE?,1
Basic-area Query,What's the immense scale of REGION in RERE?,1
Basic-area Query,What's the land size of REGION in RERE?,1
Basic-area Query,What's the land size of REGION located in RERE?,1
Basic-area Query,What's the land size of REGION situated in RERE?,1
Basic-area Query,What's the magnitude of REGION in RERE?,1
Basic-area Query,What's the monumental scale of REGION in RERE?,1
Basic-area Query,What's the size of REGION in RERE?,1
Basic-area Query,What's the size of REGION situated in RERE?,1
Basic-area Query,What's the towering scale of REGION in RERE?,1
Basic-area Query,What's the vast expanse covered by REGION in RERE?,1
Basic-area Query,What's the vast expanse covered by REGION?,0
Basic-area Query,What's the vastness of REGION in RERE?,1
Basic-direction Query,Any guidance on wayfinding from VV to CC?,0
Basic-direction Query,Any sense of a route from VV to CC?,0
Basic-direction Query,Any sense of orientation from VV to CC?,0
Basic-direction Query,Bearing between VV and CC?,0
Basic-direction Query,Bearing from VV to CC.,0
Basic-direction Query,Can you advise me on the best route from the VV to CC?,0
Basic-direction Query,Can you assist with wayfinding from VV to CC?,0
Basic-direction Query,Can you give a heading from VV to CC?,0
Basic-direction Query,Can you give a sense of directional heading between VV and CC?,0
Basic-direction Query,Can you give a sense of directional route from VV to CC?,0
Basic-direction Query,Can you give a sense of orientation from VV to CC?,0
Basic-direction Query,Can you give a sense of the compass point when traveling from VV to CC?,0
Basic-direction Query,Can you give a sense of the directional heading from VV to CC?,0
Basic-direction Query,Can you give a sense of the travel direction from VV to CC?,0
Basic-direction Query,Can you give me a sense of direction from VV to CC?,0
Basic-direction Query,Can you give me directions from VV to CC?,0
Basic-direction Query,Can you give me the directional heading from VV to CC?,0
Basic-direction Query,Can you guide me from VV towards CC?,0
Basic-direction Query,Can you guide me on the course bearing from VV to CC?,0
Basic-direction Query,Can you guide me on the direction from VV to CC?,0
Basic-direction Query,Can you guide me on the optimal orientation from VV to CC?,0
Basic-direction Query,Can you guide me on the recommended orientation for VV to CC?,0
Basic-direction Query,Can you guide me on the route from VV to CC?,0
Basic-direction Query,Can you indicate the direction from VV to CC?,0
Basic-direction Query,Can you indicate the heading from VV to CC?,0
Basic-direction Query,Can you indicate the orientation from VV to CC?,0
Basic-direction Query,Can you offer a broad route guidance from VV to CC?,0
Basic-direction Query,Can you offer a general sense of navigation route from VV to CC?,0
Basic-direction Query,Can you offer wayfinding route details from VV to CC?,0
Basic-direction Query,Can you please advise me on the compass bearing from VV to CC?,0
Basic-direction Query,Can you please guide me on the directional path to VV from CC?,0
Basic-direction Query,Can you please tell me the compass direction from VV to CC?,0
Basic-direction Query,Can you provide a broad sense of the pathway from VV to CC?,0
Basic-direction Query,Can you provide a broad sense of the way to follow from VV to CC?,0
Basic-direction Query,Can you provide a general sense of direction from VV to CC?,0
Basic-direction Query,Can you provide a general sense of the compass heading from VV to CC?,0
Basic-direction Query,Can you provide a rough directional bearing between VV and CC?,0
Basic-direction Query,Can you provide advice on the route from VV to CC?,0
Basic-direction Query,Can you provide an overall compass heading from VV to CC?,0
Basic-direction Query,Can you provide an overall heading from VV to CC?,0
Basic-direction Query,Can you provide an overall orientation from VV to CC?,0
Basic-direction Query,Can you provide an overall travel direction from VV to CC?,0
Basic-direction Query,Can you provide assistance on finding the direction from VV to CC?,0
Basic-direction Query,Can you provide directional instructions from VV to CC?,0
Basic-direction Query,Can you provide guidance on the direction from VV to CC?,0
Basic-direction Query,Can you provide guidance on the route from VV to CC?,0
Basic-direction Query,Can you provide me with the compass heading for VV to CC?,0
Basic-direction Query,Can you provide me with the compass point from VV to CC?,0
Basic-direction Query,Can you provide navigational route details from VV to CC?,0
Basic-direction Query,Can you provide route guidance for the journey from VV to CC?,0
Basic-direction Query,Can you provide route guidance from VV to CC?,0
Basic-direction Query,Can you provide the compass direction from VV to CC?,0
Basic-direction Query,Can you provide the compass heading between VV and CC?,0
Basic-direction Query,Can you provide the compass heading from VV to CC?,0
Basic-direction Query,Can you provide the direction from VV to CC?,0
Basic-direction Query,Can you provide the direction I should take from VV to CC?,0
Basic-direction Query,Can you provide the directional instructions from VV to CC?,0
Basic-direction Query,Can you provide the directional path between VV and CC?,0
Basic-direction Query,Can you provide the directional path from VV to CC?,0
Basic-direction Query,Can you provide the orientation from VV to CC?,0
Basic-direction Query,Can you provide the pathway from VV to CC?,0
Basic-direction Query,Can you provide the recommended course bearing from VV to CC?,0
Basic-direction Query,Can you provide the route map details from VV to CC?,0
Basic-direction Query,Can you provide wayfinding route details from VV to CC?,0
Basic-direction Query,Can you suggest a route from VV to CC?,0
Basic-direction Query,Can you suggest the best heading from VV to CC?,0
Basic-direction Query,Can you suggest the best wayfinding route from VV to CC?,0
Basic-direction Query,Can you suggest the most efficient directional route from VV to CC?,0
Basic-direction Query,Can you tell me the direction from VV to CC?,0
Basic-direction Query,Can you tell me the directional path from VV to CC?,0
Basic-direction Query,Can you tell me the heading from VV to CC?,0
Basic-direction Query,Can you tell me the orientation from VV to CC?,0
Basic-direction Query,Cardinal direction between VV and CC?,0
Basic-direction Query,Chart the course from VV to CC.,0
Basic-direction Query,Compass direction from VV to CC?,0
Basic-direction Query,Compass heading from VV to CC?,0
Basic-direction Query,Compass heading VV to CC.,0
Basic-direction Query,Compass point from VV to CC.,0
Basic-direction Query,Could you advise me on the best route from VV to CC?,0
Basic-direction Query,Could you give me the directional bearing between VV and CC?,0
Basic-direction Query,Could you give me the directional bearing from VV to CC?,0
Basic-direction Query,Could you guide me on the compass direction from VV to CC?,0
Basic-direction Query,Could you guide me on the navigation route from VV to CC?,0
Basic-direction Query,Could you please indicate the general compass point towards VV from CC?,0
Basic-direction Query,Could you please suggest the compass direction from VV to CC?,0
Basic-direction Query,Could you please suggest the directional path from VV to CC?,0
Basic-direction Query,Could you please tell me the direction from VV to CC?,0
Basic-direction Query,Could you provide advice on the route from VV to CC?,0
Basic-direction Query,Could you provide assistance on finding the direction from VV to CC?,0
Basic-direction Query,Course bearing from VV to CC.,0
Basic-direction Query,Determine the compass direction VV to CC.,0
Basic-direction Query,Determine the compass point VV to CC.,0
Basic-direction Query,Determine the heading VV to CC.,0
Basic-direction Query,Determine the orientation VV to CC.,0
Basic-direction Query,Direct me from VV to CC.,0
Basic-direction Query,Direct me from VV towards CC.,0
Basic-direction Query,Direction from VV to CC.,0
Basic-direction Query,Directional bearing between VV and CC?,0
Basic-direction Query,Directional bearing from VV to CC.,0
Basic-direction Query,Directional heading from VV to VV.,0
Basic-direction Query,Directional heading VV to CC.,0
Basic-direction Query,Directional instructions VV to CC.,0
Basic-direction Query,Directional path VV to CC.,0
Basic-direction Query,Directional route from VV to CC.,0
Basic-direction Query,Discover the direction from VV to CC.,0
Basic-direction Query,Find the way to VV from CC.,0
Basic-direction Query,Find your way from VV to CC.,0
Basic-direction Query,Follow the route from VV to CC.,0
Basic-direction Query,General route from VV to CC?,0
Basic-direction Query,"Generally, how do I head towards VV from CC?",0
Basic-direction Query,"Generally, how do I navigate from VV to CC?",0
Basic-direction Query,"Generally, how do I plan the route between VV and CC?",0
Basic-direction Query,"Generally, how would you describe the course bearing from VV to CC?",0
Basic-direction Query,"Generally, how would you find your way from VV to CC?",0
Basic-direction Query,Give me the direction from VV to CC.,0
Basic-direction Query,"Guide me on the route from VV to CC, please.",0
Basic-direction Query,Head in the direction of VV from CC.,0
Basic-direction Query,Head toward VV from CC.,0
Basic-direction Query,Heading from VV to CC?,0
Basic-direction Query,Heading indicator VV to CC.,0
Basic-direction Query,Heading to VV from CC.,0
Basic-direction Query,"Heading towards VV from CC, which way should I go?",0
Basic-direction Query,How can I determine the compass heading from VV to CC?,0
Basic-direction Query,How can I determine the compass heading if I start at VV and head towards CC?,0
Basic-direction Query,How can I navigate from VV to CC?,0
Basic-direction Query,How do I chart the course from VV to CC?,0
Basic-direction Query,How do I determine the compass bearing from VV to CC?,0
Basic-direction Query,How do I determine the compass direction for the route between VV and CC?,0
Basic-direction Query,How do I determine the compass direction for VV to CC route?,0
Basic-direction Query,How do I determine the compass direction from VV to CC?,0
Basic-direction Query,How do I determine the directional heading from VV to CC?,0
Basic-direction Query,How do I determine the travel direction from VV to CC?,0
Basic-direction Query,How do I discover the direction from VV to CC?,0
Basic-direction Query,How do I find the compass bearing for the route from VV to CC?,0
Basic-direction Query,How do I find the compass direction from VV to CC?,0
Basic-direction Query,How do I find the compass heading from VV to CC?,0
Basic-direction Query,How do I find the correct compass point for the route from VV to CC?,0
Basic-direction Query,How do I find the orientation from VV to CC?,0
Basic-direction Query,How do I find the waypoints for the journey from VV to CC?,0
Basic-direction Query,How do I follow the compass heading for the route from VV to CC?,0
Basic-direction Query,How do I follow the compass heading from VV to CC?,0
Basic-direction Query,How do I follow the designated way from VV to CC?,0
Basic-direction Query,How do I follow the route guidance from VV to CC?,0
Basic-direction Query,How do I follow the wayfinding recommendations from VV to CC?,0
Basic-direction Query,How do I generally navigate from VV to CC?,0
Basic-direction Query,How do I get from VV to CC?,0
Basic-direction Query,How do I get from VV to CC?,0
Basic-direction Query,How do I head towards VV from CC?,0
Basic-direction Query,How do I locate the best compass bearing from VV to CC?,0
Basic-direction Query,How do I locate the path from VV to CC?,0
Basic-direction Query,How do I navigate from VV to CC?,0
Basic-direction Query,How do I navigate the course from VV to CC?,0
Basic-direction Query,How do I navigate the direction from VV to CC?,0
Basic-direction Query,How do I navigate the general course from VV to CC?,0
Basic-direction Query,How do I plan the route between VV and CC?,0
Basic-direction Query,How do I plan the route from VV to CC?,0
Basic-direction Query,How do I travel in a general sense from VV to CC?,0
Basic-direction Query,How should I determine the compass heading from VV to CC?,0
Basic-direction Query,How should I navigate from VV to CC?,0
Basic-direction Query,How would I determine the compass heading from VV to CC?,0
Basic-direction Query,How would you describe the course bearing from VV to CC?,0
Basic-direction Query,How would you describe the directional path between VV and CC?,0
Basic-direction Query,How would you describe the overall directional heading between VV and CC?,0
Basic-direction Query,How would you describe the overall navigation route from VV to CC?,0
Basic-direction Query,How would you describe the overall route map from VV to CC?,0
Basic-direction Query,How would you describe the overall wayfinding from VV to CC?,0
Basic-direction Query,How would you generally chart the course bearing from VV to CC?,0
Basic-direction Query,How would you generally chart the course from VV to CC?,0
Basic-direction Query,How would you generally navigate from VV to CC?,0
Basic-direction Query,How would you generally reach VV from CC?,0
Basic-direction Query,How would you navigate the general way from VV to CC?,0
Basic-direction Query,I need directions from VV to CC.,0
Basic-direction Query,I need to find the direction from VV to CC.,0
Basic-direction Query,I need to know the general direction from VV to CC.,0
Basic-direction Query,I want to know the direction from VV to CC.,0
Basic-direction Query,"If I start at VV, what route should I take to CC?",0
Basic-direction Query,"If I start at VV, what would be the bearing to CC?",0
Basic-direction Query,"If I start at VV, what would be the direction to CC?",0
Basic-direction Query,I'm at VV and need to get to CC. What's the basic direction?,0
Basic-direction Query,I'm at VV and need to get to CC. What's the general direction?,0
Basic-direction Query,I'm at VV and want to reach CC. What direction should I head in?,0
Basic-direction Query,I'm curious about the direction from VV to CC.,0
Basic-direction Query,I'm looking for directions from VV to CC.,0
Basic-direction Query,I'm lost in the city. Can someone tell me how to get from VV to CC?,0
Basic-direction Query,I'm lost. Can someone please tell me the direction from VV to CC?,0
Basic-direction Query,I'm planning a trip from VV to CC. What direction should I take?,0
Basic-direction Query,I'm traveling from VV to CC. What is the basic direction I should follow?,0
Basic-direction Query,I'm trying to find my way from VV to CC. Can you assist me with the compass direction?,0
Basic-direction Query,I'm trying to reach VV from CC. What's the basic direction?,0
Basic-direction Query,"In a general sense, how would you discover the direction from VV to CC?",0
Basic-direction Query,"In a general sense, what's the bearing between VV and CC?",0
Basic-direction Query,"In a general sense, what's the cardinal direction from VV to CC?",0
Basic-direction Query,"In a general sense, what's the compass direction from VV to CC?",0
Basic-direction Query,"In a general sense, what's the compass heading when traveling from VV to CC?",0
Basic-direction Query,"In a general sense, what's the compass point when traveling from VV to CC?",0
Basic-direction Query,"In a general sense, what's the heading from VV to CC?",0
Basic-direction Query,"In a general sense, what's the orientation from VV to CC?",0
Basic-direction Query,"In a general sense, what's the overall orientation from VV to CC?",0
Basic-direction Query,"In a general sense, what's the travel direction from VV to CC?",0
Basic-direction Query,In what compass point should I head when traveling from VV to CC?,0
Basic-direction Query,In which direction should I head towards VV from CC?,0
Basic-direction Query,Is there a simple way to find the compass bearing from VV to CC?,0
Basic-direction Query,Locate the path from VV to CC.,0
Basic-direction Query,Map the direction from VV to CC.,0
Basic-direction Query,Navigate from VV to CC.,0
Basic-direction Query,Navigate from VV to CC. Show me the way.,0
Basic-direction Query,Navigate the direction from VV to CC.,0
Basic-direction Query,Navigate the way to VV from CC.,0
Basic-direction Query,Navigation from VV to CC?,0
Basic-direction Query,Navigation route VV to CC.,0
Basic-direction Query,Navigational route from VV to CC.,0
Basic-direction Query,Orientation from VV to CC.,0
Basic-direction Query,Pathfinding VV to CC.,0
Basic-direction Query,Pathway from VV to CC?,0
Basic-direction Query,Please indicate the orientation if I start at VV and head towards CC.,0
Basic-direction Query,Please tell me the direction to go from VV to CC.,0
Basic-direction Query,Point me from VV in the direction of CC..,0
Basic-direction Query,Point me in the right direction from VV to CC.,0
Basic-direction Query,Rough bearing from VV to CC?,0
Basic-direction Query,Route advice from VV to CC?,0
Basic-direction Query,Route assistance from VV to CC?,0
Basic-direction Query,Route guidance from VV to CC?,0
Basic-direction Query,Show me the direction from VV to CC.,0
Basic-direction Query,Tell me the direction from VV to CC.,0
Basic-direction Query,Travel direction from VV to CC?,0
Basic-direction Query,Travel direction VV to CC.,0
Basic-direction Query,What direction should I follow from VV to CC?,0
Basic-direction Query,What direction should I head in to travel from VV to CC?,0
Basic-direction Query,What direction should I take from VV to CC?,0
Basic-direction Query,What direction should I take to go from VV to CC?,0
Basic-direction Query,What does the map look like from VV to CC?,0
Basic-direction Query,What is the azimuth between VV and CC?,0
Basic-direction Query,What is the azimuth from VV to CC?,0
Basic-direction Query,What is the bearing between VV and CC?,0
Basic-direction Query,What is the bearing from VV to CC?,0
Basic-direction Query,What is the best course for traveling from VV to CC?,0
Basic-direction Query,What is the cardinal direction from VV to CC?,0
Basic-direction Query,What is the charted course for traveling from VV to CC?,0
Basic-direction Query,What is the charted course from VV to CC?,0
Basic-direction Query,What is the compass bearing between VV and CC?,0
Basic-direction Query,What is the compass direction from VV to CC?,0
Basic-direction Query,What is the compass heading from VV to CC?,0
Basic-direction Query,What is the compass point from VV to CC?,0
Basic-direction Query,What is the compass point when traveling from VV to CC?,0
Basic-direction Query,What is the course bearing from VV to CC?,0
Basic-direction Query,What is the course between VV and CC?,0
Basic-direction Query,What is the course from VV to CC?,0
Basic-direction Query,What is the direction from VV to CC?,0
Basic-direction Query,What is the direction from VV to CC?,0
Basic-direction Query,What is the direction if I travel from VV to CC?,0
Basic-direction Query,What is the directional heading from VV to CC?,0
Basic-direction Query,What is the directional route between VV and CC?,0
Basic-direction Query,What is the directional route from VV to CC?,0
Basic-direction Query,What is the heading from VV to CC?,0
Basic-direction Query,What is the heading indicator for VV to CC route?,0
Basic-direction Query,What is the heading to VV from CC?,0
Basic-direction Query,What is the heading when traveling from VV to CC?,0
Basic-direction Query,What is the ideal pathway from VV to CC?,0
Basic-direction Query,What is the most efficient pathfinding route from VV to CC?,0
Basic-direction Query,What is the optimal azimuth from VV to CC?,0
Basic-direction Query,What is the orientation when traveling from VV to CC?,0
Basic-direction Query,What is the preferred heading from VV to CC?,0
Basic-direction Query,What is the recommended orientation from VV to CC?,0
Basic-direction Query,What is the recommended wayfinding route from VV to CC?,0
Basic-direction Query,What is the suggested navigational route from VV to CC?,0
Basic-direction Query,What is the suggested pathfinding route from VV to CC?,0
Basic-direction Query,What is the suggested travel direction from VV to CC?,0
Basic-direction Query,What is the travel direction for the journey from VV to CC?,0
Basic-direction Query,What is the travel direction from VV to CC?,0
Basic-direction Query,What is the way to follow for traveling from VV to CC?,0
Basic-direction Query,What is the way to follow from VV to CC?,0
Basic-direction Query,What route should I take from VV to CC?,0
Basic-direction Query,What would be the compass bearing if I were to travel from VV to CC?,0
Basic-direction Query,What would be the direction if I start at VV and head to CC?,0
Basic-direction Query,What would be the orientation if I travel from VV to CC?,0
Basic-direction Query,What would be the recommended direction from VV to CC?,0
Basic-direction Query,What's the approximate bearing between VV and CC?,0
Basic-direction Query,What's the approximate direction between VV and CC?,0
Basic-direction Query,What's the approximate direction to find the way from VV to CC?,0
Basic-direction Query,What's the approximate directional bearing between VV and CC?,0
Basic-direction Query,What's the approximate directional heading from VV to CC?,0
Basic-direction Query,What's the approximate directional route from VV to CC?,0
Basic-direction Query,What's the approximate heading from VV to CC?,0
Basic-direction Query,What's the approximate pathway between VV and CC?,0
Basic-direction Query,What's the azimuth between VV and CC?,0
Basic-direction Query,What's the basic direction to reach VV from CC?,0
Basic-direction Query,What's the basic directional guidance for traveling from VV to CC?,0
Basic-direction Query,What's the basic heading to reach VV from CC?,0
Basic-direction Query,What's the bearing from VV to CC?,0
Basic-direction Query,What's the broad bearing between VV and CC?,0
Basic-direction Query,What's the broad compass heading from VV to CC?,0
Basic-direction Query,What's the broad compass heading when traveling from VV to CC?,0
Basic-direction Query,What's the broad compass point when traveling from VV to CC?,0
Basic-direction Query,What's the broad heading from VV to CC?,0
Basic-direction Query,What's the broad route map from VV to CC?,0
Basic-direction Query,What's the cardinal direction between VV and CC?,0
Basic-direction Query,What's the compass bearing between VV and CC?,0
Basic-direction Query,What's the compass bearing from VV to CC?,0
Basic-direction Query,What's the compass bearing if I travel from VV to CC?,0
Basic-direction Query,What's the compass direction from VV to CC?,0
Basic-direction Query,What's the compass direction to follow from VV to CC?,0
Basic-direction Query,What's the compass heading when heading towards VV from CC?,0
Basic-direction Query,What's the compass point from VV to CC?,0
Basic-direction Query,What's the direction from VV to CC?,0
Basic-direction Query,What's the directional route between VV and CC?,0
Basic-direction Query,What's the general compass point towards VV from CC?,0
Basic-direction Query,What's the general direction between VV and CC?,0
Basic-direction Query,What's the general direction to reach VV from CC?,0
Basic-direction Query,What's the general heading from VV to CC?,0
Basic-direction Query,What's the general heading to reach VV mall from CC?,0
Basic-direction Query,What's the heading from VV to CC?,0
Basic-direction Query,What's the orientation from VV to CC?,0
Basic-direction Query,What's the orientation when traveling from VV to CC?,0
Basic-direction Query,What's the overall directional heading from VV to CC?,0
Basic-direction Query,What's the recommended compass bearing from VV to CC?,0
Basic-direction Query,What's the simplest way to determine the directional heading from VV to CC?,0
Basic-direction Query,Which way is it from VV to CC?,0
Basic-direction Query,Which way is it from VV to CC?,0
Basic-direction Query,Which way should I head from VV to CC?,0
Basic-direction Query,VV to CC azimuth.,0
Basic-direction Query,VV to CC cardinal direction.,0
Basic-direction Query,VV to CC compass bearing.,0
Basic-direction Query,VV to CC orientation.,0
Basic-direction Query,VV to CC pathway.,0
Basic-direction Query,VV to CC route guidance.,0
Basic-direction Query,VV to CC route map.,0
Basic-direction Query,VV to CC route planner.,0
Basic-direction Query,Give me the direction from VV to CC.,0
Basic-direction Query,I need directions from VV to CC.,0
Basic-direction Query,I need to find the direction from VV to CC.,0
Basic-direction Query,I want to know the direction from VV to CC.,0
Basic-direction Query,I'm curious about the direction from VV to CC.,0
Basic-direction Query,I'm looking for directions from VV to CC.,0
Basic-direction Query,Please tell me the direction to go from VV to CC.,0
Basic-direction Query,Point me in the right direction from VV to CC.,0
Basic-direction Query,VV to CC travel direction.,0
Basic-distance Query,About how far is it from VV to CC?,0
Basic-distance Query,Approximately how far is it from VV to CC?,0
Basic-distance Query,Calculate distance from VV to CC.,0
Basic-distance Query,Calculate the distance between VV and CC.,0
Basic-distance Query,Calculate the distance from VV to CC.,0
Basic-distance Query,Calculate the space between VV and CC.,0
Basic-distance Query,Calculate the spatial separation between VV and CC.,0
Basic-distance Query,Can you estimate the distance between VV and CC?,0
Basic-distance Query,Can you give me a rough estimate of the distance from VV to CC?,0
Basic-distance Query,Can you provide a rough estimate of the distance from VV to CC?,0
Basic-distance Query,Can you provide an estimate of the distance between VV and CC?,0
Basic-distance Query,Can you provide the distance from VV to CC?,0
Basic-distance Query,Can you provide the kilometers between VV and CC?,0
Basic-distance Query,Can you tell me the distance from VV to CC?,0
Basic-distance Query,Can you tell me the mileage between VV and CCC?,0
Basic-distance Query,Compute the distance between VV and CC for me.,0
Basic-distance Query,Could you estimate the distance from VV to CC?,0
Basic-distance Query,Could you give me an approximate mileage from VV to CC?,0
Basic-distance Query,Could you please tell me the approximate distance between VV and CC?,0
Basic-distance Query,Could you provide an estimate of the distance between VV and CC?,0
Basic-distance Query,Determine the spatial distance between VV and CC.,0
Basic-distance Query,Direct me from VV to CC.,0
Basic-distance Query,Distance between VV and CC.,0
Basic-distance Query,Distance calculation between VV and CC.,0
Basic-distance Query,Distance from VV to CC.,0
Basic-distance Query,Distance in kilometers from VV to CC.,0
Basic-distance Query,Distance in meters between VV and CC.,0
Basic-distance Query,Distance in meters from VV to CC.,0
Basic-distance Query,Distance in nautical miles from VV to CC.,0
Basic-distance Query,Distance measurement between VV and CC.,0
Basic-distance Query,Distance measurement for VV and CC.,0
Basic-distance Query,Distance query: VV to CC.,0
Basic-distance Query,Estimate the distance between VV and CC.,0
Basic-distance Query,Find the distance between VV and CC.,0
Basic-distance Query,Find the range between VV and CC.,0
Basic-distance Query,Find the spatial separation between VV and CC.,0
Basic-distance Query,Get the distance in miles between VV and CC.,0
Basic-distance Query,How far apart are VV and CC?,0
Basic-distance Query,"How far is it from VV to CC, measured in kilometers?",0
Basic-distance Query,How far is it from VV to CC?,0
Basic-distance Query,How far is VV from CC?,0
Basic-distance Query,How lengthy is the path from VV to CC?,0
Basic-distance Query,How many feet from VV to CC?,0
Basic-distance Query,How many kilometers is it from VV to CC?,0
Basic-distance Query,How many miles is it from VV to CC?,0
Basic-distance Query,How many nautical miles from VV to CC?,0
Basic-distance Query,Kilometers between VV and CC.,0
Basic-distance Query,Kilometers from VV to CC.,0
Basic-distance Query,Measure the distance between VV and CC.,0
Basic-distance Query,Measure the distance from VV to CC.,0
Basic-distance Query,Measure the gap between VV and CC.,0
Basic-distance Query,Measure the separation between VV and CC.,0
Basic-distance Query,Miles between VV and CC.,0
Basic-distance Query,Miles from VV to CC.,0
Basic-distance Query,The distance between VV and CC is what?,0
Basic-distance Query,What is the distance between VV and CC?,0
Basic-distance Query,What is the estimated distance between VV and CC?,0
Basic-distance Query,What is the rough distance between VV and CC?,0
Basic-distance Query,What's the approximate distance from VV to CC?,0
Basic-distance Query,"What's the distance between VV and CC, measured in kilometers?",0
Basic-distance Query,What's the distance between VV and CC?,0
Basic-distance Query,What's the distance from VV to CC?,0
Basic-distance Query,What's the distance in kilometers between VV and CC?,0
Basic-distance Query,What's the distance in kilometers from VV to CC?,0
Basic-distance Query,What's the distance in miles between VV and CC?,0
Basic-distance Query,What's the mileage between VV and CC?,0
Basic-distance Query,What's the rough distance from VV to CC?,0
Basic-distance Query,What's the span from VV to CC?,0
Basic-distance Query,Which way should I head from VV to CC?,0
Basic-length Query,Can you advise me on the length of LINE in RELI?,1
Basic-length Query,Can you enlighten me about the extent of RELI's LINE?,1
Basic-length Query,Can you enlighten me about the length of RELI's LINE?,1
Basic-length Query,Can you furnish the exact length of LINE in RELI?,1
Basic-length Query,Can you furnish the measurement of LINE's length in RELI?,1
Basic-length Query,Can you furnish the measurement of LINE's main facade in RELI?,1
Basic-length Query,Can you give me the dimensions of LINE in RELI?,1
Basic-length Query,Can you outline the length of LINE in RELI?,1
Basic-length Query,Can you provide details on the exact length of LINE in RELI?,1
Basic-length Query,Can you provide details on the exact length of LINE?,0
Basic-length Query,Can you provide details on the extent of LINE in RELI?,1
Basic-length Query,Can you provide details on the extent of LINE?,0
Basic-length Query,Can you provide details on the length of LINE in RELI?,1
Basic-length Query,Can you provide details on the length of LINE?,0
Basic-length Query,Can you provide insights into the extent of LINE in RELI?,1
Basic-length Query,Can you provide insights into the extent of RELI's LINE?,1
Basic-length Query,Can you provide insights into the length of LINE in RELI?,1
Basic-length Query,Can you provide insights into the length of RELI's LINE?,1
Basic-length Query,Can you provide the exact length of LINE in RELI?,1
Basic-length Query,Can you provide the exact length of LINE?,0
Basic-length Query,Can you provide the measurement of LINE's length in RELI?,1
Basic-length Query,Can you specify the length of LINE in RELI?,1
Basic-length Query,Can you tell me how long LINE is in RELI?,1
Basic-length Query,Can you tell me the distance of LINE in RELI?,1
Basic-length Query,Can you tell me the distance of RELI's LINE?,1
Basic-length Query,Can you tell me the extent of LINE in RELI?,1
Basic-length Query,Can you tell me the extent of LINE?,0
Basic-length Query,Can you tell me the extent of RELI's LINE?,1
Basic-length Query,Can you tell me the length of LINE in RELI?,1
Basic-length Query,Can you tell me the length of LINE?,0
Basic-length Query,Can you tell me the length of RELI's LINE?,1
Basic-length Query,Could you detail the length of REGION's perimeter in RERE?,1
Basic-length Query,Could you enlighten me about the extent of LINE in RELI?,1
Basic-length Query,Could you enlighten me about the length of LINE in RELI?,1
Basic-length Query,Could you enumerate the length of LINE in RELI?,1
Basic-length Query,Could you furnish the exact length of RELI's LINE?,1
Basic-length Query,Could you kindly furnish me with the length details of RELI's LINE?,1
Basic-length Query,Could you please enumerate the length of RERE's REGION perimeter?,1
Basic-length Query,Could you please furnish the specifications for the length of LINE in RELI?,1
Basic-length Query,Could you please provide the length details of LINE in RELI?,1
Basic-length Query,Could you provide details on the length of LINE in RELI?,1
Basic-length Query,Could you provide the distance of LINE in RELI?,1
Basic-length Query,Could you provide the distance of RELI's LINE?,1
Basic-length Query,Could you provide the exact length of LINE in RELI?,1
Basic-length Query,Could you provide the extent of LINE in RELI?,1
Basic-length Query,Could you provide the extent of RELI's LINE?,1
Basic-length Query,Could you provide the length of LINE in RELI?,1
Basic-length Query,Could you provide the length of RELI's LINE?,1
Basic-length Query,Could you tell me the distance of RELI's LINE?,1
Basic-length Query,Could you tell me the length of LINE in RELI?,1
Basic-length Query,Could you tell me the span of REGION in RERE?,1
Basic-length Query,Could you tell me the total length of LINE in RELI?,1
Basic-length Query,How long is LINE in RELI?,1
Basic-length Query,How long is LINE?,0
Basic-length Query,Display all LINE that are 5 km or longer.,0
Basic-length Query,Display all LINE that are 5 kilometer or longer.,0
Basic-length Query,Display all LINE that are 5 kilometers or longer.,0
Basic-length Query,Display all LINE that are 10 km or longer.,0
Basic-length Query,Display all LINE that are 10 kilometer or longer.,0
Basic-length Query,Display all LINE that are 10 kilometers or longer.,0
Basic-length Query,Display all LINE that are 15 km or longer.,0
Basic-length Query,Display all LINE that are 15 kilometer or longer.,0
Basic-length Query,Display all LINE that are 15 kilometers or longer.,0
Basic-length Query,Display all LINE that are 20 km or longer.,0
Basic-length Query,Display all LINE that are 20 kilometer or longer.,0
Basic-length Query,Display all LINE that are 20 kilometers or longer.,0
Basic-length Query,Display all LINE that are 25 km or longer.,0
Basic-length Query,Display all LINE that are 25 kilometer or longer.,0
Basic-length Query,Display all LINE that are 25 kilometers or longer.,0
Basic-length Query,How long is RELI's LINE?,1
Basic-length Query,How long is the ancient LINE in RELI?,1
Basic-length Query,How long is the bustling LINE in RELI?,1
Basic-length Query,How long is the charming LINE in RELI?,1
Basic-length Query,How long is the famous Ancient LINE in RELI?,1
Basic-length Query,How long is the historic LINE in RELI?,1
Basic-length Query,How long is the iconic LINE in RELI?,1
Basic-length Query,How long is the lively LINE in RELI?,1
Basic-length Query,How long is the majestic LINE in RELI?,1
Basic-length Query,How long is the meandering LINE in RELI?,1
Basic-length Query,How long is the picturesque LINE in RELI?,1
Basic-length Query,How long is REGION border line in RERE?,1
Basic-length Query,How long is the scenic LINE in RELI?,1
Basic-length Query,How long is the vibrant LINE in RELI?,1
Basic-length Query,How long is the winding LINE in RELI?,1
Basic-length Query,I'm interested in knowing the entire extent of LINE in RELI.,1
Basic-length Query,I'm interested in the total span of REGION in RERE.,1
Basic-length Query,I'm wondering about the length of LINE in RELI.,1
Basic-length Query,I'm wondering about the overall length of LINE in RELI.,1
Basic-length Query,Length of RELI's LINE?,1
Basic-length Query,LINE in RELI length?,1
Basic-length Query,Please advise me on the exact length of LINE in RELI.,1
Basic-length Query,Please advise me on the length of LINE in RELI.,1
Basic-length Query,Please enumerate the dimensions of LINE in RELI.,1
Basic-length Query,Please give me the measurement of LINE's length in RELI.,1
Basic-length Query,Please provide insights into the distance of LINE in RELI.,1
Basic-length Query,Please provide insights into the distance of RELI's LINE.,1
Basic-length Query,Please provide insights into the extent of LINE in RELI.,1
Basic-length Query,Please provide insights into the extent of RELI's LINE.,1
Basic-length Query,Please provide insights into the length of LINE in RELI.,1
Basic-length Query,Please provide insights into the length of RELI's LINE.,1
Basic-length Query,Please provide the distance of RELI's LINE.,1
Basic-length Query,Please provide the exact extent of LINE in RELI.,1
Basic-length Query,Please provide the extent of LINE in RELI.,1
Basic-length Query,Please provide the extent of RELI's LINE.,1
Basic-length Query,Please provide the length of LINE in RELI.,1
Basic-length Query,Please tell me the distance of RELI's LINE.,1
Basic-length Query,Please tell me the extent of LINE in RELI.,1
Basic-length Query,Please tell me the length of LINE in RELI.,1
Basic-length Query,Provide the extent of RELI's LINE.,1
Basic-length Query,Provide the length details of RELI's LINE.,1
Basic-length Query,Provide the length details of REGION's perimeter in RERE.,1
Basic-length Query,RELI's LINE extent?,1
Basic-length Query,RELI's LINE length?,1
Basic-length Query,What is the extent of RELI's LINE?,1
Basic-length Query,What is the length of RELI's LINE?,1
Basic-length Query,What is the overall length of LINE in RELI?,1
Basic-length Query,What is the overall span of LINE from its source to mouth in RELI?,1
Basic-length Query,What is the total length of LINE in RELI?,1
Basic-length Query,What's the distance along LINE in RELI?,1
Basic-length Query,What's the distance covered by LINE in RELI?,1
Basic-length Query,What's the distance of LINE in RELI?,1
Basic-length Query,What's the distance of RELI's LINE?,1
Basic-length Query,What's the extent of LINE in RELI?,1
Basic-length Query,What's the extent of RELI's LINE?,1
Basic-length Query,What's the length of LINE in RELI?,1
Basic-length Query,What's the length of RELI's LINE?,1
Basic-length Query,What's the total length of LINE in RELI?,1
Basic-length Query,What's the total span of LINE in RELI?,1
Distance Join Query,Are there any LINE within X kilometers of each LINE?,0
Distance Join Query,Are there any LINE within X kilometers of each POINT?,0
Distance Join Query,Are there any LINE within X kilometers of each REGION?,0
Distance Join Query,Are there any POINT within X kilometers of each LINE?,0
Distance Join Query,Are there any POINT within X kilometers of each POINT?,0
Distance Join Query,Are there any POINT within X kilometers of each POINT?,0
Distance Join Query,Are there any POINT within X kilometers of each REGION?,0
Distance Join Query,Are there any POINT within X kilometers of each REGION?,0
Distance Join Query,Are there any REGION within X kilometers of each LINE?,0
Distance Join Query,Are there any REGION within X kilometers of each POINT?,0
Distance Join Query,Are there any REGION within X kilometers of each POINT?,0
Distance Join Query,Are there any REGION within X kilometers of each REGION?,0
Distance Join Query,Are there any REGION within X kilometers of each REGION?,0
Distance Join Query,Calculate the driving distance from LINE to LINE in RELI.,1
Distance Join Query,Calculate the driving distance from LINE to POINT in REPO.,1
Distance Join Query,Calculate the driving distance from LINE to REGION in RERE.,1
Distance Join Query,Calculate the driving distance from POINT to LINE in RELI.,1
Distance Join Query,Calculate the driving distance from POINT to POINT in REPO.,1
Distance Join Query,Calculate the driving distance from POINT to REGION in RERE.,1
Distance Join Query,Calculate the driving distance from REGION to LINE in RELI.,1
Distance Join Query,Calculate the driving distance from REGION to POINT in REPO.,1
Distance Join Query,Calculate the driving distance from REGION to REGION in RERE.,1
Distance Join Query,Can you provide the flight distance from LINE to LINE in RELI.,1
Distance Join Query,Can you provide the flight distance from LINE to POINT in REPO.,1
Distance Join Query,Can you provide the flight distance from LINE to REGION in RERE.,1
Distance Join Query,Can you provide the flight distance from POINT to LINE in RELI.,1
Distance Join Query,Can you provide the flight distance from POINT to POINT in REPO.,1
Distance Join Query,Can you provide the flight distance from POINT to REGION in RERE.,1
Distance Join Query,Can you provide the flight distance from REGION to LINE in RELI.,1
Distance Join Query,Can you provide the flight distance from REGION to POINT in REPO.,1
Distance Join Query,Can you provide the flight distance from REGION to REGION in RERE.,1
Distance Join Query,Can you recommend any LINE within X kilometer of each LINE?,0
Distance Join Query,Can you recommend any LINE within X kilometer of each POINT?,0
Distance Join Query,Can you recommend any LINE within X kilometer of each REGION?,0
Distance Join Query,Can you recommend any LINE within X kilometers of each LINE?,0
Distance Join Query,Can you recommend any LINE within X kilometers of each POINT?,0
Distance Join Query,Can you recommend any LINE within X kilometers of each REGION?,0
Distance Join Query,Can you recommend any POINT within X kilometer of each LINE?,0
Distance Join Query,Can you recommend any POINT within X kilometer of each POINT?,0
Distance Join Query,Can you recommend any POINT within X kilometer of each REGION?,0
Distance Join Query,Can you recommend any POINT within X kilometers of each LINE?,0
Distance Join Query,Can you recommend any POINT within X kilometers of each POINT?,0
Distance Join Query,Can you recommend any POINT within X kilometers of each REGION?,0
Distance Join Query,Can you recommend any REGION within X kilometer of each LINE?,0
Distance Join Query,Can you recommend any REGION within X kilometer of each POINT?,0
Distance Join Query,Can you recommend any REGION within X kilometer of each REGION?,0
Distance Join Query,Can you recommend any REGION within X kilometers of each LINE?,0
Distance Join Query,Can you recommend any REGION within X kilometers of each POINT?,0
Distance Join Query,Can you recommend any REGION within X kilometers of each REGION?,0
Distance Join Query,Can you suggest any LINE within X kilometers of each LINE?,0
Distance Join Query,Can you suggest any LINE within X kilometers of each LINE?,0
Distance Join Query,Can you suggest any LINE within X kilometers of each POINT?,0
Distance Join Query,Can you suggest any LINE within X kilometers of each POINT?,0
Distance Join Query,Can you suggest any LINE within X kilometers of each REGION?,0
Distance Join Query,Can you suggest any LINE within X kilometers of each REGION?,0
Distance Join Query,Can you suggest any POINT within X kilometers of each LINE?,0
Distance Join Query,Can you suggest any POINT within X kilometers of each LINE?,0
Distance Join Query,Can you suggest any POINT within X kilometers of each POINT?,0
Distance Join Query,Can you suggest any POINT within X kilometers of each POINT?,0
Distance Join Query,Can you suggest any POINT within X kilometers of each REGION?,0
Distance Join Query,Can you suggest any POINT within X kilometers of each REGION?,0
Distance Join Query,Can you suggest any REGION within X kilometers of each LINE?,0
Distance Join Query,Can you suggest any REGION within X kilometers of each LINE?,0
Distance Join Query,Can you suggest any REGION within X kilometers of each POINT?,0
Distance Join Query,Can you suggest any REGION within X kilometers of each POINT?,0
Distance Join Query,Can you suggest any REGION within X kilometers of each REGION?,0
Distance Join Query,Can you suggest any REGION within X kilometers of each REGION?,0
Distance Join Query,Could you provide information on the LINE within X kilometers of each LINE?,0
Distance Join Query,Could you provide information on the LINE within X kilometers of each POINT?,0
Distance Join Query,Could you provide information on the LINE within X kilometers of each REGION?,0
Distance Join Query,Could you provide information on the POINT within X kilometers of each LINE?,0
Distance Join Query,Could you provide information on the POINT within X kilometers of each POINT?,0
Distance Join Query,Could you provide information on the POINT within X kilometers of each REGION?,0
Distance Join Query,Could you provide information on the REGION within X kilometers of each LINE?,0
Distance Join Query,Could you provide information on the REGION within X kilometers of each POINT?,0
Distance Join Query,Could you provide information on the REGION within X kilometers of each REGION?,0
Distance Join Query,Could you tell me which LINE are within X kilometer of each LINE?,0
Distance Join Query,Could you tell me which LINE are within X kilometer of each POINT?,0
Distance Join Query,Could you tell me which LINE are within X kilometer of each REGION?,0
Distance Join Query,Could you tell me which POINT are within X kilometer of each LINE?,0
Distance Join Query,Could you tell me which POINT are within X kilometer of each POINT?,0
Distance Join Query,Could you tell me which POINT are within X kilometer of each REGION?,0
Distance Join Query,Could you tell me which REGION are within X kilometer of each LINE?,0
Distance Join Query,Could you tell me which REGION are within X kilometer of each POINT?,0
Distance Join Query,Could you tell me which REGION are within X kilometer of each REGION?,0
Distance Join Query,Determine the travel time from LINE to LINE in RELI.,1
Distance Join Query,Determine the travel time from LINE to POINT in REPO.,1
Distance Join Query,Determine the travel time from LINE to REGION in RERE.,1
Distance Join Query,Determine the travel time from POINT to LINE in RELI.,1
Distance Join Query,Determine the travel time from POINT to POINT in REPO.,1
Distance Join Query,Determine the travel time from POINT to REGION in RERE.,1
Distance Join Query,Determine the travel time from REGION to LINE in RELI.,1
Distance Join Query,Determine the travel time from REGION to POINT in REPO.,1
Distance Join Query,Determine the travel time from REGION to REGION in RERE.,1
Distance Join Query,"Find the closest LINE to each LINE, considering a maximum distance of X miles.",0
Distance Join Query,"Find the closest LINE to each POINT, considering a maximum distance of X miles.",0
Distance Join Query,"Find the closest LINE to each REGION, considering a maximum distance of X miles.",0
Distance Join Query,"Find the closest POINT to each LINE, considering a maximum distance of X miles.",0
Distance Join Query,"Find the closest POINT to each POINT, considering a maximum distance of X miles.",0
Distance Join Query,"Find the closest POINT to each REGION, considering a maximum distance of X miles.",0
Distance Join Query,"Find the closest REGION to each LINE, considering a maximum distance of X miles.",0
Distance Join Query,"Find the closest REGION to each POINT, considering a maximum distance of X miles.",0
Distance Join Query,"Find the closest REGION to each REGION, considering a maximum distance of X miles.",0
Distance Join Query,Find the distance between LINE to LINE in RELI.,1
Distance Join Query,Find the distance between LINE to POINT in REPO.,1
Distance Join Query,Find the distance between LINE to REGION in RERE.,1
Distance Join Query,Find the distance between POINT to LINE in RELI.,1
Distance Join Query,Find the distance between POINT to POINT in REPO.,1
Distance Join Query,Find the distance between POINT to REGION in RERE.,1
Distance Join Query,Find the distance between REGION to LINE in RELI.,1
Distance Join Query,Find the distance between REGION to POINT in REPO.,1
Distance Join Query,Find the distance between REGION to REGION in RERE.,1
Distance Join Query,Identify the LINE within X kilometers of each LINE.,0
Distance Join Query,Identify the LINE within X kilometers of each POINT.,0
Distance Join Query,Identify the LINE within X kilometers of each REGION.,0
Distance Join Query,Identify the POINT within X kilometers of each LINE.,0
Distance Join Query,Identify the POINT within X kilometers of each POINT.,0
Distance Join Query,Identify the POINT within X kilometers of each REGION.,0
Distance Join Query,Identify the REGION within X kilometers of each LINE.,0
Distance Join Query,Identify the REGION within X kilometers of each POINT.,0
Distance Join Query,Identify the REGION within X kilometers of each REGION.,0
Distance Join Query,I'm interested in knowing the nearby LINE are within X kilometer of each LINE.,0
Distance Join Query,I'm interested in knowing the nearby LINE are within X kilometer of each POINT.,0
Distance Join Query,I'm interested in knowing the nearby LINE are within X kilometer of each REGION.,0
Distance Join Query,I'm interested in knowing the nearby POINT are within X kilometer of each LINE.,0
Distance Join Query,I'm interested in knowing the nearby POINT are within X kilometer of each POINT.,0
Distance Join Query,I'm interested in knowing the nearby POINT are within X kilometer of each REGION.,0
Distance Join Query,I'm interested in knowing the nearby REGION are within X kilometer of each LINE.,0
Distance Join Query,I'm interested in knowing the nearby REGION are within X kilometer of each POINT.,0
Distance Join Query,I'm interested in knowing the nearby REGION are within X kilometer of each REGION.,0
Distance Join Query,LINE near each LINE within Xkm?,0
Distance Join Query,LINE near each POINT within Xkm?,0
Distance Join Query,LINE near each REGION within Xkm?,0
Distance Join Query,LINE within Xkm of each LINE?,0
Distance Join Query,LINE within Xkm of each POINT?,0
Distance Join Query,LINE within Xkm of each REGION?,0
Distance Join Query,List LINE within X kilometers of each LINE.,0
Distance Join Query,List LINE within X kilometers of each POINT.,0
Distance Join Query,List LINE within X kilometers of each REGION.,0
Distance Join Query,List POINT within X kilometers of each LINE.,0
Distance Join Query,List POINT within X kilometers of each POINT.,0
Distance Join Query,List POINT within X kilometers of each REGION.,0
Distance Join Query,List REGION within X kilometers of each LINE.,0
Distance Join Query,List REGION within X kilometers of each POINT.,0
Distance Join Query,List REGION within X kilometers of each REGION.,0
Distance Join Query,List the walking distance from LINE to LINE in RELI.,1
Distance Join Query,List the walking distance from LINE to POINT in REPO.,1
Distance Join Query,List the walking distance from LINE to REGION in RERE.,1
Distance Join Query,List the walking distance from POINT to LINE in RELI.,1
Distance Join Query,List the walking distance from POINT to POINT in REPO.,1
Distance Join Query,List the walking distance from POINT to REGION in RERE.,1
Distance Join Query,List the walking distance from REGION to LINE in RELI.,1
Distance Join Query,List the walking distance from REGION to POINT in REPO.,1
Distance Join Query,List the walking distance from REGION to REGION in RERE.,1
Distance Join Query,Locate the LINE that are within a X-mile radius of each LINE.,0
Distance Join Query,Locate the LINE that are within a X-mile radius of each POINT.,0
Distance Join Query,Locate the LINE that are within a X-mile radius of each REGION.,0
Distance Join Query,Locate the POINT that are within a X-mile radius of each LINE.,0
Distance Join Query,Locate the POINT that are within a X-mile radius of each POINT.,0
Distance Join Query,Locate the POINT that are within a X-mile radius of each REGION.,0
Distance Join Query,Locate the REGION that are within a X-mile radius of each LINE.,0
Distance Join Query,Locate the REGION that are within a X-mile radius of each POINT.,0
Distance Join Query,Locate the REGION that are within a X-mile radius of each REGION.,0
Distance Join Query,Please list LINE within X kilometers of each LINE.,0
Distance Join Query,Please list LINE within X kilometers of each POINT.,0
Distance Join Query,Please list LINE within X kilometers of each REGION.,0
Distance Join Query,Please list POINT within X kilometers of each LINE.,0
Distance Join Query,Please list POINT within X kilometers of each POINT.,0
Distance Join Query,Please list POINT within X kilometers of each REGION.,0
Distance Join Query,Please list REGION within X kilometers of each LINE.,0
Distance Join Query,Please list REGION within X kilometers of each POINT.,0
Distance Join Query,Please list REGION within X kilometers of each REGION.,0
Distance Join Query,Please provide a list of LINE that are within X kilometers of each LINE.,0
Distance Join Query,Please provide a list of LINE that are within X kilometers of each POINT.,0
Distance Join Query,Please provide a list of LINE that are within X kilometers of each REGION.,0
Distance Join Query,Please provide a list of POINT that are within X kilometers of each LINE.,0
Distance Join Query,Please provide a list of POINT that are within X kilometers of each POINT.,0
Distance Join Query,Please provide a list of POINT that are within X kilometers of each REGION.,0
Distance Join Query,Please provide a list of REGION that are within X kilometers of each LINE.,0
Distance Join Query,Please provide a list of REGION that are within X kilometers of each POINT.,0
Distance Join Query,Please provide a list of REGION that are within X kilometers of each REGION.,0
Distance Join Query,POINT near each LINE within Xkm?,0
Distance Join Query,POINT near each POINT within Xkm?,0
Distance Join Query,POINT near each REGION within Xkm?,0
Distance Join Query,POINT within Xkm of each LINE?,0
Distance Join Query,POINT within Xkm of each POINT?,0
Distance Join Query,POINT within Xkm of each REGION?,0
Distance Join Query,Provide a list of LINE that are within X kilometers of each LINE.,0
Distance Join Query,Provide a list of LINE that are within X kilometers of each POINT.,0
Distance Join Query,Provide a list of LINE that are within X kilometers of each REGION.,0
Distance Join Query,Provide a list of POINT that are within X kilometers of each LINE.,0
Distance Join Query,Provide a list of POINT that are within X kilometers of each POINT.,0
Distance Join Query,Provide a list of POINT that are within X kilometers of each REGION.,0
Distance Join Query,Provide a list of REGION that are within X kilometers of each LINE.,0
Distance Join Query,Provide a list of REGION that are within X kilometers of each POINT.,0
Distance Join Query,Provide a list of REGION that are within X kilometers of each REGION.,0
Distance Join Query,REGION near each LINE within Xkm?,0
Distance Join Query,REGION near each POINT within Xkm?,0
Distance Join Query,REGION near each REGION within Xkm?,0
Distance Join Query,REGION within Xkm of each LINE?,0
Distance Join Query,REGION within Xkm of each POINT?,0
Distance Join Query,REGION within Xkm of each REGION?,0
Distance Join Query,Show me the LINE within X kilometers of each LINE.,0
Distance Join Query,Show me the LINE within X kilometers of each POINT.,0
Distance Join Query,Show me the LINE within X kilometers of each REGION.,0
Distance Join Query,Show me the POINT within X kilometers of each LINE.,0
Distance Join Query,Show me the POINT within X kilometers of each POINT.,0
Distance Join Query,Show me the POINT within X kilometers of each REGION.,0
Distance Join Query,Show me the REGION within X kilometers of each LINE.,0
Distance Join Query,Show me the REGION within X kilometers of each POINT.,0
Distance Join Query,Show me the REGION within X kilometers of each REGION.,0
Distance Join Query,What are LINE within X kilometers of each LINE?,0
Distance Join Query,What are LINE within X kilometers of each POINT?,0
Distance Join Query,What are LINE within X kilometers of each REGION?,0
Distance Join Query,What are POINT within X kilometers of each LINE?,0
Distance Join Query,What are POINT within X kilometers of each POINT?,0
Distance Join Query,What are POINT within X kilometers of each REGION?,0
Distance Join Query,What are REGION within X kilometers of each LINE?,0
Distance Join Query,What are REGION within X kilometers of each POINT?,0
Distance Join Query,What are REGION within X kilometers of each REGION?,0
Distance Join Query,What is the distance from LINE to LINE in RELI.,1
Distance Join Query,What is the distance from LINE to POINT in REPO.,1
Distance Join Query,What is the distance from LINE to REGION in RERE.,1
Distance Join Query,What is the distance from POINT to LINE in RELI.,1
Distance Join Query,What is the distance from POINT to POINT in REPO.,1
Distance Join Query,What is the distance from POINT to REGION in RERE.,1
Distance Join Query,What is the distance from REGION to LINE in RELI.,1
Distance Join Query,What is the distance from REGION to POINT in REPO.,1
Distance Join Query,What is the distance from REGION to REGION in RERE.,1
Distance Join Query,What is the travel time from LINE to LINE in RELI.,1
Distance Join Query,What is the travel time from LINE to POINT in REPO.,1
Distance Join Query,What is the travel time from LINE to REGION in RERE.,1
Distance Join Query,What is the travel time from POINT to LINE in RELI.,1
Distance Join Query,What is the travel time from POINT to POINT in REPO.,1
Distance Join Query,What is the travel time from POINT to REGION in RERE.,1
Distance Join Query,What is the travel time from REGION to LINE in RELI.,1
Distance Join Query,What is the travel time from REGION to POINT in REPO.,1
Distance Join Query,What is the travel time from REGION to REGION in RERE.,1
Distance Join Query,What LINE are available within X kilometers of each LINE?,0
Distance Join Query,What LINE are available within X kilometers of each POINT?,0
Distance Join Query,What LINE are available within X kilometers of each REGION?,0
Distance Join Query,What LINE are situated within X kilometer of each LINE?,0
Distance Join Query,What LINE are situated within X kilometer of each POINT?,0
Distance Join Query,What LINE are situated within X kilometer of each REGION?,0
Distance Join Query,What LINE are within X kilometer of each LINE?,0
Distance Join Query,What LINE are within X kilometer of each POINT?,0
Distance Join Query,What LINE are within X kilometer of each REGION?,0
Distance Join Query,What POINT are available within X kilometers of each LINE?,0
Distance Join Query,What POINT are available within X kilometers of each POINT?,0
Distance Join Query,What POINT are available within X kilometers of each REGION?,0
Distance Join Query,What POINT are situated within X kilometer of each LINE?,0
Distance Join Query,What POINT are situated within X kilometer of each POINT?,0
Distance Join Query,What POINT are situated within X kilometer of each REGION?,0
Distance Join Query,What POINT are within X kilometer of each LINE?,0
Distance Join Query,What POINT are within X kilometer of each POINT?,0
Distance Join Query,What POINT are within X kilometer of each REGION?,0
Distance Join Query,What REGION are available within X kilometers of each LINE?,0
Distance Join Query,What REGION are available within X kilometers of each POINT?,0
Distance Join Query,What REGION are available within X kilometers of each REGION?,0
Distance Join Query,What REGION are situated within X kilometer of each LINE?,0
Distance Join Query,What REGION are situated within X kilometer of each POINT?,0
Distance Join Query,What REGION are situated within X kilometer of each REGION?,0
Distance Join Query,What REGION are within X kilometer of each LINE?,0
Distance Join Query,What REGION are within X kilometer of each POINT?,0
Distance Join Query,What REGION are within X kilometer of each REGION?,0
Distance Join Query,Which LINE are located within X kilometer of each LINE?,0
Distance Join Query,Which LINE are located within X kilometer of each POINT?,0
Distance Join Query,Which LINE are located within X kilometer of each REGION?,0
Distance Join Query,Which LINE are within a X kilometer radius of each LINE?,0
Distance Join Query,Which LINE are within a X kilometer radius of each POINT?,0
Distance Join Query,Which LINE are within a X kilometer radius of each REGION?,0
Distance Join Query,Which LINE are within X kilometer of each LINE?,0
Distance Join Query,Which LINE are within X kilometer of each POINT?,0
Distance Join Query,Which LINE are within X kilometer of each REGION?,0
Distance Join Query,Which LINE can be found near each LINE within X kilometer?,0
Distance Join Query,Which LINE can be found near each POINT within X kilometer?,0
Distance Join Query,Which LINE can be found near each REGION within X kilometer?,0
Distance Join Query,"Which LINE can be found within close proximity to each LINE, within a X kilometer radius?",0
Distance Join Query,"Which LINE can be found within close proximity to each POINT, within a X kilometer radius?",0
Distance Join Query,"Which LINE can be found within close proximity to each REGION, within a X kilometer radius?",0
Distance Join Query,Which POINT are located within X kilometer of each LINE?,0
Distance Join Query,Which POINT are located within X kilometer of each POINT?,0
Distance Join Query,Which POINT are located within X kilometer of each REGION?,0
Distance Join Query,Which POINT are within a X kilometer radius of each LINE?,0
Distance Join Query,Which POINT are within a X kilometer radius of each POINT?,0
Distance Join Query,Which POINT are within a X kilometer radius of each REGION?,0
Distance Join Query,Which POINT are within X kilometer of each LINE?,0
Distance Join Query,Which POINT are within X kilometer of each POINT?,0
Distance Join Query,Which POINT are within X kilometer of each REGION?,0
Distance Join Query,Which POINT can be found near each LINE within X kilometer?,0
Distance Join Query,Which POINT can be found near each POINT within X kilometer?,0
Distance Join Query,Which POINT can be found near each REGION within X kilometer?,0
Distance Join Query,"Which POINT can be found within close proximity to each LINE, within a X kilometer radius?",0
Distance Join Query,"Which POINT can be found within close proximity to each POINT, within a X kilometer radius?",0
Distance Join Query,"Which POINT can be found within close proximity to each REGION, within a X kilometer radius?",0
Distance Join Query,Which REGION are located within X kilometer of each LINE?,0
Distance Join Query,Which REGION are located within X kilometer of each POINT?,0
Distance Join Query,Which REGION are located within X kilometer of each REGION?,0
Distance Join Query,Which REGION are within a X kilometer radius of each LINE?,0
Distance Join Query,Which REGION are within a X kilometer radius of each POINT?,0
Distance Join Query,Which REGION are within a X kilometer radius of each REGION?,0
Distance Join Query,Which REGION are within X kilometer of each LINE?,0
Distance Join Query,Which REGION are within X kilometer of each POINT?,0
Distance Join Query,Which REGION are within X kilometer of each REGION?,0
Distance Join Query,Which REGION can be found near each LINE within X kilometer?,0
Distance Join Query,Which REGION can be found near each POINT within X kilometer?,0
Distance Join Query,Which REGION can be found near each REGION within X kilometer?,0
Distance Join Query,"Which REGION can be found within close proximity to each LINE, within a X kilometer radius?",0
Distance Join Query,"Which REGION can be found within close proximity to each POINT, within a X kilometer radius?",0
Distance Join Query,"Which REGION can be found within close proximity to each REGION, within a X kilometer radius?",0
Nearest Neighbor Query,Can you recommend the nearest LINE to LINE?,0
Nearest Neighbor Query,Can you recommend the nearest LINE to POINT?,0
Nearest Neighbor Query,Can you recommend the nearest LINE to REGION?,0
Nearest Neighbor Query,Can you recommend the nearest POINT to LINE?,0
Nearest Neighbor Query,Can you recommend the nearest POINT to POINT?,0
Nearest Neighbor Query,Can you recommend the nearest POINT to REGION?,0
Nearest Neighbor Query,Can you recommend the nearest REGION to LINE?,0
Nearest Neighbor Query,Can you recommend the nearest REGION to POINT?,0
Nearest Neighbor Query,Can you recommend the nearest REGION to REGION?,0
Nearest Neighbor Query,Can you recommend the X closest LINE to LINE?,0
Nearest Neighbor Query,Can you recommend the X closest LINE to POINT?,0
Nearest Neighbor Query,Can you recommend the X closest LINE to REGION?,0
Nearest Neighbor Query,Can you recommend the X closest POINT to LINE?,0
Nearest Neighbor Query,Can you recommend the X closest POINT to POINT?,0
Nearest Neighbor Query,Can you recommend the X closest POINT to REGION?,0
Nearest Neighbor Query,Can you recommend the X closest REGION to LINE?,0
Nearest Neighbor Query,Can you recommend the X closest REGION to POINT?,0
Nearest Neighbor Query,Can you recommend the X closest REGION to REGION?,0
Nearest Neighbor Query,Can you recommend the X nearest LINE to LINE?,0
Nearest Neighbor Query,Can you recommend the X nearest LINE to POINT?,0
Nearest Neighbor Query,Can you recommend the X nearest LINE to REGION?,0
Nearest Neighbor Query,Can you recommend the X nearest POINT to LINE?,0
Nearest Neighbor Query,Can you recommend the X nearest POINT to POINT?,0
Nearest Neighbor Query,Can you recommend the X nearest POINT to REGION?,0
Nearest Neighbor Query,Can you recommend the X nearest REGION to LINE?,0
Nearest Neighbor Query,Can you recommend the X nearest REGION to POINT?,0
Nearest Neighbor Query,Can you recommend the X nearest REGION to REGION?,0
Nearest Neighbor Query,Can you tell me the nearest LINE to LINE?,0
Nearest Neighbor Query,Can you tell me the nearest LINE to POINT?,0
Nearest Neighbor Query,Can you tell me the nearest LINE to REGION?,0
Nearest Neighbor Query,Can you tell me the nearest POINT to LINE?,0
Nearest Neighbor Query,Can you tell me the nearest POINT to POINT?,0
Nearest Neighbor Query,Can you tell me the nearest POINT to REGION?,0
Nearest Neighbor Query,Can you tell me the nearest REGION to LINE?,0
Nearest Neighbor Query,Can you tell me the nearest REGION to POINT?,0
Nearest Neighbor Query,Can you tell me the nearest REGION to REGION?,0
Nearest Neighbor Query,Can you tell me the X closest LINE to LINE?,0
Nearest Neighbor Query,Can you tell me the X closest LINE to POINT?,0
Nearest Neighbor Query,Can you tell me the X closest LINE to REGION?,0
Nearest Neighbor Query,Can you tell me the X closest POINT to LINE?,0
Nearest Neighbor Query,Can you tell me the X closest POINT to POINT?,0
Nearest Neighbor Query,Can you tell me the X closest POINT to REGION?,0
Nearest Neighbor Query,Can you tell me the X closest REGION to LINE?,0
Nearest Neighbor Query,Can you tell me the X closest REGION to POINT?,0
Nearest Neighbor Query,Can you tell me the X closest REGION to REGION?,0
Nearest Neighbor Query,Can you tell me the X nearest LINE to LINE?,0
Nearest Neighbor Query,Can you tell me the X nearest LINE to POINT?,0
Nearest Neighbor Query,Can you tell me the X nearest LINE to REGION?,0
Nearest Neighbor Query,Can you tell me the X nearest POINT to LINE?,0
Nearest Neighbor Query,Can you tell me the X nearest POINT to POINT?,0
Nearest Neighbor Query,Can you tell me the X nearest POINT to REGION?,0
Nearest Neighbor Query,Can you tell me the X nearest REGION to LINE?,0
Nearest Neighbor Query,Can you tell me the X nearest REGION to POINT?,0
Nearest Neighbor Query,Can you tell me the X nearest REGION to REGION?,0
Nearest Neighbor Query,Delineate the closest line to LINE within LINE.,1
Nearest Neighbor Query,Delineate the closest line to POINT within LINE.,1
Nearest Neighbor Query,Delineate the closest line to REGION within LINE.,1
Nearest Neighbor Query,Delineate the closest point to LINE within POINT.,1
Nearest Neighbor Query,Delineate the closest point to POINT within POINT.,1
Nearest Neighbor Query,Delineate the closest point to REGION within POINT.,1
Nearest Neighbor Query,Delineate the closest region to LINE within REGION.,1
Nearest Neighbor Query,Delineate the closest region to POINT within REGION.,1
Nearest Neighbor Query,Delineate the closest region to REGION within REGION.,1
Nearest Neighbor Query,Determine the closest line in LINE relative to LINE.,0
Nearest Neighbor Query,Determine the closest line in LINE relative to POINT.,0
Nearest Neighbor Query,Determine the closest line in LINE relative to REGION.,0
Nearest Neighbor Query,Determine the closest LINE to LINE.,0
Nearest Neighbor Query,Determine the closest LINE to POINT.,0
Nearest Neighbor Query,Determine the closest LINE to REGION.,0
Nearest Neighbor Query,Determine the closest point in POINT relative to LINE.,0
Nearest Neighbor Query,Determine the closest point in POINT relative to POINT.,0
Nearest Neighbor Query,Determine the closest point in POINT relative to REGION.,0
Nearest Neighbor Query,Determine the closest POINT to LINE.,0
Nearest Neighbor Query,Determine the closest POINT to POINT.,0
Nearest Neighbor Query,Determine the closest POINT to REGION.,0
Nearest Neighbor Query,Determine the closest region in REGION relative to LINE.,0
Nearest Neighbor Query,Determine the closest region in REGION relative to POINT.,0
Nearest Neighbor Query,Determine the closest region in REGION relative to REGION.,0
Nearest Neighbor Query,Determine the closest REGION to LINE.,0
Nearest Neighbor Query,Determine the closest REGION to POINT.,0
Nearest Neighbor Query,Determine the closest REGION to REGION.,0
Nearest Neighbor Query,Determine the nearest line in LINE relative to LINE.,0
Nearest Neighbor Query,Determine the nearest line in LINE relative to POINT.,0
Nearest Neighbor Query,Determine the nearest line in LINE relative to REGION.,0
Nearest Neighbor Query,Determine the nearest point in POINT relative to LINE.,0
Nearest Neighbor Query,Determine the nearest point in POINT relative to POINT.,0
Nearest Neighbor Query,Determine the nearest point in POINT relative to REGION.,0
Nearest Neighbor Query,Determine the nearest region in REGION relative to LINE.,0
Nearest Neighbor Query,Determine the nearest region in REGION relative to POINT.,0
Nearest Neighbor Query,Determine the nearest region in REGION relative to REGION.,0
Nearest Neighbor Query,Find out the X LINE closest to LINE.,0
Nearest Neighbor Query,Find out the X LINE closest to POINT.,0
Nearest Neighbor Query,Find out the X LINE closest to REGION.,0
Nearest Neighbor Query,Find out the X POINT closest to LINE.,0
Nearest Neighbor Query,Find out the X POINT closest to POINT.,0
Nearest Neighbor Query,Find out the X POINT closest to REGION.,0
Nearest Neighbor Query,Find out the X REGION closest to LINE.,0
Nearest Neighbor Query,Find out the X REGION closest to POINT.,0
Nearest Neighbor Query,Find out the X REGION closest to REGION.,0
Nearest Neighbor Query,Find out which LINE is the closest to LINE.,0
Nearest Neighbor Query,Find out which LINE is the closest to POINT.,0
Nearest Neighbor Query,Find out which LINE is the closest to REGION.,0
Nearest Neighbor Query,Find out which POINT is the closest to LINE.,0
Nearest Neighbor Query,Find out which POINT is the closest to POINT.,0
Nearest Neighbor Query,Find out which POINT is the closest to REGION.,0
Nearest Neighbor Query,Find out which REGION is the closest to LINE.,0
Nearest Neighbor Query,Find out which REGION is the closest to POINT.,0
Nearest Neighbor Query,Find out which REGION is the closest to REGION.,0
Nearest Neighbor Query,Find the closest line to LINE within LINE.,1
Nearest Neighbor Query,Find the closest LINE to LINE.,0
Nearest Neighbor Query,Find the closest line to POINT within LINE.,1
Nearest Neighbor Query,Find the closest LINE to POINT.,0
Nearest Neighbor Query,Find the closest line to REGION within LINE.,1
Nearest Neighbor Query,Find the closest LINE to REGION.,0
Nearest Neighbor Query,Find the closest point to LINE within POINT.,1
Nearest Neighbor Query,Find the closest POINT to LINE.,0
Nearest Neighbor Query,Find the closest point to POINT within POINT.,1
Nearest Neighbor Query,Find the closest POINT to POINT.,0
Nearest Neighbor Query,Find the closest point to REGION within POINT.,1
Nearest Neighbor Query,Find the closest POINT to REGION.,0
Nearest Neighbor Query,Find the closest region to LINE within REGION.,1
Nearest Neighbor Query,Find the closest REGION to LINE.,0
Nearest Neighbor Query,Find the closest region to POINT within REGION.,1
Nearest Neighbor Query,Find the closest REGION to POINT.,0
Nearest Neighbor Query,Find the closest region to REGION within REGION.,1
Nearest Neighbor Query,Find the closest REGION to REGION.,0
Nearest Neighbor Query,Find the closest X LINE in the neighborhood of LINE.,0
Nearest Neighbor Query,Find the closest X LINE in the neighborhood of POINT.,0
Nearest Neighbor Query,Find the closest X LINE in the neighborhood of REGION.,0
Nearest Neighbor Query,Find the closest X POINT in the neighborhood of LINE.,0
Nearest Neighbor Query,Find the closest X POINT in the neighborhood of POINT.,0
Nearest Neighbor Query,Find the closest X POINT in the neighborhood of REGION.,0
Nearest Neighbor Query,Find the closest X REGION in the neighborhood of LINE.,0
Nearest Neighbor Query,Find the closest X REGION in the neighborhood of POINT.,0
Nearest Neighbor Query,Find the closest X REGION in the neighborhood of REGION.,0
Nearest Neighbor Query,Find the nearest line in LINE near LINE.,0
Nearest Neighbor Query,Find the nearest line in LINE near POINT.,0
Nearest Neighbor Query,Find the nearest line in LINE near REGION.,0
Nearest Neighbor Query,Find the nearest line in LINE to LINE.,0
Nearest Neighbor Query,Find the nearest line in LINE to POINT.,0
Nearest Neighbor Query,Find the nearest line in LINE to REGION.,0
Nearest Neighbor Query,Find the nearest LINE to LINE.,0
Nearest Neighbor Query,Find the nearest LINE to POINT.,0
Nearest Neighbor Query,Find the nearest LINE to REGION.,0
Nearest Neighbor Query,Find the nearest point in POINT near LINE.,0
Nearest Neighbor Query,Find the nearest point in POINT near POINT.,0
Nearest Neighbor Query,Find the nearest point in POINT near REGION.,0
Nearest Neighbor Query,Find the nearest point in POINT to LINE.,0
Nearest Neighbor Query,Find the nearest point in POINT to POINT.,0
Nearest Neighbor Query,Find the nearest point in POINT to REGION.,0
Nearest Neighbor Query,Find the nearest POINT to LINE.,0
Nearest Neighbor Query,Find the nearest POINT to POINT.,0
Nearest Neighbor Query,Find the nearest POINT to REGION.,0
Nearest Neighbor Query,Find the nearest region in REGION near LINE.,0
Nearest Neighbor Query,Find the nearest region in REGION near POINT.,0
Nearest Neighbor Query,Find the nearest region in REGION near REGION.,0
Nearest Neighbor Query,Find the nearest region in REGION to LINE.,0
Nearest Neighbor Query,Find the nearest region in REGION to POINT.,0
Nearest Neighbor Query,Find the nearest region in REGION to REGION.,0
Nearest Neighbor Query,Find the nearest REGION to LINE.,0
Nearest Neighbor Query,Find the nearest REGION to POINT.,0
Nearest Neighbor Query,Find the nearest REGION to REGION.,0
Nearest Neighbor Query,Find the X closest LINE to LINE.,0
Nearest Neighbor Query,Find the X closest LINE to POINT.,0
Nearest Neighbor Query,Find the X closest LINE to REGION.,0
Nearest Neighbor Query,Find the X closest POINT to LINE.,0
Nearest Neighbor Query,Find the X closest POINT to POINT.,0
Nearest Neighbor Query,Find the X closest POINT to REGION.,0
Nearest Neighbor Query,Find the X closest REGION to LINE.,0
Nearest Neighbor Query,Find the X closest REGION to POINT.,0
Nearest Neighbor Query,Find the X closest REGION to REGION.,0
Nearest Neighbor Query,Find the X nearest LINE to LINE.,0
Nearest Neighbor Query,Find the X nearest LINE to POINT.,0
Nearest Neighbor Query,Find the X nearest LINE to REGION.,0
Nearest Neighbor Query,Find the X nearest POINT to LINE.,0
Nearest Neighbor Query,Find the X nearest POINT to POINT.,0
Nearest Neighbor Query,Find the X nearest POINT to REGION.,0
Nearest Neighbor Query,Find the X nearest REGION to LINE.,0
Nearest Neighbor Query,Find the X nearest REGION to POINT.,0
Nearest Neighbor Query,Find the X nearest REGION to REGION.,0
Nearest Neighbor Query,Find which LINE is nearest to LINE.,0
Nearest Neighbor Query,Find which LINE is nearest to POINT.,0
Nearest Neighbor Query,Find which LINE is nearest to REGION.,0
Nearest Neighbor Query,Find which POINT is nearest to LINE.,0
Nearest Neighbor Query,Find which POINT is nearest to POINT.,0
Nearest Neighbor Query,Find which POINT is nearest to REGION.,0
Nearest Neighbor Query,Find which REGION is nearest to LINE.,0
Nearest Neighbor Query,Find which REGION is nearest to POINT.,0
Nearest Neighbor Query,Find which REGION is nearest to REGION.,0
Nearest Neighbor Query,Focus on the closest line in LINE from LINE.,0
Nearest Neighbor Query,Focus on the closest line in LINE from POINT.,0
Nearest Neighbor Query,Focus on the closest line in LINE from REGION.,0
Nearest Neighbor Query,Focus on the closest point in POINT from LINE.,0
Nearest Neighbor Query,Focus on the closest point in POINT from POINT.,0
Nearest Neighbor Query,Focus on the closest point in POINT from REGION.,0
Nearest Neighbor Query,Focus on the closest region in REGION from LINE.,0
Nearest Neighbor Query,Focus on the closest region in REGION from POINT.,0
Nearest Neighbor Query,Focus on the closest region in REGION from REGION.,0
Nearest Neighbor Query,Get the closest line near LINE in LINE.,1
Nearest Neighbor Query,Get the closest line near POINT in POINT.,1
Nearest Neighbor Query,Get the closest line near REGION in REGION.,1
Nearest Neighbor Query,Get the closest point near LINE in LINE.,1
Nearest Neighbor Query,Get the closest point near POINT in POINT.,1
Nearest Neighbor Query,Get the closest point near REGION in REGION.,1
Nearest Neighbor Query,Get the closest region near LINE in LINE.,1
Nearest Neighbor Query,Get the closest region near POINT in POINT.,1
Nearest Neighbor Query,Get the closest region near REGION in REGION.,1
Nearest Neighbor Query,Highlight the nearest line in LINE to LINE.,0
Nearest Neighbor Query,Highlight the nearest line in LINE to POINT.,0
Nearest Neighbor Query,Highlight the nearest line in LINE to REGION.,0
Nearest Neighbor Query,Highlight the nearest line to LINE in LINE.,1
Nearest Neighbor Query,Highlight the nearest line to POINT in LINE.,1
Nearest Neighbor Query,Highlight the nearest line to REGION in LINE.,1
Nearest Neighbor Query,Highlight the nearest point in POINT to LINE.,0
Nearest Neighbor Query,Highlight the nearest point in POINT to POINT.,0
Nearest Neighbor Query,Highlight the nearest point in POINT to REGION.,0
Nearest Neighbor Query,Highlight the nearest point to LINE in POINT.,1
Nearest Neighbor Query,Highlight the nearest point to POINT in POINT.,1
Nearest Neighbor Query,Highlight the nearest point to REGION in POINT.,1
Nearest Neighbor Query,Highlight the nearest region in REGION to LINE.,0
Nearest Neighbor Query,Highlight the nearest region in REGION to POINT.,0
Nearest Neighbor Query,Highlight the nearest region in REGION to REGION.,0
Nearest Neighbor Query,Highlight the nearest region to LINE in REGION.,1
Nearest Neighbor Query,Highlight the nearest region to POINT in REGION.,1
Nearest Neighbor Query,Highlight the nearest region to REGION in REGION.,1
Nearest Neighbor Query,Identify the closest line in LINE from LINE.,0
Nearest Neighbor Query,Identify the closest line in LINE from POINT.,0
Nearest Neighbor Query,Identify the closest line in LINE from REGION.,0
Nearest Neighbor Query,Identify the closest LINE to LINE.,0
Nearest Neighbor Query,Identify the closest LINE to POINT.,0
Nearest Neighbor Query,Identify the closest LINE to REGION.,0
Nearest Neighbor Query,Identify the closest point in POINT from LINE.,0
Nearest Neighbor Query,Identify the closest point in POINT from POINT.,0
Nearest Neighbor Query,Identify the closest point in POINT from REGION.,0
Nearest Neighbor Query,Identify the closest POINT to LINE.,0
Nearest Neighbor Query,Identify the closest POINT to POINT.,0
Nearest Neighbor Query,Identify the closest POINT to REGION.,0
Nearest Neighbor Query,Identify the closest region in REGION from LINE.,0
Nearest Neighbor Query,Identify the closest region in REGION from POINT.,0
Nearest Neighbor Query,Identify the closest region in REGION from REGION.,0
Nearest Neighbor Query,Identify the closest REGION to LINE.,0
Nearest Neighbor Query,Identify the closest REGION to POINT.,0
Nearest Neighbor Query,Identify the closest REGION to REGION.,0
Nearest Neighbor Query,List the X closest LINE near LINE.,0
Nearest Neighbor Query,List the X closest LINE near POINT.,0
Nearest Neighbor Query,List the X closest LINE near REGION.,0
Nearest Neighbor Query,List the X closest POINT near LINE.,0
Nearest Neighbor Query,List the X closest POINT near POINT.,0
Nearest Neighbor Query,List the X closest POINT near REGION.,0
Nearest Neighbor Query,List the X closest REGION near LINE.,0
Nearest Neighbor Query,List the X closest REGION near POINT.,0
Nearest Neighbor Query,List the X closest REGION near REGION.,0
Nearest Neighbor Query,List the X LINE closest to LINE.,0
Nearest Neighbor Query,List the X LINE closest to POINT.,0
Nearest Neighbor Query,List the X LINE closest to REGION.,0
Nearest Neighbor Query,List the X LINE that are closest to LINE.,0
Nearest Neighbor Query,List the X LINE that are closest to POINT.,0
Nearest Neighbor Query,List the X LINE that are closest to REGION.,0
Nearest Neighbor Query,List the X POINT closest to LINE.,0
Nearest Neighbor Query,List the X POINT closest to POINT.,0
Nearest Neighbor Query,List the X POINT closest to REGION.,0
Nearest Neighbor Query,List the X POINT that are closest to LINE.,0
Nearest Neighbor Query,List the X POINT that are closest to POINT.,0
Nearest Neighbor Query,List the X POINT that are closest to REGION.,0
Nearest Neighbor Query,List the X REGION closest to LINE.,0
Nearest Neighbor Query,List the X REGION closest to POINT.,0
Nearest Neighbor Query,List the X REGION closest to REGION.,0
Nearest Neighbor Query,List the X REGION that are closest to LINE.,0
Nearest Neighbor Query,List the X REGION that are closest to POINT.,0
Nearest Neighbor Query,List the X REGION that are closest to REGION.,0
Nearest Neighbor Query,Locate the closest line in LINE near LINE.,0
Nearest Neighbor Query,Locate the closest line in LINE near POINT.,0
Nearest Neighbor Query,Locate the closest line in LINE near REGION.,0
Nearest Neighbor Query,Locate the closest LINE to LINE.,0
Nearest Neighbor Query,Locate the closest LINE to POINT.,0
Nearest Neighbor Query,Locate the closest LINE to REGION.,0
Nearest Neighbor Query,Locate the closest point in POINT near LINE.,0
Nearest Neighbor Query,Locate the closest point in POINT near POINT.,0
Nearest Neighbor Query,Locate the closest point in POINT near REGION.,0
Nearest Neighbor Query,Locate the closest POINT to LINE.,0
Nearest Neighbor Query,Locate the closest POINT to POINT.,0
Nearest Neighbor Query,Locate the closest POINT to REGION.,0
Nearest Neighbor Query,Locate the closest region in REGION near LINE.,0
Nearest Neighbor Query,Locate the closest region in REGION near POINT.,0
Nearest Neighbor Query,Locate the closest region in REGION near REGION.,0
Nearest Neighbor Query,Locate the closest REGION to LINE.,0
Nearest Neighbor Query,Locate the closest REGION to POINT.,0
Nearest Neighbor Query,Locate the closest REGION to REGION.,0
Nearest Neighbor Query,Locate the nearest line in LINE from LINE.,0
Nearest Neighbor Query,Locate the nearest line in LINE from POINT.,0
Nearest Neighbor Query,Locate the nearest line in LINE from REGION.,0
Nearest Neighbor Query,Locate the nearest LINE to LINE.,0
Nearest Neighbor Query,Locate the nearest LINE to POINT.,0
Nearest Neighbor Query,Locate the nearest LINE to REGION.,0
Nearest Neighbor Query,Locate the nearest point in POINT from LINE.,0
Nearest Neighbor Query,Locate the nearest point in POINT from POINT.,0
Nearest Neighbor Query,Locate the nearest point in POINT from REGION.,0
Nearest Neighbor Query,Locate the nearest POINT to LINE.,0
Nearest Neighbor Query,Locate the nearest POINT to POINT.,0
Nearest Neighbor Query,Locate the nearest POINT to REGION.,0
Nearest Neighbor Query,Locate the nearest region in REGION from LINE.,0
Nearest Neighbor Query,Locate the nearest region in REGION from POINT.,0
Nearest Neighbor Query,Locate the nearest region in REGION from REGION.,0
Nearest Neighbor Query,Locate the nearest REGION to LINE.,0
Nearest Neighbor Query,Locate the nearest REGION to POINT.,0
Nearest Neighbor Query,Locate the nearest REGION to REGION.,0
Nearest Neighbor Query,Locate the X closest LINE to LINE.,0
Nearest Neighbor Query,Locate the X closest LINE to POINT.,0
Nearest Neighbor Query,Locate the X closest LINE to REGION.,0
Nearest Neighbor Query,Locate the X closest POINT to LINE.,0
Nearest Neighbor Query,Locate the X closest POINT to POINT.,0
Nearest Neighbor Query,Locate the X closest POINT to REGION.,0
Nearest Neighbor Query,Locate the X closest REGION to LINE.,0
Nearest Neighbor Query,Locate the X closest REGION to POINT.,0
Nearest Neighbor Query,Locate the X closest REGION to REGION.,0
Nearest Neighbor Query,Locate the X nearest LINE to LINE.,0
Nearest Neighbor Query,Locate the X nearest LINE to POINT.,0
Nearest Neighbor Query,Locate the X nearest LINE to REGION.,0
Nearest Neighbor Query,Locate the X nearest POINT to LINE.,0
Nearest Neighbor Query,Locate the X nearest POINT to POINT.,0
Nearest Neighbor Query,Locate the X nearest POINT to REGION.,0
Nearest Neighbor Query,Locate the X nearest REGION to LINE.,0
Nearest Neighbor Query,Locate the X nearest REGION to POINT.,0
Nearest Neighbor Query,Locate the X nearest REGION to REGION.,0
Nearest Neighbor Query,Pinpoint the closest line in LINE relative to LINE.,0
Nearest Neighbor Query,Pinpoint the closest line in LINE relative to POINT.,0
Nearest Neighbor Query,Pinpoint the closest line in LINE relative to REGION.,0
Nearest Neighbor Query,Pinpoint the closest point in POINT relative to LINE.,0
Nearest Neighbor Query,Pinpoint the closest point in POINT relative to POINT.,0
Nearest Neighbor Query,Pinpoint the closest point in POINT relative to REGION.,0
Nearest Neighbor Query,Pinpoint the closest region in REGION relative to LINE.,0
Nearest Neighbor Query,Pinpoint the closest region in REGION relative to POINT.,0
Nearest Neighbor Query,Pinpoint the closest region in REGION relative to REGION.,0
Nearest Neighbor Query,Please find the X closest LINE to LINE.,0
Nearest Neighbor Query,Please find the X closest LINE to POINT.,0
Nearest Neighbor Query,Please find the X closest LINE to REGION.,0
Nearest Neighbor Query,Please find the X closest POINT to LINE.,0
Nearest Neighbor Query,Please find the X closest POINT to POINT.,0
Nearest Neighbor Query,Please find the X closest POINT to REGION.,0
Nearest Neighbor Query,Please find the X closest REGION to LINE.,0
Nearest Neighbor Query,Please find the X closest REGION to POINT.,0
Nearest Neighbor Query,Please find the X closest REGION to REGION.,0
Nearest Neighbor Query,Please find the X LINE nearest LINE.,0
Nearest Neighbor Query,Please find the X LINE nearest POINT.,0
Nearest Neighbor Query,Please find the X LINE nearest REGION.,0
Nearest Neighbor Query,Please find the X nearest LINE to LINE.,0
Nearest Neighbor Query,Please find the X nearest LINE to POINT.,0
Nearest Neighbor Query,Please find the X nearest LINE to REGION.,0
Nearest Neighbor Query,Please find the X nearest POINT to LINE.,0
Nearest Neighbor Query,Please find the X nearest POINT to POINT.,0
Nearest Neighbor Query,Please find the X nearest POINT to REGION.,0
Nearest Neighbor Query,Please find the X nearest REGION to LINE.,0
Nearest Neighbor Query,Please find the X nearest REGION to POINT.,0
Nearest Neighbor Query,Please find the X nearest REGION to REGION.,0
Nearest Neighbor Query,Please find the X POINT nearest LINE.,0
Nearest Neighbor Query,Please find the X POINT nearest POINT.,0
Nearest Neighbor Query,Please find the X POINT nearest REGION.,0
Nearest Neighbor Query,Please find the X REGION nearest LINE.,0
Nearest Neighbor Query,Please find the X REGION nearest POINT.,0
Nearest Neighbor Query,Please find the X REGION nearest REGION.,0
Nearest Neighbor Query,Please tell me the nearest LINE to this LINE.,0
Nearest Neighbor Query,Please tell me the nearest LINE to this POINT.,0
Nearest Neighbor Query,Please tell me the nearest LINE to this REGION.,0
Nearest Neighbor Query,Please tell me the nearest POINT to this LINE.,0
Nearest Neighbor Query,Please tell me the nearest POINT to this POINT.,0
Nearest Neighbor Query,Please tell me the nearest POINT to this REGION.,0
Nearest Neighbor Query,Please tell me the nearest REGION to this LINE.,0
Nearest Neighbor Query,Please tell me the nearest REGION to this POINT.,0
Nearest Neighbor Query,Please tell me the nearest REGION to this REGION.,0
Nearest Neighbor Query,Please tell me the X LINE closest to LINE.,0
Nearest Neighbor Query,Please tell me the X LINE closest to POINT.,0
Nearest Neighbor Query,Please tell me the X LINE closest to REGION.,0
Nearest Neighbor Query,Please tell me the X nearest LINE near LINE?,0
Nearest Neighbor Query,Please tell me the X nearest LINE near POINT?,0
Nearest Neighbor Query,Please tell me the X nearest LINE near REGION?,0
Nearest Neighbor Query,Please tell me the X nearest LINE to this LINE.,0
Nearest Neighbor Query,Please tell me the X nearest LINE to this POINT.,0
Nearest Neighbor Query,Please tell me the X nearest LINE to this REGION.,0
Nearest Neighbor Query,Please tell me the X nearest POINT near LINE?,0
Nearest Neighbor Query,Please tell me the X nearest POINT near POINT?,0
Nearest Neighbor Query,Please tell me the X nearest POINT near REGION?,0
Nearest Neighbor Query,Please tell me the X nearest POINT to this LINE.,0
Nearest Neighbor Query,Please tell me the X nearest POINT to this POINT.,0
Nearest Neighbor Query,Please tell me the X nearest POINT to this REGION.,0
Nearest Neighbor Query,Please tell me the X nearest REGION near LINE?,0
Nearest Neighbor Query,Please tell me the X nearest REGION near POINT?,0
Nearest Neighbor Query,Please tell me the X nearest REGION near REGION?,0
Nearest Neighbor Query,Please tell me the X nearest REGION to this LINE.,0
Nearest Neighbor Query,Please tell me the X nearest REGION to this POINT.,0
Nearest Neighbor Query,Please tell me the X nearest REGION to this REGION.,0
Nearest Neighbor Query,Please tell me the X POINT closest to LINE.,0
Nearest Neighbor Query,Please tell me the X POINT closest to POINT.,0
Nearest Neighbor Query,Please tell me the X POINT closest to REGION.,0
Nearest Neighbor Query,Please tell me the X REGION closest to LINE.,0
Nearest Neighbor Query,Please tell me the X REGION closest to POINT.,0
Nearest Neighbor Query,Please tell me the X REGION closest to REGION.,0
Nearest Neighbor Query,Please tell me where is the nearest LINE to LINE.,0
Nearest Neighbor Query,Please tell me where is the nearest LINE to POINT.,0
Nearest Neighbor Query,Please tell me where is the nearest LINE to REGION.,0
Nearest Neighbor Query,Please tell me where is the nearest POINT to LINE.,0
Nearest Neighbor Query,Please tell me where is the nearest POINT to POINT.,0
Nearest Neighbor Query,Please tell me where is the nearest POINT to REGION.,0
Nearest Neighbor Query,Please tell me where is the nearest REGION to LINE.,0
Nearest Neighbor Query,Please tell me where is the nearest REGION to POINT.,0
Nearest Neighbor Query,Please tell me where is the nearest REGION to REGION.,0
Nearest Neighbor Query,Provide details of the X closest LINE to LINE.,0
Nearest Neighbor Query,Provide details of the X closest LINE to POINT.,0
Nearest Neighbor Query,Provide details of the X closest LINE to REGION.,0
Nearest Neighbor Query,Provide details of the X closest POINT to LINE.,0
Nearest Neighbor Query,Provide details of the X closest POINT to POINT.,0
Nearest Neighbor Query,Provide details of the X closest POINT to REGION.,0
Nearest Neighbor Query,Provide details of the X closest REGION to LINE.,0
Nearest Neighbor Query,Provide details of the X closest REGION to POINT.,0
Nearest Neighbor Query,Provide details of the X closest REGION to REGION.,0
Nearest Neighbor Query,Provide information about the X closest LINE to LINE.,0
Nearest Neighbor Query,Provide information about the X closest LINE to POINT.,0
Nearest Neighbor Query,Provide information about the X closest LINE to REGION.,0
Nearest Neighbor Query,Provide information about the X closest POINT to LINE.,0
Nearest Neighbor Query,Provide information about the X closest POINT to POINT.,0
Nearest Neighbor Query,Provide information about the X closest POINT to REGION.,0
Nearest Neighbor Query,Provide information about the X closest REGION to LINE.,0
Nearest Neighbor Query,Provide information about the X closest REGION to POINT.,0
Nearest Neighbor Query,Provide information about the X closest REGION to REGION.,0
Nearest Neighbor Query,Retrieve the nearest line within LINE compared to LINE.,0
Nearest Neighbor Query,Retrieve the nearest line within LINE compared to POINT.,0
Nearest Neighbor Query,Retrieve the nearest line within LINE compared to REGION.,0
Nearest Neighbor Query,Retrieve the nearest point within POINT compared to LINE.,0
Nearest Neighbor Query,Retrieve the nearest point within POINT compared to POINT.,0
Nearest Neighbor Query,Retrieve the nearest point within POINT compared to REGION.,0
Nearest Neighbor Query,Retrieve the nearest region within REGION compared to LINE.,0
Nearest Neighbor Query,Retrieve the nearest region within REGION compared to POINT.,0
Nearest Neighbor Query,Retrieve the nearest region within REGION compared to REGION.,0
Nearest Neighbor Query,Select the closest line in LINE to LINE.,0
Nearest Neighbor Query,Select the closest line in LINE to POINT.,0
Nearest Neighbor Query,Select the closest line in LINE to REGION.,0
Nearest Neighbor Query,Select the closest line to LINE within LINE.,1
Nearest Neighbor Query,Select the closest line to POINT within LINE.,1
Nearest Neighbor Query,Select the closest line to REGION within LINE.,1
Nearest Neighbor Query,Select the closest point in POINT to LINE.,0
Nearest Neighbor Query,Select the closest point in POINT to POINT.,0
Nearest Neighbor Query,Select the closest point in POINT to REGION.,0
Nearest Neighbor Query,Select the closest point to LINE within POINT.,1
Nearest Neighbor Query,Select the closest point to POINT within POINT.,1
Nearest Neighbor Query,Select the closest point to REGION within POINT.,1
Nearest Neighbor Query,Select the closest region in REGION to LINE.,0
Nearest Neighbor Query,Select the closest region in REGION to POINT.,0
Nearest Neighbor Query,Select the closest region in REGION to REGION.,0
Nearest Neighbor Query,Select the closest region to LINE within REGION.,1
Nearest Neighbor Query,Select the closest region to POINT within REGION.,1
Nearest Neighbor Query,Select the closest region to REGION within REGION.,1
Nearest Neighbor Query,Select the nearest line in LINE to LINE.,0
Nearest Neighbor Query,Select the nearest line in LINE to POINT.,0
Nearest Neighbor Query,Select the nearest line in LINE to REGION.,0
Nearest Neighbor Query,Select the nearest point in POINT to LINE.,0
Nearest Neighbor Query,Select the nearest point in POINT to POINT.,0
Nearest Neighbor Query,Select the nearest point in POINT to REGION.,0
Nearest Neighbor Query,Select the nearest region in REGION to LINE.,0
Nearest Neighbor Query,Select the nearest region in REGION to POINT.,0
Nearest Neighbor Query,Select the nearest region in REGION to REGION.,0
Nearest Neighbor Query,Show me the closest line in LINE from LINE.,0
Nearest Neighbor Query,Show me the closest line in LINE from POINT.,0
Nearest Neighbor Query,Show me the closest line in LINE from REGION.,0
Nearest Neighbor Query,Show me the closest LINE to LINE.,0
Nearest Neighbor Query,Show me the closest LINE to POINT.,0
Nearest Neighbor Query,Show me the closest LINE to REGION.,0
Nearest Neighbor Query,Show me the closest point in POINT from LINE.,0
Nearest Neighbor Query,Show me the closest point in POINT from POINT.,0
Nearest Neighbor Query,Show me the closest point in POINT from REGION.,0
Nearest Neighbor Query,Show me the closest POINT to LINE.,0
Nearest Neighbor Query,Show me the closest POINT to POINT.,0
Nearest Neighbor Query,Show me the closest POINT to REGION.,0
Nearest Neighbor Query,Show me the closest region in REGION from LINE.,0
Nearest Neighbor Query,Show me the closest region in REGION from POINT.,0
Nearest Neighbor Query,Show me the closest region in REGION from REGION.,0
Nearest Neighbor Query,Show me the closest REGION to LINE.,0
Nearest Neighbor Query,Show me the closest REGION to POINT.,0
Nearest Neighbor Query,Show me the closest REGION to REGION.,0
Nearest Neighbor Query,Show me the nearest LINE to LINE.,0
Nearest Neighbor Query,Show me the nearest LINE to POINT.,0
Nearest Neighbor Query,Show me the nearest LINE to REGION.,0
Nearest Neighbor Query,Show me the nearest POINT to LINE.,0
Nearest Neighbor Query,Show me the nearest POINT to POINT.,0
Nearest Neighbor Query,Show me the nearest POINT to REGION.,0
Nearest Neighbor Query,Show me the nearest REGION to LINE.,0
Nearest Neighbor Query,Show me the nearest REGION to POINT.,0
Nearest Neighbor Query,Show me the nearest REGION to REGION.,0
Nearest Neighbor Query,Show me the X closest LINE to LINE.,0
Nearest Neighbor Query,Show me the X closest LINE to POINT.,0
Nearest Neighbor Query,Show me the X closest LINE to REGION.,0
Nearest Neighbor Query,Show me the X closest POINT to LINE.,0
Nearest Neighbor Query,Show me the X closest POINT to POINT.,0
Nearest Neighbor Query,Show me the X closest POINT to REGION.,0
Nearest Neighbor Query,Show me the X closest REGION to LINE.,0
Nearest Neighbor Query,Show me the X closest REGION to POINT.,0
Nearest Neighbor Query,Show me the X closest REGION to REGION.,0
Nearest Neighbor Query,Show me the X nearest LINE to LINE.,0
Nearest Neighbor Query,Show me the X nearest LINE to POINT.,0
Nearest Neighbor Query,Show me the X nearest LINE to REGION.,0
Nearest Neighbor Query,Show me the X nearest POINT to LINE.,0
Nearest Neighbor Query,Show me the X nearest POINT to POINT.,0
Nearest Neighbor Query,Show me the X nearest POINT to REGION.,0
Nearest Neighbor Query,Show me the X nearest REGION to LINE.,0
Nearest Neighbor Query,Show me the X nearest REGION to POINT.,0
Nearest Neighbor Query,Show me the X nearest REGION to REGION.,0
Nearest Neighbor Query,Snapshot the nearest line in LINE to LINE.,0
Nearest Neighbor Query,Snapshot the nearest line in LINE to POINT.,0
Nearest Neighbor Query,Snapshot the nearest line in LINE to REGION.,0
Nearest Neighbor Query,Snapshot the nearest point in POINT to LINE.,0
Nearest Neighbor Query,Snapshot the nearest point in POINT to POINT.,0
Nearest Neighbor Query,Snapshot the nearest point in POINT to REGION.,0
Nearest Neighbor Query,Snapshot the nearest region in REGION to LINE.,0
Nearest Neighbor Query,Snapshot the nearest region in REGION to POINT.,0
Nearest Neighbor Query,Snapshot the nearest region in REGION to REGION.,0
Nearest Neighbor Query,What are the X closest LINE to LINE?,0
Nearest Neighbor Query,What are the X closest LINE to POINT?,0
Nearest Neighbor Query,What are the X closest LINE to REGION?,0
Nearest Neighbor Query,What are the X closest POINT to LINE?,0
Nearest Neighbor Query,What are the X closest POINT to POINT?,0
Nearest Neighbor Query,What are the X closest POINT to REGION?,0
Nearest Neighbor Query,What are the X closest REGION to LINE?,0
Nearest Neighbor Query,What are the X closest REGION to POINT?,0
Nearest Neighbor Query,What are the X closest REGION to REGION?,0
Nearest Neighbor Query,What are the X LINE closest to LINE?,0
Nearest Neighbor Query,What are the X LINE closest to POINT?,0
Nearest Neighbor Query,What are the X LINE closest to REGION?,0
Nearest Neighbor Query,What are the X nearest LINE to LINE?,0
Nearest Neighbor Query,What are the X nearest LINE to POINT?,0
Nearest Neighbor Query,What are the X nearest LINE to REGION?,0
Nearest Neighbor Query,What are the X nearest POINT to LINE?,0
Nearest Neighbor Query,What are the X nearest POINT to POINT?,0
Nearest Neighbor Query,What are the X nearest POINT to REGION?,0
Nearest Neighbor Query,What are the X nearest REGION to LINE?,0
Nearest Neighbor Query,What are the X nearest REGION to POINT?,0
Nearest Neighbor Query,What are the X nearest REGION to REGION?,0
Nearest Neighbor Query,What are the X POINT closest to LINE?,0
Nearest Neighbor Query,What are the X POINT closest to POINT?,0
Nearest Neighbor Query,What are the X POINT closest to REGION?,0
Nearest Neighbor Query,What are the X REGION closest to LINE?,0
Nearest Neighbor Query,What are the X REGION closest to POINT?,0
Nearest Neighbor Query,What are the X REGION closest to REGION?,0
Nearest Neighbor Query,What is the closest LINE to LINE?,0
Nearest Neighbor Query,What is the closest LINE to POINT?,0
Nearest Neighbor Query,What is the closest LINE to REGION?,0
Nearest Neighbor Query,What is the closest POINT to LINE?,0
Nearest Neighbor Query,What is the closest POINT to POINT?,0
Nearest Neighbor Query,What is the closest POINT to REGION?,0
Nearest Neighbor Query,What is the closest REGION to LINE?,0
Nearest Neighbor Query,What is the closest REGION to POINT?,0
Nearest Neighbor Query,What is the closest REGION to REGION?,0
Nearest Neighbor Query,What is the nearest LINE to LINE?,0
Nearest Neighbor Query,What is the nearest LINE to POINT?,0
Nearest Neighbor Query,What is the nearest LINE to REGION?,0
Nearest Neighbor Query,What is the nearest POINT to LINE?,0
Nearest Neighbor Query,What is the nearest POINT to POINT?,0
Nearest Neighbor Query,What is the nearest POINT to REGION?,0
Nearest Neighbor Query,What is the nearest REGION to LINE?,0
Nearest Neighbor Query,What is the nearest REGION to POINT?,0
Nearest Neighbor Query,What is the nearest REGION to REGION?,0
Nearest Neighbor Query,Which are the X LINE closest to LINE?,0
Nearest Neighbor Query,Which are the X LINE closest to POINT?,0
Nearest Neighbor Query,Which are the X LINE closest to REGION?,0
Nearest Neighbor Query,Which are the X POINT closest to LINE?,0
Nearest Neighbor Query,Which are the X POINT closest to POINT?,0
Nearest Neighbor Query,Which are the X POINT closest to REGION?,0
Nearest Neighbor Query,Which are the X REGION closest to LINE?,0
Nearest Neighbor Query,Which are the X REGION closest to POINT?,0
Nearest Neighbor Query,Which are the X REGION closest to REGION?,0
Nearest Neighbor Query,Which is the closest LINE to LINE?,0
Nearest Neighbor Query,Which is the closest LINE to POINT?,0
Nearest Neighbor Query,Which is the closest LINE to REGION?,0
Nearest Neighbor Query,Which is the closest POINT to LINE?,0
Nearest Neighbor Query,Which is the closest POINT to POINT?,0
Nearest Neighbor Query,Which is the closest POINT to REGION?,0
Nearest Neighbor Query,Which is the closest REGION to LINE?,0
Nearest Neighbor Query,Which is the closest REGION to POINT?,0
Nearest Neighbor Query,Which is the closest REGION to REGION?,0
Nearest Neighbor Query,Which is the nearest LINE to LINE?,0
Nearest Neighbor Query,Which is the nearest LINE to POINT?,0
Nearest Neighbor Query,Which is the nearest LINE to REGION?,0
Nearest Neighbor Query,Which is the nearest POINT to LINE?,0
Nearest Neighbor Query,Which is the nearest POINT to POINT?,0
Nearest Neighbor Query,Which is the nearest POINT to REGION?,0
Nearest Neighbor Query,Which is the nearest REGION to LINE?,0
Nearest Neighbor Query,Which is the nearest REGION to POINT?,0
Nearest Neighbor Query,Which is the nearest REGION to REGION?,0
Nearest Neighbor Query,Which LINE are the X closest to LINE?,0
Nearest Neighbor Query,Which LINE are the X closest to POINT?,0
Nearest Neighbor Query,Which LINE are the X closest to REGION?,0
Nearest Neighbor Query,Which POINT are the X closest to LINE?,0
Nearest Neighbor Query,Which POINT are the X closest to POINT?,0
Nearest Neighbor Query,Which POINT are the X closest to REGION?,0
Nearest Neighbor Query,Which REGION are the X closest to LINE?,0
Nearest Neighbor Query,Which REGION are the X closest to POINT?,0
Nearest Neighbor Query,Which REGION are the X closest to REGION?,0
Nearest Neighbor Query,Zoom in on the closest line in LINE from LINE.,0
Nearest Neighbor Query,Zoom in on the closest line in LINE from POINT.,0
Nearest Neighbor Query,Zoom in on the closest line in LINE from REGION.,0
Nearest Neighbor Query,Zoom in on the closest point in POINT from LINE.,0
Nearest Neighbor Query,Zoom in on the closest point in POINT from POINT.,0
Nearest Neighbor Query,Zoom in on the closest point in POINT from REGION.,0
Nearest Neighbor Query,Zoom in on the closest region in REGION from LINE.,0
Nearest Neighbor Query,Zoom in on the closest region in REGION from POINT.,0
Nearest Neighbor Query,Zoom in on the closest region in REGION from REGION.,0
Nearest Neighbor Query,Zoom in on the nearest line in LINE from LINE.,0
Nearest Neighbor Query,Zoom in on the nearest line in LINE from POINT.,0
Nearest Neighbor Query,Zoom in on the nearest line in LINE from REGION.,0
Nearest Neighbor Query,Zoom in on the nearest point in POINT from LINE.,0
Nearest Neighbor Query,Zoom in on the nearest point in POINT from POINT.,0
Nearest Neighbor Query,Zoom in on the nearest point in POINT from REGION.,0
Nearest Neighbor Query,Zoom in on the nearest region in REGION from LINE.,0
Nearest Neighbor Query,Zoom in on the nearest region in REGION from POINT.,0
Nearest Neighbor Query,Zoom in on the nearest region in REGION from REGION.,0
Range Query,Alert me of all lines in LINE that are X km or less from LINE.,0
Range Query,Alert me of all lines in LINE that are X km or less from POINT.,0
Range Query,Alert me of all lines in LINE that are X km or less from REGION.,0
Range Query,Alert me of all points in POINT that are X km or less from LINE.,0
Range Query,Alert me of all points in POINT that are X km or less from POINT.,0
Range Query,Alert me of all points in POINT that are X km or less from REGION.,0
Range Query,Alert me of all regions in REGION that are X km or less from LINE.,0
Range Query,Alert me of all regions in REGION that are X km or less from POINT.,0
Range Query,Alert me of all regions in REGION that are X km or less from REGION.,0
Range Query,Annotate lines in LINE located within X kilometers of LINE.,0
Range Query,Annotate lines in LINE located within X kilometers of POINT.,0
Range Query,Annotate lines in LINE located within X kilometers of REGION.,0
Range Query,Annotate points in POINT located within X kilometers of LINE.,0
Range Query,Annotate points in POINT located within X kilometers of POINT.,0
Range Query,Annotate points in POINT located within X kilometers of REGION.,0
Range Query,Annotate regions in REGION located within X kilometers of LINE.,0
Range Query,Annotate regions in REGION located within X kilometers of POINT.,0
Range Query,Annotate regions in REGION located within X kilometers of REGION.,0
Range Query,Browse for all lines in LINE that are within X kilometers from LINE.,0
Range Query,Browse for all lines in LINE that are within X kilometers from POINT.,0
Range Query,Browse for all lines in LINE that are within X kilometers from REGION.,0
Range Query,Browse for all points in POINT that are within X kilometers from LINE.,0
Range Query,Browse for all points in POINT that are within X kilometers from POINT.,0
Range Query,Browse for all points in POINT that are within X kilometers from REGION.,0
Range Query,Browse for all regions in REGION that are within X kilometers from LINE.,0
Range Query,Browse for all regions in REGION that are within X kilometers from POINT.,0
Range Query,Browse for all regions in REGION that are within X kilometers from REGION.,0
Range Query,Bulid a directory of all lines within a X km radius of LINE in LINE.,1
Range Query,Bulid a directory of all lines within a X km radius of POINT in LINE.,1
Range Query,Bulid a directory of all lines within a X km radius of REGION in LINE.,1
Range Query,Bulid a directory of all points within a X km radius of LINE in POINT.,1
Range Query,Bulid a directory of all points within a X km radius of POINT in POINT.,1
Range Query,Bulid a directory of all points within a X km radius of REGION in POINT.,1
Range Query,Bulid a directory of all regions within a X km radius of LINE in REGION.,1
Range Query,Bulid a directory of all regions within a X km radius of POINT in REGION.,1
Range Query,Bulid a directory of all regions within a X km radius of REGION in REGION.,1
Range Query,Bulid a directory of lines in LINE located within X kilometers of LINE.,0
Range Query,Bulid a directory of lines in LINE located within X kilometers of POINT.,0
Range Query,Bulid a directory of lines in LINE located within X kilometers of REGION.,0
Range Query,Bulid a directory of points in POINT located within X kilometers of LINE.,0
Range Query,Bulid a directory of points in POINT located within X kilometers of POINT.,0
Range Query,Bulid a directory of points in POINT located within X kilometers of REGION.,0
Range Query,Bulid a directory of regions in REGION located within X kilometers of LINE.,0
Range Query,Bulid a directory of regions in REGION located within X kilometers of POINT.,0
Range Query,Bulid a directory of regions in REGION located within X kilometers of REGION.,0
Range Query,Can you direct me to the LINE that are on LINE?,0
Range Query,Can you direct me to the LINE that are on REGION?,0
Range Query,Can you direct me to the POINT that are on LINE?,0
Range Query,Can you direct me to the POINT that are on REGION?,0
Range Query,Can you direct me to the REGION that are on LINE?,0
Range Query,Can you direct me to the REGION that are on REGION?,0
Range Query,Can you provide information about the LINE on LINE?,0
Range Query,Can you provide information about the LINE on REGION?,0
Range Query,Can you provide information about the POINT on LINE?,0
Range Query,Can you provide information about the POINT on REGION?,0
Range Query,Can you provide information about the REGION on LINE?,0
Range Query,Can you provide information about the REGION on REGION?,0
Range Query,Can you recommend any LINE that are on LINE?,0
Range Query,Can you recommend any LINE that are on REGION?,0
Range Query,Can you recommend any POINT that are on LINE?,0
Range Query,Can you recommend any POINT that are on REGION?,0
Range Query,Can you recommend any REGION that are on LINE?,0
Range Query,Can you recommend any REGION that are on REGION?,0
Range Query,Can you recommend the LINE located on LINE?,0
Range Query,Can you recommend the LINE located on REGION?,0
Range Query,Can you recommend the POINT located on LINE?,0
Range Query,Can you recommend the POINT located on REGION?,0
Range Query,Can you recommend the REGION located on LINE?,0
Range Query,Can you recommend the REGION located on REGION?,0
Range Query,Can you tell me the LINE operating on LINE?,0
Range Query,Can you tell me the LINE operating on POINT?,0
Range Query,Can you tell me the LINE operating on REGION?,0
Range Query,Can you tell me the POINT operating on LINE?,0
Range Query,Can you tell me the POINT operating on REGION?,0
Range Query,Can you tell me the REGION operating on LINE?,0
Range Query,Can you tell me the REGION operating on POINT?,0
Range Query,Can you tell me the REGION operating on REGION?,0
Range Query,Can you tell me which LINE are on LINE?,0
Range Query,Can you tell me which LINE are on REGION?,0
Range Query,Can you tell me which POINT are on LINE?,0
Range Query,Can you tell me which POINT are on REGION?,0
Range Query,Can you tell me which REGION are on LINE?,0
Range Query,Can you tell me which REGION are on REGION?,0
Range Query,Catalog all lines in LINE within a range of X kilometers from LINE.,0
Range Query,Catalog all lines in LINE within a range of X kilometers from POINT.,0
Range Query,Catalog all lines in LINE within a range of X kilometers from REGION.,0
Range Query,Catalog all points in POINT within a range of X kilometers from LINE.,0
Range Query,Catalog all points in POINT within a range of X kilometers from POINT.,0
Range Query,Catalog all points in POINT within a range of X kilometers from REGION.,0
Range Query,Catalog all regions in REGION within a range of X kilometers from LINE.,0
Range Query,Catalog all regions in REGION within a range of X kilometers from POINT.,0
Range Query,Catalog all regions in REGION within a range of X kilometers from REGION.,0
Range Query,Cherry-pick lines in LINE situated within a X-kilometer range of LINE.,0
Range Query,Cherry-pick lines in LINE situated within a X-kilometer range of POINT.,0
Range Query,Cherry-pick lines in LINE situated within a X-kilometer range of REGION.,0
Range Query,Cherry-pick points in POINT situated within a X-kilometer range of LINE.,0
Range Query,Cherry-pick points in POINT situated within a X-kilometer range of POINT.,0
Range Query,Cherry-pick points in POINT situated within a X-kilometer range of REGION.,0
Range Query,Cherry-pick regions in REGION situated within a X-kilometer range of LINE.,0
Range Query,Cherry-pick regions in REGION situated within a X-kilometer range of POINT.,0
Range Query,Cherry-pick regions in REGION situated within a X-kilometer range of REGION.,0
Range Query,Compile a list of all lines in LINE within a range of X kilometers from LINE.,0
Range Query,Compile a list of all lines in LINE within a range of X kilometers from POINT.,0
Range Query,Compile a list of all lines in LINE within a range of X kilometers from REGION.,0
Range Query,Compile a list of all lines within a X km radius of LINE in LINE.,1
Range Query,Compile a list of all lines within a X km radius of POINT in LINE.,1
Range Query,Compile a list of all lines within a X km radius of REGION in LINE.,1
Range Query,Compile a list of all points in POINT within a range of X kilometers from LINE.,0
Range Query,Compile a list of all points in POINT within a range of X kilometers from POINT.,0
Range Query,Compile a list of all points in POINT within a range of X kilometers from REGION.,0
Range Query,Compile a list of all points within a X km radius of LINE in POINT.,1
Range Query,Compile a list of all points within a X km radius of POINT in POINT.,1
Range Query,Compile a list of all points within a X km radius of REGION in POINT.,1
Range Query,Compile a list of all regions in REGION within a range of X kilometers from LINE.,0
Range Query,Compile a list of all regions in REGION within a range of X kilometers from POINT.,0
Range Query,Compile a list of all regions in REGION within a range of X kilometers from REGION.,0
Range Query,Compile a list of all regions within a X km radius of LINE in REGION.,1
Range Query,Compile a list of all regions within a X km radius of POINT in REGION.,1
Range Query,Compile a list of all regions within a X km radius of REGION in REGION.,1
Range Query,Could you tell me what LINE are there in LINE?,0
Range Query,Could you tell me what LINE are there in REGION?,0
Range Query,Could you tell me what LINE are there on LINE?,0
Range Query,Could you tell me what LINE are there on REGION?,0
Range Query,Could you tell me what POINT are there in REGION?,0
Range Query,Could you tell me what POINT are there on LINE?,0
Range Query,Could you tell me what POINT are there on REGION?,0
Range Query,Could you tell me what REGION are there in REGION?,0
Range Query,Could you tell me what REGION are there on LINE?,0
Range Query,Could you tell me what REGION are there on REGION?,0
Range Query,Delineate lines in LINE found within X kilometers from LINE.,0
Range Query,Delineate lines in LINE found within X kilometers from POINT.,0
Range Query,Delineate lines in LINE found within X kilometers from REGION.,0
Range Query,Delineate points in POINT found within X kilometers from LINE.,0
Range Query,Delineate points in POINT found within X kilometers from POINT.,0
Range Query,Delineate points in POINT found within X kilometers from REGION.,0
Range Query,Delineate regions in REGION found within X kilometers from LINE.,0
Range Query,Delineate regions in REGION found within X kilometers from POINT.,0
Range Query,Delineate regions in REGION found within X kilometers from REGION.,0
Range Query,Discover all LINE within a X-kilometer range of LINE.,0
Range Query,Discover all LINE within a X-kilometer range of POINT.,0
Range Query,Discover all LINE within a X-kilometer range of REGION.,0
Range Query,Discover all LINE within a X-meter radius of LINE.,0
Range Query,Discover all LINE within a X-meter radius of POINT.,0
Range Query,Discover all LINE within a X-meter radius of REGION.,0
Range Query,Discover all LINE within a X-mile radius of LINE.,0
Range Query,Discover all LINE within a X-mile radius of POINT.,0
Range Query,Discover all LINE within a X-mile radius of REGION.,0
Range Query,Discover all POINT within a X-kilometer range of LINE.,0
Range Query,Discover all POINT within a X-kilometer range of POINT.,0
Range Query,Discover all POINT within a X-kilometer range of REGION.,0
Range Query,Discover all POINT within a X-meter radius of LINE.,0
Range Query,Discover all POINT within a X-meter radius of POINT.,0
Range Query,Discover all POINT within a X-meter radius of REGION.,0
Range Query,Discover all POINT within a X-mile radius of LINE.,0
Range Query,Discover all POINT within a X-mile radius of POINT.,0
Range Query,Discover all POINT within a X-mile radius of REGION.,0
Range Query,Discover all REGION within a X-kilometer range of LINE.,0
Range Query,Discover all REGION within a X-kilometer range of POINT.,0
Range Query,Discover all REGION within a X-kilometer range of REGION.,0
Range Query,Discover all REGION within a X-meter radius of LINE.,0
Range Query,Discover all REGION within a X-meter radius of POINT.,0
Range Query,Discover all REGION within a X-meter radius of REGION.,0
Range Query,Discover all REGION within a X-mile radius of LINE.,0
Range Query,Discover all REGION within a X-mile radius of POINT.,0
Range Query,Discover all REGION within a X-mile radius of REGION.,0
Range Query,Discover lines in LINE found within X kilometers from LINE.,0
Range Query,Discover lines in LINE found within X kilometers from POINT.,0
Range Query,Discover lines in LINE found within X kilometers from REGION.,0
Range Query,Discover points in POINT found within X kilometers from LINE.,0
Range Query,Discover points in POINT found within X kilometers from POINT.,0
Range Query,Discover points in POINT found within X kilometers from REGION.,0
Range Query,Discover regions in REGION found within X kilometers from LINE.,0
Range Query,Discover regions in REGION found within X kilometers from POINT.,0
Range Query,Discover regions in REGION found within X kilometers from REGION.,0
Range Query,Display all LINE existing within a X-mile radius of LINE.,0
Range Query,Display all LINE existing within a X-mile radius of POINT.,0
Range Query,Display all LINE existing within a X-mile radius of REGION.,0
Range Query,Display all LINE found within a X-kilometer range of LINE.,0
Range Query,Display all LINE found within a X-kilometer range of POINT.,0
Range Query,Display all LINE found within a X-kilometer range of REGION.,0
Range Query,Display all POINT existing within a X-mile radius of LINE.,0
Range Query,Display all POINT existing within a X-mile radius of POINT.,0
Range Query,Display all POINT existing within a X-mile radius of REGION.,0
Range Query,Display all POINT found within a X-kilometer range of LINE.,0
Range Query,Display all POINT found within a X-kilometer range of POINT.,0
Range Query,Display all POINT found within a X-kilometer range of REGION.,0
Range Query,Display all REGION existing within a X-mile radius of LINE.,0
Range Query,Display all REGION existing within a X-mile radius of POINT.,0
Range Query,Display all REGION existing within a X-mile radius of REGION.,0
Range Query,Display all REGION found within a X-kilometer range of LINE.,0
Range Query,Display all REGION found within a X-kilometer range of POINT.,0
Range Query,Display all REGION found within a X-kilometer range of REGION.,0
Range Query,Enumerate all LINE within a range of X kilometers from LINE.,0
Range Query,Enumerate all LINE within a range of X kilometers from POINT.,0
Range Query,Enumerate all LINE within a range of X kilometers from REGION.,0
Range Query,Enumerate all LINE within a X-kilometer range of LINE.,0
Range Query,Enumerate all LINE within a X-kilometer range of POINT.,0
Range Query,Enumerate all LINE within a X-kilometer range of REGION.,0
Range Query,Enumerate all LINE within a X-meter radius of LINE.,0
Range Query,Enumerate all LINE within a X-meter radius of POINT.,0
Range Query,Enumerate all LINE within a X-meter radius of REGION.,0
Range Query,Enumerate all POINT within a range of X kilometers from LINE.,0
Range Query,Enumerate all POINT within a range of X kilometers from POINT.,0
Range Query,Enumerate all POINT within a range of X kilometers from REGION.,0
Range Query,Enumerate all POINT within a X-kilometer range of LINE.,0
Range Query,Enumerate all POINT within a X-kilometer range of POINT.,0
Range Query,Enumerate all POINT within a X-kilometer range of REGION.,0
Range Query,Enumerate all POINT within a X-meter radius of LINE.,0
Range Query,Enumerate all POINT within a X-meter radius of POINT.,0
Range Query,Enumerate all POINT within a X-meter radius of REGION.,0
Range Query,Enumerate all REGION within a range of X kilometers from LINE.,0
Range Query,Enumerate all REGION within a range of X kilometers from POINT.,0
Range Query,Enumerate all REGION within a range of X kilometers from REGION.,0
Range Query,Enumerate all REGION within a X-kilometer range of LINE.,0
Range Query,Enumerate all REGION within a X-kilometer range of POINT.,0
Range Query,Enumerate all REGION within a X-kilometer range of REGION.,0
Range Query,Enumerate all REGION within a X-meter radius of LINE.,0
Range Query,Enumerate all REGION within a X-meter radius of POINT.,0
Range Query,Enumerate all REGION within a X-meter radius of REGION.,0
Range Query,Explore all lines within a X km distance from LINE in LINE.,1
Range Query,Explore all lines within a X km distance from POINT in LINE.,1
Range Query,Explore all lines within a X km distance from REGION in LINE.,1
Range Query,Explore all points within a X km distance from LINE in POINT.,1
Range Query,Explore all points within a X km distance from POINT in POINT.,1
Range Query,Explore all points within a X km distance from REGION in POINT.,1
Range Query,Explore all regions within a X km distance from LINE in REGION.,1
Range Query,Explore all regions within a X km distance from POINT in REGION.,1
Range Query,Explore all regions within a X km distance from REGION in REGION.,1
Range Query,Find all LINE located on LINE.,0
Range Query,Find all LINE located on REGION.,0
Range Query,Find all LINE positioned within a X-kilometer radius of LINE.,0
Range Query,Find all LINE positioned within a X-kilometer radius of POINT.,0
Range Query,Find all LINE positioned within a X-kilometer radius of REGION.,0
Range Query,Find all LINE positioned within a X-kilometer range of LINE.,0
Range Query,Find all LINE positioned within a X-kilometer range of POINT.,0
Range Query,Find all LINE positioned within a X-kilometer range of REGION.,0
Range Query,Find all lines in LINE within a range of X kilometers from LINE.,0
Range Query,Find all lines in LINE within a range of X kilometers from POINT.,0
Range Query,Find all lines in LINE within a range of X kilometers from REGION.,0
Range Query,Find all lines within a X km distance from LINE in LINE.,1
Range Query,Find all lines within a X km distance from POINT in LINE.,1
Range Query,Find all lines within a X km distance from REGION in LINE.,1
Range Query,Find all POINT located on LINE.,0
Range Query,Find all POINT located on REGION.,0
Range Query,Find all POINT positioned within a X-kilometer radius of LINE.,0
Range Query,Find all POINT positioned within a X-kilometer radius of POINT.,0
Range Query,Find all POINT positioned within a X-kilometer radius of REGION.,0
Range Query,Find all POINT positioned within a X-kilometer range of LINE.,0
Range Query,Find all POINT positioned within a X-kilometer range of POINT.,0
Range Query,Find all POINT positioned within a X-kilometer range of REGION.,0
Range Query,Find all points in POINT within a range of X kilometers from LINE.,0
Range Query,Find all points in POINT within a range of X kilometers from POINT.,0
Range Query,Find all points in POINT within a range of X kilometers from REGION.,0
Range Query,Find all points within a X km distance from LINE in POINT.,1
Range Query,Find all points within a X km distance from POINT in POINT.,1
Range Query,Find all points within a X km distance from REGION in POINT.,1
Range Query,Find all REGION located on LINE.,0
Range Query,Find all REGION located on REGION.,0
Range Query,Find all REGION positioned within a X-kilometer radius of LINE.,0
Range Query,Find all REGION positioned within a X-kilometer radius of POINT.,0
Range Query,Find all REGION positioned within a X-kilometer radius of REGION.,0
Range Query,Find all REGION positioned within a X-kilometer range of LINE.,0
Range Query,Find all REGION positioned within a X-kilometer range of POINT.,0
Range Query,Find all REGION positioned within a X-kilometer range of REGION.,0
Range Query,Find all regions in REGION within a range of X kilometers from LINE.,0
Range Query,Find all regions in REGION within a range of X kilometers from POINT.,0
Range Query,Find all regions in REGION within a range of X kilometers from REGION.,0
Range Query,Find all regions within a X km distance from LINE in REGION.,1
Range Query,Find all regions within a X km distance from POINT in REGION.,1
Range Query,Find all regions within a X km distance from REGION in REGION.,1
Range Query,Find all LINE that are within 1 kilometer of LINE.,0
Range Query,Find all LINE that are within 1 kilometer of POINT.,0
Range Query,Find all LINE that are within 1 kilometer of REGION.,0
Range Query,Find all POINT that are within 1 kilometer of LINE.,0
Range Query,Find all POINT that are within 1 kilometer of POINT.,0
Range Query,Find all POINT that are within 1 kilometer of REGION.,0
Range Query,Find all REGION that are within 1 kilometer of LINE.,0
Range Query,Find all REGION that are within 1 kilometer of POINT.,0
Range Query,Find all REGION that are within 1 kilometer of REGION.,0
Range Query,Find all LINE that are within X kilometers of LINE.,0
Range Query,Find all LINE that are within X kilometers of POINT.,0
Range Query,Find all LINE that are within X kilometers of REGION.,0
Range Query,Find all POINT that are within X kilometers of LINE.,0
Range Query,Find all POINT that are within X kilometers of POINT.,0
Range Query,Find all POINT that are within X kilometers of REGION.,0
Range Query,Find all REGION that are within X kilometers of LINE.,0
Range Query,Find all REGION that are within X kilometers of POINT.,0
Range Query,Find all REGION that are within X kilometers of REGION.,0
Range Query,Find out what LINE cross the LINE.,0
Range Query,Find out what LINE cross the REGION.,0
Range Query,Find out what REGION cross the LINE.,0
Range Query,Find out what REGION cross the REGION.,0
Range Query,Find out which LINE pass through the LINE.,0
Range Query,Find out which LINE pass through the POINT.,0
Range Query,Find out which LINE pass through the REGION.,0
Range Query,Find out which POINT pass through the LINE.,0
Range Query,Find out which POINT pass through the REGION.,0
Range Query,Find out which REGION pass through the LINE.,0
Range Query,Find out which REGION pass through the REGION.,0
Range Query,Flag lines in LINE close to LINE within a X km range.,0
Range Query,Flag lines in LINE close to POINT within a X km range.,0
Range Query,Flag lines in LINE close to REGION within a X km range.,0
Range Query,Flag points in POINT close to LINE within a X km range.,0
Range Query,Flag points in POINT close to POINT within a X km range.,0
Range Query,Flag points in POINT close to REGION within a X km range.,0
Range Query,Flag regions in REGION close to LINE within a X km range.,0
Range Query,Flag regions in REGION close to POINT within a X km range.,0
Range Query,Flag regions in REGION close to REGION within a X km range.,0
Range Query,Get all lines in LINE near LINE with X km distance.,0
Range Query,Get all lines in LINE near POINT with X km distance.,0
Range Query,Get all lines in LINE near REGION with X km distance.,0
Range Query,Get all points in POINT near LINE with X km distance.,0
Range Query,Get all points in POINT near POINT with X km distance.,0
Range Query,Get all points in POINT near REGION with X km distance.,0
Range Query,Get all regions in REGION near LINE with X km distance.,0
Range Query,Get all regions in REGION near POINT with X km distance.,0
Range Query,Get all regions in REGION near REGION with X km distance.,0
Range Query,Get all LINE within 800 meters of LINE.,0
Range Query,Get all LINE within 800 meters of POINT.,0
Range Query,Get all LINE within 800 meters of REGION.,0
Range Query,Get all POINT within 800 meters of LINE.,0
Range Query,Get all POINT within 800 meters of POINT.,0
Range Query,Get all POINT within 800 meters of REGION.,0
Range Query,Get all REGION within 800 meters of LINE.,0
Range Query,Get all REGION within 800 meters of POINT.,0
Range Query,Get all REGION within 800 meters of REGION.,0
Range Query,Get all LINE within 900 meters of LINE.,0
Range Query,Get all LINE within 900 meters of POINT.,0
Range Query,Get all LINE within 900 meters of REGION.,0
Range Query,Get all POINT within 900 meters of LINE.,0
Range Query,Get all POINT within 900 meters of POINT.,0
Range Query,Get all POINT within 900 meters of REGION.,0
Range Query,Get all REGION within 900 meters of LINE.,0
Range Query,Get all REGION within 900 meters of POINT.,0
Range Query,Get all REGION within 900 meters of REGION.,0
Range Query,Get all LINE within 500 meters of LINE.,0
Range Query,Get all LINE within 500 meters of POINT.,0
Range Query,Get all LINE within 500 meters of REGION.,0
Range Query,Get all POINT within 500 meters of LINE.,0
Range Query,Get all POINT within 500 meters of POINT.,0
Range Query,Get all POINT within 500 meters of REGION.,0
Range Query,Get all REGION within 500 meters of LINE.,0
Range Query,Get all REGION within 500 meters of POINT.,0
Range Query,Get all REGION within 500 meters of REGION.,0
Range Query,Highlight lines in LINE colse to LINE within a X km range.,0
Range Query,Highlight lines in LINE colse to POINT within a X km range.,0
Range Query,Highlight lines in LINE colse to REGION within a X km range.,0
Range Query,Highlight points in POINT colse to LINE within a X km range.,0
Range Query,Highlight points in POINT colse to POINT within a X km range.,0
Range Query,Highlight points in POINT colse to REGION within a X km range.,0
Range Query,Highlight regions in REGION colse to LINE within a X km range.,0
Range Query,Highlight regions in REGION colse to POINT within a X km range.,0
Range Query,Highlight regions in REGION colse to REGION within a X km range.,0
Range Query,Identify all LINE located within a X-mile radius of LINE.,0
Range Query,Identify all LINE located within a X-mile radius of POINT.,0
Range Query,Identify all LINE located within a X-mile radius of REGION.,0
Range Query,Identify all LINE located within a X-mile range of LINE.,0
Range Query,Identify all LINE located within a X-mile range of POINT.,0
Range Query,Identify all LINE located within a X-mile range of REGION.,0
Range Query,Identify all POINT located within a X-mile radius of LINE.,0
Range Query,Identify all POINT located within a X-mile radius of POINT.,0
Range Query,Identify all POINT located within a X-mile radius of REGION.,0
Range Query,Identify all POINT located within a X-mile range of LINE.,0
Range Query,Identify all POINT located within a X-mile range of POINT.,0
Range Query,Identify all POINT located within a X-mile range of REGION.,0
Range Query,Identify all REGION located within a X-mile radius of LINE.,0
Range Query,Identify all REGION located within a X-mile radius of POINT.,0
Range Query,Identify all REGION located within a X-mile radius of REGION.,0
Range Query,Identify all REGION located within a X-mile range of LINE.,0
Range Query,Identify all REGION located within a X-mile range of POINT.,0
Range Query,Identify all REGION located within a X-mile range of REGION.,0
Range Query,Identify lines in LINE located within X kilometers of LINE.,0
Range Query,Identify lines in LINE located within X kilometers of POINT.,0
Range Query,Identify lines in LINE located within X kilometers of REGION.,0
Range Query,Identify points in POINT located within X kilometers of LINE.,0
Range Query,Identify points in POINT located within X kilometers of POINT.,0
Range Query,Identify points in POINT located within X kilometers of REGION.,0
Range Query,Identify regions in REGION located within X kilometers of LINE.,0
Range Query,Identify regions in REGION located within X kilometers of POINT.,0
Range Query,Identify regions in REGION located within X kilometers of REGION.,0
Range Query,Identify line in LINE located within X kilometers of LINE.,0
Range Query,Identify line in LINE located within X kilometers of POINT.,0
Range Query,Identify line in LINE located within X kilometers of REGION.,0
Range Query,Identify point in POINT located within X kilometers of LINE.,0
Range Query,Identify point in POINT located within X kilometers of POINT.,0
Range Query,Identify point in POINT located within X kilometers of REGION.,0
Range Query,Identify region in REGION located within X kilometers of LINE.,0
Range Query,Identify region in REGION located within X kilometers of POINT.,0
Range Query,Identify region in REGION located within X kilometers of REGION.,0
Range Query,I'm interested in the LINE on LINE. Can you suggest any?,0
Range Query,I'm interested in the LINE on REGION. Can you suggest any?,0
Range Query,I'm interested in the POINT on LINE. Can you suggest any?,0
Range Query,I'm interested in the POINT on REGION. Can you suggest any?,0
Range Query,I'm interested in the REGION on LINE. Can you suggest any?,0
Range Query,I'm interested in the REGION on REGION. Can you suggest any?,0
Range Query,I'm looking for a LINE on LINE. Can you help me find it?,0
Range Query,I'm looking for a LINE on LINE. Can you help?,0
Range Query,I'm looking for a LINE on LINE. Can you provide details?,0
Range Query,I'm looking for a LINE on LINE. Do you have any recommendations?,0
Range Query,I'm looking for a LINE on LINE. Which one is it?,0
Range Query,I'm looking for a LINE on REGION. Can you help me find it?,0
Range Query,I'm looking for a LINE on REGION. Can you help?,0
Range Query,I'm looking for a LINE on REGION. Can you provide details?,0
Range Query,I'm looking for a LINE on REGION. Do you have any recommendations?,0
Range Query,I'm looking for a LINE on REGION. Which one is it?,0
Range Query,I'm looking for a POINT on LINE. Can you help me find it?,0
Range Query,I'm looking for a POINT on LINE. Can you help?,0
Range Query,I'm looking for a POINT on LINE. Can you provide details?,0
Range Query,I'm looking for a POINT on LINE. Do you have any recommendations?,0
Range Query,I'm looking for a POINT on LINE. Which one is it?,0
Range Query,I'm looking for a POINT on REGION. Can you help me find it?,0
Range Query,I'm looking for a POINT on REGION. Can you help?,0
Range Query,I'm looking for a POINT on REGION. Can you provide details?,0
Range Query,I'm looking for a POINT on REGION. Do you have any recommendations?,0
Range Query,I'm looking for a POINT on REGION. Which one is it?,0
Range Query,I'm looking for a REGION on LINE. Can you help me find it?,0
Range Query,I'm looking for a REGION on LINE. Can you help?,0
Range Query,I'm looking for a REGION on LINE. Can you provide details?,0
Range Query,I'm looking for a REGION on LINE. Do you have any recommendations?,0
Range Query,I'm looking for a REGION on LINE. Which one is it?,0
Range Query,I'm looking for a REGION on REGION. Can you help me find it?,0
Range Query,I'm looking for a REGION on REGION. Can you help?,0
Range Query,I'm looking for a REGION on REGION. Can you provide details?,0
Range Query,I'm looking for a REGION on REGION. Do you have any recommendations?,0
Range Query,I'm looking for a REGION on REGION. Which one is it?,0
Range Query,I'm new to the area and want to know which LINE are on LINE.,0
Range Query,I'm new to the area and want to know which LINE are on REGION.,0
Range Query,I'm new to the area and want to know which POINT are on LINE.,0
Range Query,I'm new to the area and want to know which POINT are on REGION.,0
Range Query,I'm new to the area and want to know which REGION are on LINE.,0
Range Query,I'm new to the area and want to know which REGION are on REGION.,0
Range Query,I'm passing by and would like to know which LINE are on LINE.,0
Range Query,I'm passing by and would like to know which LINE are on REGION.,0
Range Query,I'm passing by and would like to know which POINT are on LINE.,0
Range Query,I'm passing by and would like to know which POINT are on REGION.,0
Range Query,I'm passing by and would like to know which REGION are on LINE.,0
Range Query,I'm passing by and would like to know which REGION are on REGION.,0
Range Query,I'm passing through and would like to know which LINE are on LINE.,0
Range Query,I'm passing through and would like to know which LINE are on REGION.,0
Range Query,I'm passing through and would like to know which POINT are on LINE.,0
Range Query,I'm passing through and would like to know which POINT are on REGION.,0
Range Query,I'm passing through and would like to know which REGION are on LINE.,0
Range Query,I'm passing through and would like to know which REGION are on REGION.,0
Range Query,I'm searching for a LINE on LINE. Can you help?,0
Range Query,I'm searching for a LINE on REGION. Can you help?,0
Range Query,I'm searching for a POINT on LINE. Can you help?,0
Range Query,I'm searching for a POINT on REGION. Can you help?,0
Range Query,I'm searching for a REGION on LINE. Can you help?,0
Range Query,I'm searching for a REGION on REGION. Can you help?,0
Range Query,I'm visiting the area and would like to explore the LINE on LINE.,0
Range Query,I'm visiting the area and would like to explore the LINE on REGION.,0
Range Query,I'm visiting the area and would like to explore the POINT on LINE.,0
Range Query,I'm visiting the area and would like to explore the POINT on REGION.,0
Range Query,I'm visiting the area and would like to explore the REGION on LINE.,0
Range Query,I'm visiting the area and would like to explore the REGION on REGION.,0
Range Query,I'm visiting the area and would like to know the LINE on LINE. Can you suggest any?,0
Range Query,I'm visiting the area and would like to know the LINE on LINE. Do you have any suggestions?,0
Range Query,I'm visiting the area and would like to know the LINE on REGION. Can you suggest any?,0
Range Query,I'm visiting the area and would like to know the LINE on REGION. Do you have any suggestions?,0
Range Query,I'm visiting the area and would like to know the POINT on LINE. Can you suggest any?,0
Range Query,I'm visiting the area and would like to know the POINT on LINE. Do you have any suggestions?,0
Range Query,I'm visiting the area and would like to know the POINT on REGION. Can you suggest any?,0
Range Query,I'm visiting the area and would like to know the POINT on REGION. Do you have any suggestions?,0
Range Query,I'm visiting the area and would like to know the REGION on LINE. Can you suggest any?,0
Range Query,I'm visiting the area and would like to know the REGION on LINE. Do you have any suggestions?,0
Range Query,I'm visiting the area and would like to know the REGION on REGION. Can you suggest any?,0
Range Query,I'm visiting the area and would like to know the REGION on REGION. Do you have any suggestions?,0
Range Query,Inquire about lines in LINE located within X kilometers of LINE.,0
Range Query,Inquire about lines in LINE located within X kilometers of POINT.,0
Range Query,Inquire about lines in LINE located within X kilometers of REGION.,0
Range Query,Inquire about points in POINT located within X kilometers of LINE.,0
Range Query,Inquire about points in POINT located within X kilometers of POINT.,0
Range Query,Inquire about points in POINT located within X kilometers of REGION.,0
Range Query,Inquire about regions in REGION located within X kilometers of LINE.,0
Range Query,Inquire about regions in REGION located within X kilometers of POINT.,0
Range Query,Inquire about regions in REGION located within X kilometers of REGION.,0
Range Query,List all LINE existing within a X-kilometer range of this LINE.,0
Range Query,List all LINE existing within a X-kilometer range of this POINT.,0
Range Query,List all LINE existing within a X-kilometer range of this REGION.,0
Range Query,List all LINE positioned within a X-kilometer radius of this LINE.,0
Range Query,List all LINE positioned within a X-kilometer radius of this POINT.,0
Range Query,List all LINE positioned within a X-kilometer radius of this REGION.,0
Range Query,List all LINE positioned within a X-kilometer range of this LINE.,0
Range Query,List all LINE positioned within a X-kilometer range of this POINT.,0
Range Query,List all LINE positioned within a X-kilometer range of this REGION.,0
Range Query,List all lines in LINE that are within X kilometers from LINE.,0
Range Query,List all lines in LINE that are within X kilometers from POINT.,0
Range Query,List all lines in LINE that are within X kilometers from REGION.,0
Range Query,List all POINT existing within a X-kilometer range of this LINE.,0
Range Query,List all POINT existing within a X-kilometer range of this POINT.,0
Range Query,List all POINT existing within a X-kilometer range of this REGION.,0
Range Query,List all POINT positioned within a X-kilometer radius of this LINE.,0
Range Query,List all POINT positioned within a X-kilometer radius of this POINT.,0
Range Query,List all POINT positioned within a X-kilometer radius of this REGION.,0
Range Query,List all POINT positioned within a X-kilometer range of this LINE.,0
Range Query,List all POINT positioned within a X-kilometer range of this POINT.,0
Range Query,List all POINT positioned within a X-kilometer range of this REGION.,0
Range Query,List all points in POINT that are within X kilometers from LINE.,0
Range Query,List all points in POINT that are within X kilometers from POINT.,0
Range Query,List all points in POINT that are within X kilometers from REGION.,0
Range Query,List all REGION existing within a X-kilometer range of this LINE.,0
Range Query,List all REGION existing within a X-kilometer range of this POINT.,0
Range Query,List all REGION existing within a X-kilometer range of this REGION.,0
Range Query,List all REGION positioned within a X-kilometer radius of this LINE.,0
Range Query,List all REGION positioned within a X-kilometer radius of this POINT.,0
Range Query,List all REGION positioned within a X-kilometer radius of this REGION.,0
Range Query,List all REGION positioned within a X-kilometer range of this LINE.,0
Range Query,List all REGION positioned within a X-kilometer range of this POINT.,0
Range Query,List all REGION positioned within a X-kilometer range of this REGION.,0
Range Query,List all regions in REGION that are within X kilometers from LINE.,0
Range Query,List all regions in REGION that are within X kilometers from POINT.,0
Range Query,List all regions in REGION that are within X kilometers from REGION.,0
Range Query,List all the LINE on LINE.,0
Range Query,List all the LINE on REGION.,0
Range Query,List all the POINT on LINE.,0
Range Query,List all the POINT on REGION.,0
Range Query,List all the REGION on LINE.,0
Range Query,List all the REGION on REGION.,0
Range Query,List the LINE on LINE.,0
Range Query,List the LINE on REGION.,0
Range Query,List the POINT on LINE.,0
Range Query,List the POINT on REGION.,0
Range Query,List the REGION on LINE.,0
Range Query,List the REGION on REGION.,0
Range Query,Locate all LINE existing within a X-mile radius of LINE.,0
Range Query,Locate all LINE existing within a X-mile radius of POINT.,0
Range Query,Locate all LINE existing within a X-mile radius of REGION.,0
Range Query,Locate all LINE existing within a X-mile range of LINE.,0
Range Query,Locate all LINE existing within a X-mile range of POINT.,0
Range Query,Locate all LINE existing within a X-mile range of REGION.,0
Range Query,Locate all POINT existing within a X-mile radius of LINE.,0
Range Query,Locate all POINT existing within a X-mile radius of POINT.,0
Range Query,Locate all POINT existing within a X-mile radius of REGION.,0
Range Query,Locate all POINT existing within a X-mile range of LINE.,0
Range Query,Locate all POINT existing within a X-mile range of POINT.,0
Range Query,Locate all POINT existing within a X-mile range of REGION.,0
Range Query,Locate all REGION existing within a X-mile radius of LINE.,0
Range Query,Locate all REGION existing within a X-mile radius of POINT.,0
Range Query,Locate all REGION existing within a X-mile radius of REGION.,0
Range Query,Locate all REGION existing within a X-mile range of LINE.,0
Range Query,Locate all REGION existing within a X-mile range of POINT.,0
Range Query,Locate all REGION existing within a X-mile range of REGION.,0
Range Query,Log all lines in LINE near LINE within X km distance.,0
Range Query,Log all lines in LINE near POINT within X km distance.,0
Range Query,Log all lines in LINE near REGION within X km distance.,0
Range Query,Log all points in POINT near LINE within X km distance.,0
Range Query,Log all points in POINT near POINT within X km distance.,0
Range Query,Log all points in POINT near REGION within X km distance.,0
Range Query,Log all regions in REGION near LINE within X km distance.,0
Range Query,Log all regions in REGION near POINT within X km distance.,0
Range Query,Log all regions in REGION near REGION within X km distance.,0
Range Query,Look up all lines within a X km distance from LINE in LINE.,1
Range Query,Look up all lines within a X km distance from POINT in LINE.,1
Range Query,Look up all lines within a X km distance from REGION in LINE.,1
Range Query,Look up all points within a X km distance from LINE in POINT.,1
Range Query,Look up all points within a X km distance from POINT in POINT.,1
Range Query,Look up all points within a X km distance from REGION in POINT.,1
Range Query,Look up all regions within a X km distance from LINE in REGION.,1
Range Query,Look up all regions within a X km distance from POINT in REGION.,1
Range Query,Look up all regions within a X km distance from REGION in REGION.,1
Range Query,Mark lines in LINE close to LINE within a X km range.,0
Range Query,Mark lines in LINE close to POINT within a X km range.,0
Range Query,Mark lines in LINE close to REGION within a X km range.,0
Range Query,Mark points in POINT close to LINE within a X km range.,0
Range Query,Mark points in POINT close to POINT within a X km range.,0
Range Query,Mark points in POINT close to REGION within a X km range.,0
Range Query,Mark regions in REGION close to LINE within a X km range.,0
Range Query,Mark regions in REGION close to POINT within a X km range.,0
Range Query,Mark regions in REGION close to REGION within a X km range.,0
Range Query,Note all lines in LINE near LINE within X km distance.,0
Range Query,Note all lines in LINE near POINT within X km distance.,0
Range Query,Note all lines in LINE near REGION within X km distance.,0
Range Query,Note all points in POINT near LINE within X km distance.,0
Range Query,Note all points in POINT near POINT within X km distance.,0
Range Query,Note all points in POINT near REGION within X km distance.,0
Range Query,Note all regions in REGION near LINE within X km distance.,0
Range Query,Note all regions in REGION near POINT within X km distance.,0
Range Query,Note all regions in REGION near REGION within X km distance.,0
Range Query,Note lines within a X km radius of LINE in LINE.,1
Range Query,Note lines within a X km radius of POINT in LINE.,1
Range Query,Note lines within a X km radius of REGION in LINE.,1
Range Query,Note points within a X km radius of LINE in POINT.,1
Range Query,Note points within a X km radius of POINT in POINT.,1
Range Query,Note points within a X km radius of REGION in POINT.,1
Range Query,Note regions within a X km radius of LINE in REGION.,1
Range Query,Note regions within a X km radius of POINT in REGION.,1
Range Query,Note regions within a X km radius of REGION in REGION.,1
Range Query,Notify me of all lines in LINE that are X km or less from LINE.,0
Range Query,Notify me of all lines in LINE that are X km or less from POINT.,0
Range Query,Notify me of all lines in LINE that are X km or less from REGION.,0
Range Query,Notify me of all points in POINT that are X km or less from LINE.,0
Range Query,Notify me of all points in POINT that are X km or less from POINT.,0
Range Query,Notify me of all points in POINT that are X km or less from REGION.,0
Range Query,Notify me of all regions in REGION that are X km or less from LINE.,0
Range Query,Notify me of all regions in REGION that are X km or less from POINT.,0
Range Query,Notify me of all regions in REGION that are X km or less from REGION.,0
Range Query,Pinpoint all LINE existing within a X-mile radius of LINE.,0
Range Query,Pinpoint all LINE existing within a X-mile radius of POINT.,0
Range Query,Pinpoint all LINE existing within a X-mile radius of REGION.,0
Range Query,Pinpoint all POINT existing within a X-mile radius of LINE.,0
Range Query,Pinpoint all POINT existing within a X-mile radius of POINT.,0
Range Query,Pinpoint all POINT existing within a X-mile radius of REGION.,0
Range Query,Pinpoint all REGION existing within a X-mile radius of LINE.,0
Range Query,Pinpoint all REGION existing within a X-mile radius of POINT.,0
Range Query,Pinpoint all REGION existing within a X-mile radius of REGION.,0
Range Query,Please list all LINE flow through the POINT.,0
Range Query,Please list all LINE flow through the REGION.,0
Range Query,Please list all the LINE pass through the LINE.,0
Range Query,Please list all the LINE pass through the POINT.,0
Range Query,Please list all the LINE pass through the REGION.,0
Range Query,Please list all the LINE that cross the LINE.,0
Range Query,Please list all the LINE that cross the REGION.,0
Range Query,Please list all the LINE that pass through the LINE.,0
Range Query,Please list all the LINE that pass through the POINT.,0
Range Query,Please list all the LINE that pass through the REGION.,0
Range Query,Please list all the LINE that run through the LINE.,0
Range Query,Please list all the LINE that run through the POINT.,0
Range Query,Please list all the LINE that run through the REGION.,0
Range Query,Please list all the POINT pass through the LINE.,0
Range Query,Please list all the POINT pass through the REGION.,0
Range Query,Please list all the POINT that pass through the LINE.,0
Range Query,Please list all the POINT that pass through the REGION.,0
Range Query,Please list all the REGION pass through the LINE.,0
Range Query,Please list all the REGION pass through the REGION.,0
Range Query,Please list all the REGION that cross the LINE.,0
Range Query,Please list all the REGION that cross the REGION.,0
Range Query,Please list all the REGION that pass through the LINE.,0
Range Query,Please list all the REGION that pass through the POINT.,0
Range Query,Please list all the REGION that pass through the REGION.,0
Range Query,Please list all the REGION that run through the LINE.,0
Range Query,Please list all the REGION that run through the REGION.,0
Range Query,Please tell me what LINE are there on LINE?,0
Range Query,Please tell me what LINE are there on REGION?,0
Range Query,Please tell me what POINT are there on LINE?,0
Range Query,Please tell me what POINT are there on REGION?,0
Range Query,Please tell me what REGION are there on LINE?,0
Range Query,Please tell me what REGION are there on REGION?,0
Range Query,Retrieve all LINE within a 500 meters of LINE.,0
Range Query,Retrieve all LINE within a 500 meters of POINT.,0
Range Query,Retrieve all LINE within a 500 meters of REGION.,0
Range Query,Retrieve all POINT within a 500 meters of LINE.,0
Range Query,Retrieve all POINT within a 500 meters of POINT.,0
Range Query,Retrieve all POINT within a 500 meters of REGION.,0
Range Query,Retrieve all REGION within a 500 meters of LINE.,0
Range Query,Retrieve all REGION within a 500 meters of POINT.,0
Range Query,Retrieve all REGION within a 500 meters of REGION.,0
Range Query,Retrieve all LINE situated within a X-mile radius of LINE.,0
Range Query,Retrieve all LINE situated within a X-mile radius of POINT.,0
Range Query,Retrieve all LINE situated within a X-mile radius of REGION.,0
Range Query,Retrieve all LINE situated within a X-mile range of LINE.,0
Range Query,Retrieve all LINE situated within a X-mile range of POINT.,0
Range Query,Retrieve all LINE situated within a X-mile range of REGION.,0
Range Query,Retrieve all POINT situated within a X-mile radius of LINE.,0
Range Query,Retrieve all POINT situated within a X-mile radius of POINT.,0
Range Query,Retrieve all POINT situated within a X-mile radius of REGION.,0
Range Query,Retrieve all POINT situated within a X-mile range of LINE.,0
Range Query,Retrieve all POINT situated within a X-mile range of POINT.,0
Range Query,Retrieve all POINT situated within a X-mile range of REGION.,0
Range Query,Retrieve all REGION situated within a X-mile radius of LINE.,0
Range Query,Retrieve all REGION situated within a X-mile radius of POINT.,0
Range Query,Retrieve all REGION situated within a X-mile radius of REGION.,0
Range Query,Retrieve all REGION situated within a X-mile range of LINE.,0
Range Query,Retrieve all REGION situated within a X-mile range of POINT.,0
Range Query,Retrieve all REGION situated within a X-mile range of REGION.,0
Range Query,Retrieve lines in LINE situated within X-kilometers range of LINE.,0
Range Query,Retrieve lines in LINE situated within X-kilometers range of POINT.,0
Range Query,Retrieve lines in LINE situated within X-kilometers range of REGION.,0
Range Query,Retrieve points in POINT situated within X-kilometers range of LINE.,0
Range Query,Retrieve points in POINT situated within X-kilometers range of POINT.,0
Range Query,Retrieve points in POINT situated within X-kilometers range of REGION.,0
Range Query,Retrieve regions in REGION situated within X-kilometers range of LINE.,0
Range Query,Retrieve regions in REGION situated within X-kilometers range of POINT.,0
Range Query,Retrieve regions in REGION situated within X-kilometers range of REGION.,0
Range Query,Reveal all LINE lots within a X-mile range of LINE.,0
Range Query,Reveal all LINE lots within a X-mile range of POINT.,0
Range Query,Reveal all LINE lots within a X-mile range of REGION.,0
Range Query,Reveal all LINE situated within a X-mile radius of LINE.,0
Range Query,Reveal all LINE situated within a X-mile radius of POINT.,0
Range Query,Reveal all LINE situated within a X-mile radius of REGION.,0
Range Query,Reveal all LINE within a X-mile range of LINE.,0
Range Query,Reveal all LINE within a X-mile range of POINT.,0
Range Query,Reveal all LINE within a X-mile range of REGION.,0
Range Query,Reveal all POINT lots within a X-mile range of LINE.,0
Range Query,Reveal all POINT lots within a X-mile range of POINT.,0
Range Query,Reveal all POINT lots within a X-mile range of REGION.,0
Range Query,Reveal all POINT situated within a X-mile radius of LINE.,0
Range Query,Reveal all POINT situated within a X-mile radius of POINT.,0
Range Query,Reveal all POINT situated within a X-mile radius of REGION.,0
Range Query,Reveal all POINT within a X-mile range of LINE.,0
Range Query,Reveal all POINT within a X-mile range of POINT.,0
Range Query,Reveal all POINT within a X-mile range of REGION.,0
Range Query,Reveal all REGION lots within a X-mile range of LINE.,0
Range Query,Reveal all REGION lots within a X-mile range of POINT.,0
Range Query,Reveal all REGION lots within a X-mile range of REGION.,0
Range Query,Reveal all REGION situated within a X-mile radius of LINE.,0
Range Query,Reveal all REGION situated within a X-mile radius of POINT.,0
Range Query,Reveal all REGION situated within a X-mile radius of REGION.,0
Range Query,Reveal all REGION within a X-mile range of LINE.,0
Range Query,Reveal all REGION within a X-mile range of POINT.,0
Range Query,Reveal all REGION within a X-mile range of REGION.,0
Range Query,Scan for all lines in LINE that are within X kilometers from LINE.,0
Range Query,Scan for all lines in LINE that are within X kilometers from POINT.,0
Range Query,Scan for all lines in LINE that are within X kilometers from REGION.,0
Range Query,Scan for all points in POINT that are within X kilometers from LINE.,0
Range Query,Scan for all points in POINT that are within X kilometers from POINT.,0
Range Query,Scan for all points in POINT that are within X kilometers from REGION.,0
Range Query,Scan for all regions in REGION that are within X kilometers from LINE.,0
Range Query,Scan for all regions in REGION that are within X kilometers from POINT.,0
Range Query,Scan for all regions in REGION that are within X kilometers from REGION.,0
Range Query,Scearch for lines in LINE situated within a X-kilometer range of LINE.,0
Range Query,Scearch for lines in LINE situated within a X-kilometer range of POINT.,0
Range Query,Scearch for lines in LINE situated within a X-kilometer range of REGION.,0
Range Query,Scearch for points in POINT situated within a X-kilometer range of LINE.,0
Range Query,Scearch for points in POINT situated within a X-kilometer range of POINT.,0
Range Query,Scearch for points in POINT situated within a X-kilometer range of REGION.,0
Range Query,Scearch for regions in REGION situated within a X-kilometer range of LINE.,0
Range Query,Scearch for regions in REGION situated within a X-kilometer range of POINT.,0
Range Query,Scearch for regions in REGION situated within a X-kilometer range of REGION.,0
Range Query,Select lines in LINE within a X km radius of LINE.,0
Range Query,Select lines in LINE within a X km radius of POINT.,0
Range Query,Select lines in LINE within a X km radius of REGION.,0
Range Query,Select points in POINT within a X km radius of LINE.,0
Range Query,Select points in POINT within a X km radius of POINT.,0
Range Query,Select points in POINT within a X km radius of REGION.,0
Range Query,Select regions in REGION within a X km radius of LINE.,0
Range Query,Select regions in REGION within a X km radius of POINT.,0
Range Query,Select regions in REGION within a X km radius of REGION.,0
Range Query,Select all LINE that are within X kilometers of LINE.,0
Range Query,Select all LINE that are within X kilometers of POINT.,0
Range Query,Select all LINE that are within X kilometers of REGION.,0
Range Query,Select all POINT that are within X kilometers of LINE.,0
Range Query,Select all POINT that are within X kilometers of POINT.,0
Range Query,Select all POINT that are within X kilometers of REGION.,0
Range Query,Select all REGION that are within X kilometers of LINE.,0
Range Query,Select all REGION that are within X kilometers of POINT.,0
Range Query,Select all REGION that are within X kilometers of REGION.,0
Range Query,Show all LINE existing within a X-mile radius of LINE.,0
Range Query,Show all LINE existing within a X-mile radius of POINT.,0
Range Query,Show all LINE existing within a X-mile radius of REGION.,0
Range Query,Show all LINE found within a X-mile radius of LINE.,0
Range Query,Show all LINE found within a X-mile radius of POINT.,0
Range Query,Show all LINE found within a X-mile radius of REGION.,0
Range Query,Show all LINE found within a X-mile range of LINE.,0
Range Query,Show all LINE found within a X-mile range of POINT.,0
Range Query,Show all LINE found within a X-mile range of REGION.,0
Range Query,Show all POINT existing within a X-mile radius of LINE.,0
Range Query,Show all POINT existing within a X-mile radius of POINT.,0
Range Query,Show all POINT existing within a X-mile radius of REGION.,0
Range Query,Show all POINT found within a X-mile radius of LINE.,0
Range Query,Show all POINT found within a X-mile radius of POINT.,0
Range Query,Show all POINT found within a X-mile radius of REGION.,0
Range Query,Show all POINT found within a X-mile range of LINE.,0
Range Query,Show all POINT found within a X-mile range of POINT.,0
Range Query,Show all POINT found within a X-mile range of REGION.,0
Range Query,Show all REGION existing within a X-mile radius of LINE.,0
Range Query,Show all REGION existing within a X-mile radius of POINT.,0
Range Query,Show all REGION existing within a X-mile radius of REGION.,0
Range Query,Show all REGION found within a X-mile radius of LINE.,0
Range Query,Show all REGION found within a X-mile radius of POINT.,0
Range Query,Show all REGION found within a X-mile radius of REGION.,0
Range Query,Show all REGION found within a X-mile range of LINE.,0
Range Query,Show all REGION found within a X-mile range of POINT.,0
Range Query,Show all REGION found within a X-mile range of REGION.,0
Range Query,Show me all lines in LINE that are X km or less from LINE.,0
Range Query,Show me all lines in LINE that are X km or less from POINT.,0
Range Query,Show me all lines in LINE that are X km or less from REGION.,0
Range Query,Show me all points in POINT that are X km or less from LINE.,0
Range Query,Show me all points in POINT that are X km or less from POINT.,0
Range Query,Show me all points in POINT that are X km or less from REGION.,0
Range Query,Show me all regions in REGION that are X km or less from LINE.,0
Range Query,Show me all regions in REGION that are X km or less from POINT.,0
Range Query,Show me all regions in REGION that are X km or less from REGION.,0
Range Query,Show me the LINE on LINE.,0
Range Query,Show me the LINE on REGION.,0
Range Query,Show me the POINT on LINE.,0
Range Query,Show me the POINT on REGION.,0
Range Query,Show me the REGION on LINE.,0
Range Query,Show me the REGION on REGION.,0
Range Query,Spot all LINE within a X-mile radius of LINE.,0
Range Query,Spot all LINE within a X-mile radius of POINT.,0
Range Query,Spot all LINE within a X-mile radius of REGION.,0
Range Query,Spot all LINE within a X-mile range of LINE.,0
Range Query,Spot all LINE within a X-mile range of POINT.,0
Range Query,Spot all LINE within a X-mile range of REGION.,0
Range Query,Spot all POINT within a X-mile radius of LINE.,0
Range Query,Spot all POINT within a X-mile radius of POINT.,0
Range Query,Spot all POINT within a X-mile radius of REGION.,0
Range Query,Spot all POINT within a X-mile range of LINE.,0
Range Query,Spot all POINT within a X-mile range of POINT.,0
Range Query,Spot all POINT within a X-mile range of REGION.,0
Range Query,Spot all REGION within a X-mile radius of LINE.,0
Range Query,Spot all REGION within a X-mile radius of POINT.,0
Range Query,Spot all REGION within a X-mile radius of REGION.,0
Range Query,Spot all REGION within a X-mile range of LINE.,0
Range Query,Spot all REGION within a X-mile range of POINT.,0
Range Query,Spot all REGION within a X-mile range of REGION.,0
Range Query,Spotlight all LINE within a X-mile radius of LINE.,0
Range Query,Spotlight all LINE within a X-mile radius of POINT.,0
Range Query,Spotlight all LINE within a X-mile radius of REGION.,0
Range Query,Spotlight all POINT within a X-mile radius of LINE.,0
Range Query,Spotlight all POINT within a X-mile radius of POINT.,0
Range Query,Spotlight all POINT within a X-mile radius of REGION.,0
Range Query,Spotlight all REGION within a X-mile radius of LINE.,0
Range Query,Spotlight all REGION within a X-mile radius of POINT.,0
Range Query,Spotlight all REGION within a X-mile radius of REGION.,0
Range Query,Survey lines in LINE found within X kilometers from LINE.,0
Range Query,Survey lines in LINE found within X kilometers from POINT.,0
Range Query,Survey lines in LINE found within X kilometers from REGION.,0
Range Query,Survey points in POINT found within X kilometers from LINE.,0
Range Query,Survey points in POINT found within X kilometers from POINT.,0
Range Query,Survey points in POINT found within X kilometers from REGION.,0
Range Query,Survey regions in REGION found within X kilometers from LINE.,0
Range Query,Survey regions in REGION found within X kilometers from POINT.,0
Range Query,Survey regions in REGION found within X kilometers from REGION.,0
Range Query,Tell me what LINE are there in LINE?,0
Range Query,Tell me what LINE are there in REGION?,0
Range Query,Tell me what POINT are there in REGION?,0
Range Query,Tell me what REGION are there in REGION?,0
Range Query,Tell me which LINE are on LINE?,0
Range Query,Tell me which LINE are on REGION?,0
Range Query,Tell me which POINT are on LINE?,0
Range Query,Tell me which POINT are on REGION?,0
Range Query,Tell me which REGION are on LINE?,0
Range Query,Tell me which REGION are on REGION?,0
Range Query,Track down all LINE located within a X-mile range of LINE.,0
Range Query,Track down all LINE located within a X-mile range of POINT.,0
Range Query,Track down all LINE located within a X-mile range of REGION.,0
Range Query,Track down all LINE within a X-mile range of LINE.,0
Range Query,Track down all LINE within a X-mile range of POINT.,0
Range Query,Track down all LINE within a X-mile range of REGION.,0
Range Query,Track down all POINT located within a X-mile range of LINE.,0
Range Query,Track down all POINT located within a X-mile range of POINT.,0
Range Query,Track down all POINT located within a X-mile range of REGION.,0
Range Query,Track down all POINT within a X-mile range of LINE.,0
Range Query,Track down all POINT within a X-mile range of POINT.,0
Range Query,Track down all POINT within a X-mile range of REGION.,0
Range Query,Track down all REGION located within a X-mile range of LINE.,0
Range Query,Track down all REGION located within a X-mile range of POINT.,0
Range Query,Track down all REGION located within a X-mile range of REGION.,0
Range Query,Track down all REGION within a X-mile range of LINE.,0
Range Query,Track down all REGION within a X-mile range of POINT.,0
Range Query,Track down all REGION within a X-mile range of REGION.,0
Range Query,Uncover all LINE within a X-mile radius of LINE.,0
Range Query,Uncover all LINE within a X-mile radius of POINT.,0
Range Query,Uncover all LINE within a X-mile radius of REGION.,0
Range Query,Uncover all LINE within a X-mile range of LINE.,0
Range Query,Uncover all LINE within a X-mile range of POINT.,0
Range Query,Uncover all LINE within a X-mile range of REGION.,0
Range Query,Uncover all POINT within a X-mile radius of LINE.,0
Range Query,Uncover all POINT within a X-mile radius of POINT.,0
Range Query,Uncover all POINT within a X-mile radius of REGION.,0
Range Query,Uncover all POINT within a X-mile range of LINE.,0
Range Query,Uncover all POINT within a X-mile range of POINT.,0
Range Query,Uncover all POINT within a X-mile range of REGION.,0
Range Query,Uncover all REGION within a X-mile radius of LINE.,0
Range Query,Uncover all REGION within a X-mile radius of POINT.,0
Range Query,Uncover all REGION within a X-mile radius of REGION.,0
Range Query,Uncover all REGION within a X-mile range of LINE.,0
Range Query,Uncover all REGION within a X-mile range of POINT.,0
Range Query,Uncover all REGION within a X-mile range of REGION.,0
Range Query,Unearth all LINE within a X-mile radius of LINE.,0
Range Query,Unearth all LINE within a X-mile radius of POINT.,0
Range Query,Unearth all LINE within a X-mile radius of REGION.,0
Range Query,Unearth all LINE within a X-mile range of LINE.,0
Range Query,Unearth all LINE within a X-mile range of POINT.,0
Range Query,Unearth all LINE within a X-mile range of REGION.,0
Range Query,Unearth all POINT within a X-mile radius of LINE.,0
Range Query,Unearth all POINT within a X-mile radius of POINT.,0
Range Query,Unearth all POINT within a X-mile radius of REGION.,0
Range Query,Unearth all POINT within a X-mile range of LINE.,0
Range Query,Unearth all POINT within a X-mile range of POINT.,0
Range Query,Unearth all POINT within a X-mile range of REGION.,0
Range Query,Unearth all REGION within a X-mile radius of LINE.,0
Range Query,Unearth all REGION within a X-mile radius of POINT.,0
Range Query,Unearth all REGION within a X-mile radius of REGION.,0
Range Query,Unearth all REGION within a X-mile range of LINE.,0
Range Query,Unearth all REGION within a X-mile range of POINT.,0
Range Query,Unearth all REGION within a X-mile range of REGION.,0
Range Query,What are the LINE on the LINE?,0
Range Query,What are the LINE on the REGION?,0
Range Query,What are the LINE that cross the LINE?,0
Range Query,What are the LINE that cross the REGION?,0
Range Query,What are the LINE that run through the LINE?,0
Range Query,What are the LINE that run through the POINT?,0
Range Query,What are the LINE that run through the REGION?,0
Range Query,What are the POINT on the LINE?,0
Range Query,What are the POINT on the REGION?,0
Range Query,What are the REGION on the LINE?,0
Range Query,What are the REGION on the REGION?,0
Range Query,What are the REGION that cross the LINE?,0
Range Query,What are the REGION that cross the REGION?,0
Range Query,What are the REGION that run through the LINE?,0
Range Query,What are the REGION that run through the REGION?,0
Range Query,What LINE are there in LINE?,0
Range Query,What LINE are there in REGION?,0
Range Query,What LINE are there on LINE?,0
Range Query,What LINE are there on REGION?,0
Range Query,What LINE cross the LINE?,0
Range Query,What LINE cross the REGION?,0
Range Query,What LINE pass by LINE?,0
Range Query,What LINE pass by POINT?,0
Range Query,What LINE pass by REGION?,0
Range Query,What POINT are there in REGION?,0
Range Query,What POINT are there on LINE?,0
Range Query,What POINT are there on REGION?,0
Range Query,What POINT pass by LINE?,0
Range Query,What POINT pass by REGION?,0
Range Query,What REGION are there in REGION?,0
Range Query,What REGION are there on LINE?,0
Range Query,What REGION are there on REGION?,0
Range Query,What REGION cross the LINE?,0
Range Query,What REGION cross the REGION?,0
Range Query,What REGION pass by LINE?,0
Range Query,What REGION pass by POINT?,0
Range Query,What REGION pass by REGION?,0
Range Query,Which LINE are on LINE?,0
Range Query,Which LINE are on REGION?,0
Range Query,Which LINE flow through the LINE?,0
Range Query,Which LINE flow through the REGION?,0
Range Query,Which LINE intersect the LINE?,0
Range Query,Which LINE intersect the POINT?,0
Range Query,Which LINE intersect the REGION?,0
Range Query,Which LINE pass through the LINE?,0
Range Query,Which LINE pass through the POINT?,0
Range Query,Which LINE pass through the REGION?,0
Range Query,Which POINT are on REGION?,0
Range Query,Which POINT does the LINE flow through?,0
Range Query,Which POINT does the LINE go through?,0
Range Query,Which POINT intersect the LINE?,0
Range Query,Which POINT intersect the REGION?,0
Range Query,Which POINT pass through the LINE?,0
Range Query,Which POINT pass through the REGION?,0
Range Query,Which REGION are on REGION?,0
Range Query,Which REGION does the LINE flow through?,0
Range Query,Which REGION intersect the LINE?,0
Range Query,Which REGION intersect the POINT?,0
Range Query,Which REGION intersect the REGION?,0
Range Query,Which REGION pass through the LINE?,0
Range Query,Which REGION pass through the REGION?,0
Spatial Join Query,Can you tell me what are the LINE on REGION whose name starts with the letter *?,0
Spatial Join Query,Can you tell me what are the POINT on REGION whose name starts with the letter *?,0
Spatial Join Query,Can you tell me what are the REGION on REGION whose name starts with the letter *?,0
Spatial Join Query,Can you tell me which LINE are in each neighborhood in REGION?,0
Spatial Join Query,Can you tell me which LINE are in the neighborhoods in REGION?,0
Spatial Join Query,Can you tell me which LINE are in the neighborhoods whose names end with the letter * in REGION?,1
Spatial Join Query,Can you tell me which LINE are in the neighborhoods whose names start with the letter * in REGION?,1
Spatial Join Query,Can you tell me which POINT are in each neighborhood in REGION?,0
Spatial Join Query,Can you tell me which POINT are in the neighborhoods in REGION?,0
Spatial Join Query,Can you tell me which POINT are in the neighborhoods whose names end with the letter * in REGION?,1
Spatial Join Query,Can you tell me which POINT are in the neighborhoods whose names start with the letter * in REGION?,1
Spatial Join Query,Can you tell me which REGION are in each neighborhood in REGION?,0
Spatial Join Query,Can you tell me which REGION are in the neighborhoods in REGION?,0
Spatial Join Query,Can you tell me which REGION are in the neighborhoods whose names end with the letter * in REGION?,1
Spatial Join Query,Can you tell me which REGION are in the neighborhoods whose names start with the letter * in REGION?,1
Spatial Join Query,Can you tell me which REGION these LINE are located in?,1
Spatial Join Query,Can you tell me which REGION these POINT are located in?,1
Spatial Join Query,Can you tell me which REGION these REGION are located in?,1
Spatial Join Query,Can you tell me which REGION these X LINE are located in?,1
Spatial Join Query,Can you tell me which REGION these X POINT are located in?,1
Spatial Join Query,Can you tell me which REGION these X REGION are located in?,1
Spatial Join Query,Find the LINE situated in REGION.,0
Spatial Join Query,Find the LINE situated within X kilometers of REGION.,0
Spatial Join Query,Find the LINE that are located in REGION.,0
Spatial Join Query,Find the LINE that are within the boundaries of REGION.,0
Spatial Join Query,Find the LINE that are within the REGION.,0
Spatial Join Query,Find the POINT situated in LINE.,0
Spatial Join Query,Find the POINT situated in REGION.,0
Spatial Join Query,Find the POINT situated within X kilometers of REGION.,0
Spatial Join Query,Find the POINT that are located in REGION.,0
Spatial Join Query,Find the POINT that are within the boundaries of REGION.,0
Spatial Join Query,Find the POINT that are within the REGION.,0
Spatial Join Query,Find the REGION situated in REGION.,0
Spatial Join Query,Find the REGION situated within X kilometers of REGION.,0
Spatial Join Query,Find the REGION that are located in REGION.,0
Spatial Join Query,Find the REGION that are within the boundaries of REGION.,0
Spatial Join Query,Find the REGION that are within REGION.,0
Spatial Join Query,Identify the LINE in REGION.,0
Spatial Join Query,Identify the LINE of REGION.,0
Spatial Join Query,Identify the LINE situated in REGION.,0
Spatial Join Query,Identify the LINE that are situated within REGION.,0
Spatial Join Query,Identify the LINE that are within REGION.,0
Spatial Join Query,Identify the POINT in REGION.,0
Spatial Join Query,Identify the POINT located in REGION.,0
Spatial Join Query,Identify the POINT of REGION.,0
Spatial Join Query,Identify the POINT situated in REGION.,0
Spatial Join Query,Identify the POINT that are situated within REGION.,0
Spatial Join Query,Identify the POINT that are within REGION.,0
Spatial Join Query,Identify the REGION in REGION.,0
Spatial Join Query,Identify the REGION of REGION.,0
Spatial Join Query,Identify the REGION situated in REGION.,0
Spatial Join Query,Identify the REGION that are situated within REGION.,0
Spatial Join Query,Identify the REGION that are within REGION.,0
Spatial Join Query,In what REGION are these LINE located?,1
Spatial Join Query,In what REGION are these POINT located?,1
Spatial Join Query,In what REGION are these REGION located?,1
Spatial Join Query,In which REGION are these LINE located?,1
Spatial Join Query,In which REGION are these POINT located?,1
Spatial Join Query,In which REGION are these REGION located?,1
Spatial Join Query,List the LINE located in REGION.,0
Spatial Join Query,List the LINE located within X kilometers of REGION.,0
Spatial Join Query,List the LINE situated in REGION.,0
Spatial Join Query,List the LINE situated within REGION.,0
Spatial Join Query,List the LINE that are within REGION.,0
Spatial Join Query,List the LINE that are within the boundaries of REGION.,0
Spatial Join Query,List the LINE within REGION.,0
Spatial Join Query,List the LINE within the boundaries of REGION.,0
Spatial Join Query,List the POINT located in REGION.,0
Spatial Join Query,List the POINT located within X kilometers of REGION.,0
Spatial Join Query,List the POINT situated in REGION.,0
Spatial Join Query,List the POINT situated within the REGION.,0
Spatial Join Query,List the POINT that are within REGION.,0
Spatial Join Query,List the POINT that are within the boundaries of REGION.,0
Spatial Join Query,List the POINT within REGION.,0
Spatial Join Query,List the POINT within the boundaries of REGION.,0
Spatial Join Query,List the POINT within the REGION.,0
Spatial Join Query,List the REGION located in REGION.,0
Spatial Join Query,List the REGION located within X kilometers of REGION.,0
Spatial Join Query,List the REGION situated in REGION.,0
Spatial Join Query,List the REGION situated within the REGION.,0
Spatial Join Query,List the REGION that are within REGION.,0
Spatial Join Query,List the REGION that are within the boundaries of REGION.,0
Spatial Join Query,List the REGION within REGION.,0
Spatial Join Query,List the REGION within the boundaries of REGION.,0
Spatial Join Query,Locate the LINE in REGION.,0
Spatial Join Query,Locate the LINE situated in REGION.,0
Spatial Join Query,Locate the LINE that are situated within the boundaries of REGION.,0
Spatial Join Query,Locate the LINE that are within REGION.,0
Spatial Join Query,Locate the LINE within REGION.,0
Spatial Join Query,Locate the POINT in REGION.,0
Spatial Join Query,Locate the POINT situated in REGION.,0
Spatial Join Query,Locate the POINT that are situated within the boundaries of REGION.,0
Spatial Join Query,Locate the POINT that are within REGION.,0
Spatial Join Query,Locate the POINT within REGION.,0
Spatial Join Query,Locate the REGION in REGION.,0
Spatial Join Query,Locate the REGION situated in REGION.,0
Spatial Join Query,Locate the REGION that are situated within the boundaries of REGION.,0
Spatial Join Query,Locate the REGION that are within REGION.,0
Spatial Join Query,Locate the REGION within REGION.,0
Spatial Join Query,On which LINE are all the POINT located?,1
Spatial Join Query,On which LINE are POINT located?,0
Spatial Join Query,On which LINE are POINT with * in their names?,1
Spatial Join Query,On which LINE are these POINT located?,1
Spatial Join Query,Please list the LINE in each region in REGION separately.,0
Spatial Join Query,Please list the LINE in each region in REGION.,0
Spatial Join Query,Please list the LINE in REGION separately.,0
Spatial Join Query,Please list the LINE of each region in REGION whose name begins with the letter *.,1
Spatial Join Query,Please list the LINE where REGION is located.,0
Spatial Join Query,Please list the LINE that each LINE in REGION passes through.,2
Spatial Join Query,Please list the LINE that each LINE whose name begins with the letter * goes through.,1
Spatial Join Query,Please list the LINE that intersect any LINE in REGION.,2
Spatial Join Query,Please list the LINE that intersect LINE with more than X nodes.,1
Spatial Join Query,Please list the LINE that intersect the LINE whose names begin with the letter * in REGION.,2
Spatial Join Query,Please list the LINE with a length of more than X kilometers that intersect any LINE in REGION.,2
Spatial Join Query,Please list the LINE with a population of more than X that each LINE passes through.,1
Spatial Join Query,Please list the POINT in each region in REGION separately.,1
Spatial Join Query,Please list the POINT in each region in REGION.,1
Spatial Join Query,Please list the POINT in REGION separately.,0
Spatial Join Query,Please list the POINT of each region in REGION whose name begins with the letter *.,1
Spatial Join Query,Please list the POINT that each LINE in REGION passes through.,2
Spatial Join Query,Please list the POINT that each LINE whose name begins with the letter * goes through.,1
Spatial Join Query,Please list the POINT with a population of more than X that each LINE passes through.,1
Spatial Join Query,Please list the REGION have an area of less than X square kilometers in each REGION.,1
Spatial Join Query,Please list the REGION have an area of less than X square kilometers in REGION whose names begin with the letter *.,1
Spatial Join Query,Please list the REGION in each region in REGION separately.,1
Spatial Join Query,Please list the REGION in each region in REGION.,1
Spatial Join Query,Please list the REGION in REGION separately.,0
Spatial Join Query,Please list the REGION in which these LINE are located.,1
Spatial Join Query,Please list the REGION in which these POINT are located.,1
Spatial Join Query,Please list the REGION in which these REGION are located.,1
Spatial Join Query,Please list the REGION of each region in REGION whose name begins with the letter *.,0
Spatial Join Query,Please list the REGION that each LINE in REGION passes through.,2
Spatial Join Query,Please list the REGION that each LINE whose name begins with the letter * goes through.,1
Spatial Join Query,Please list the REGION with a population of more than X that each LINE passes through.,1
Spatial Join Query,Provide a list of LINE which located in REGION.,0
Spatial Join Query,Provide a list of LINE which situated in REGION.,0
Spatial Join Query,Provide a list of POINT which located in REGION.,0
Spatial Join Query,Provide a list of POINT which situated in REGION.,0
Spatial Join Query,Provide a list of REGION which located in REGION.,0
Spatial Join Query,Provide a list of REGION which situated in REGION.,0
Spatial Join Query,Show all LINE that intersect with REGION.,0
Spatial Join Query,Show all LINE that intersect with LINE.,0
Spatial Join Query,Show me LINE that are located in REGION.,0
Spatial Join Query,Show me LINE that are situated in REGION.,0
Spatial Join Query,Show me LINE that are within the boundaries of REGION.,0
Spatial Join Query,Show me LINE which located within X miles of REGION.,0
Spatial Join Query,Show me LINE which situated within X kilometers of REGION.,0
Spatial Join Query,Show me POINT that are located in LINE.,0
Spatial Join Query,Show me POINT that are located in REGION.,0
Spatial Join Query,Show me POINT that are situated in LINE.,0
Spatial Join Query,Show me POINT that are situated in REGION.,0
Spatial Join Query,Show me POINT that are within the boundaries of REGION.,0
Spatial Join Query,Show me POINT which located within X miles of LINE.,0
Spatial Join Query,Show me POINT which located within X miles of REGION.,0
Spatial Join Query,Show me POINT which situated within X kilometers of LINE.,0
Spatial Join Query,Show me POINT which situated within X kilometers of REGION.,0
Spatial Join Query,Show me REGION that are located in REGION.,0
Spatial Join Query,Show me REGION that are situated in REGION.,0
Spatial Join Query,Show me REGION that are within the boundaries of REGION.,0
Spatial Join Query,Show me REGION which located within X miles of REGION.,0
Spatial Join Query,Show me REGION which situated within X kilometers of REGION.,0
Spatial Join Query,Tell me what are the LINE in each region of REGION.,1
Spatial Join Query,Tell me what are the POINT in each region of REGION.,1
Spatial Join Query,Tell me what are the REGION in each region of REGION.,1
Spatial Join Query,Tell me what LINE are available in all the region in REGION.,1
Spatial Join Query,Tell me what LINE are there in each region of REGION.,1
Spatial Join Query,Tell me what LINE are available in all the region in REGION.,1
Spatial Join Query,Tell me what POINT are available in all the region in REGION.,1
Spatial Join Query,Tell me what POINT are there in each region of REGION.,1
Spatial Join Query,Tell me what POINT are available in all the region in REGION.,1
Spatial Join Query,Tell me what REGION are available in all the region in REGION.,1
Spatial Join Query,Tell me what REGION are there in each region of REGION.,1
Spatial Join Query,Tell me what REGION are available in all the region in REGION.,1
Spatial Join Query,Tell me which LINE are in each region in REGION.,1
Spatial Join Query,Tell me which LINE are in REGION.,0
Spatial Join Query,Tell me which LINE are the LINE in REGION located on.,2
Spatial Join Query,Tell me which LINE are the LINE located in REGION.,2
Spatial Join Query,Tell me which LINE are the POINT in REGION located on.,2
Spatial Join Query,Tell me which LINE are the POINT located in REGION.,2
Spatial Join Query,Tell me which LINE are the REGION in REGION located on.,2
Spatial Join Query,Tell me which LINE are the REGION located in REGION.,2
Spatial Join Query,Tell me which LINE each LINE in REGION intersects with.,2
Spatial Join Query,Tell me which LINE each LINE in REGION flows through.,2
Spatial Join Query,Tell me which LINE each LINE in REGION intersects.,2
Spatial Join Query,Tell me which LINE each LINE in REGION passes through.,2
Spatial Join Query,Tell me which LINE the POINT in REGION are located on.,2
Spatial Join Query,Tell me which LINE the REGION in REGION are located on.,2
Spatial Join Query,Tell me which LINE these POINT are on.,1
Spatial Join Query,Tell me which LINE these REGION are on.,1
Spatial Join Query,Tell me which POINT are in each region in REGION.,1
Spatial Join Query,Tell me which POINT are in REGION.,1
Spatial Join Query,Tell me which POINT each LINE in REGION passes through.,2
Spatial Join Query,Tell me which REGION are in each region in REGION.,1
Spatial Join Query,Tell me which REGION are in REGION.,0
Spatial Join Query,Tell me which REGION are the LINE in REGION located on.,2
Spatial Join Query,Tell me which REGION are the LINE located in REGION.,2
Spatial Join Query,Tell me which REGION are the POINT in REGION located on.,2
Spatial Join Query,Tell me which REGION are the POINT located in REGION.,2
Spatial Join Query,Tell me which REGION are the REGION in REGION located on.,2
Spatial Join Query,Tell me which REGION are the REGION located in REGION.,2
Spatial Join Query,Tell me which REGION each LINE in REGION passes through.,2
Spatial Join Query,Tell me which REGION these POINT are on.,1
Spatial Join Query,Tell me which REGION these POINT in REGION are located at.,2
Spatial Join Query,Tell me which REGION these REGION are on.,1
Spatial Join Query,Tell me which REGION these REGION in REGION are located at.,2
Spatial Join Query,What are the LINE in the region whose names start with the letter * in REGION?,1
Spatial Join Query,What are the LINE in the REGION whose names start with the letter *?,0
Spatial Join Query,What are the POINT in the region whose names start with the letter * in REGION?,1
Spatial Join Query,What are the POINT in the REGION whose names start with the letter *?,0
Spatial Join Query,What are the REGION in the region whose names start with the letter * in REGION?,1
Spatial Join Query,What are the REGION in the REGION whose names start with the letter *?,0
Spatial Join Query,What LINE are there in each region of REGION?,1
Spatial Join Query,What LINE are there in the region called REGION?,0
Spatial Join Query,What LINE is POINT on?,1
Spatial Join Query,What POINT are there in each region of REGION?,1
Spatial Join Query,What POINT are there in the region called REGION?,0
Spatial Join Query,What POINT are there in each REGION of REGION?,2
Spatial Join Query,What POINT are there on each REGION in REGION?,2
Spatial Join Query,What REGION are there in each region of REGION?,1
Spatial Join Query,What REGION are there in the region called REGION?,0
Spatial Join Query,What REGION are region in REGION located in?,1
Spatial Join Query,What REGION are there on each REGION in REGION?,1
Spatial Join Query,Which LINE are in each region in REGION?,0
Spatial Join Query,Which LINE are located in each region of REGION?,1
Spatial Join Query,Which LINE have more than X line in each region of REGION?,1
Spatial Join Query,Which LINE have more than X line in the region whose names begin with the letter * in REGION?,1
Spatial Join Query,Which LINE does line in REGION flow through?,1
Spatial Join Query,Which POINT are in each region in REGION?,1
Spatial Join Query,Which POINT are located in each region of REGION?,1
Spatial Join Query,Which POINT are located on the region of REGION?,0
Spatial Join Query,Which POINT are there in the region of REGION?,0
Spatial Join Query,Which POINT have more than X point in each region of REGION?,1
Spatial Join Query,Which POINT have more than X point in the region whose names begin with the letter * in REGION?,1
Spatial Join Query,Which REGION are in each region in REGION?,1
Spatial Join Query,Which REGION are located in each region of REGION?,1
Spatial Join Query,Which REGION are located on the region of REGION?,0
Spatial Join Query,Which REGION are there in the region of REGION?,1
Spatial Join Query,Which REGION have more than X region in each region of REGION?,1
Spatial Join Query,Which REGION have more than X region in the region whose names begin with the letter * in REGION?,1